Miesiąc estymacji,Stacja,Czyja (w danym miesiącu),Kto (kogo estymacja),Estymacja (wartość liczbowa),channel provys,Nazwa stacji TechEdge,channel nielsen,Share
2026_01,Polsat,Maciej,DT,0.074457635,Polsat,Polsat,Polsat,0.077139
2026_01,Fokus TV,Adam,DT,0.0087592375,Fokus TV,Fokus TV,Fokus TV,0.00905
2026_01,Nowa TV,Adam,DT,0.004378602499999999,Nowa TV,Nowa TV,Nowa TV,0.00404
2026_01,Eleven Sports 1,Adam,DT,0.0019749,Eleven Sports 1,Eleven Sports 1,Eleven Sports 1 [Eleven],0.002738
2026_01,Disco Polo Music,Adam,DT,0.0006225750000000001,Disco Polo Music,Disco Polo Music,Disco Polo Music,0.00074
2026_01,Puls 2,Agata,DT,0.018133185,Puls 2,Puls 2,Puls 2,0.017112
2026_01,Zoom TV,Agata,DT,0.00541648,Zoom TV,ZOOM,ZOOM [Zoom TV],0.003983
2026_01,SPI Kino Polska,Agata,DT,0.0030044975,SPI Kino Polska,Kino Polska,Kino Polska,0.003144
2026_01,History,Agata,DT,0.0029652000000000003,History,History,HISTORY,0.002876
2026_01,CI Polsat,Agata,DT,0.0013470375,CI Polsat,CI Polsat,CI Polsat [Polsat Crime & Investigation Network],0.000882
2026_01,Polsat News,Dariusz,DT,0.01078209,Polsat News,Polsat News,Polsat News,0.010342
2026_01,Stopklatka,Dariusz,DT,0.01193805,Stopklatka,Stopklatka,Stopklatka,0.011416
2026_01,Wydarzenia24,Dariusz,DT,0.0117842625,Wydarzenia24,Wydarzenia24,Wydarzenia 24 [Superstacja],0.010814
2026_01,Puls,Łukasz,DT,0.04009425,Puls,TV PULS,TV PULS [PULS],0.03677
2026_01,Polsat 2,Łukasz,DT,0.00830725,Polsat 2,Polsat2,Polsat2,0.0088
2026_01,Polsat Film,Łukasz,DT,0.0056263575,Polsat Film,Polsat Film,Polsat Film,0.006042
2026_01,Polsat Sport 1,Łukasz,DT,0.00311885,Polsat Sport 1,Polsat Sport 1,Polsat Sport 1 [Polsat Sport],0.00435
2026_01,Polsat Viasat History,Łukasz,DT,0.0019252950000000003,Polsat Viasat History,Polsat Viasat History,Polsat Viasat History [Viasat History],0.001348
2026_01,Polsat Viasat Explore,Łukasz,DT,0.0009431999999999999,Polsat Viasat Explore,Polsat Viasat Explore,Polsat Viasat Explore [Polsat Viasat Explorer],0.001025
2026_01,Szóstka,Piotr,DT,0.016271605,Szóstka,TV6,TV6,0.018304
2026_01,Super Polsat,Piotr,DT,0.01116027,Super Polsat,Super Polsat,Super Polsat [Polsat Sport News],0.011641
2026_01,WPOLSCE24,Piotr,DT,0.006165720000000001,WPOLSCE24,wPolsce24,wPolsce24 [Telewizja WPOLSCE.PL],0.008309
2026_01,AXN,Piotr,DT,0.0029623275,AXN,AXN,AXN,0.002885
2026_01,BBC First,Piotr,DT,0.0017207875,BBC First,BBC First,BBC First [BBC HD],0.002051
2026_01,Polsat Play,Rafał,DT,0.004352104999999999,Polsat Play,Polsat Play,Polsat Play,0.003567
2026_01,Polo TV,Rafał,DT,0.0034123575,Polo TV,Polo TV,Polo TV,0.003395
2026_01,SPI Kino TV,Rafał,DT,0.0028494675000000002,SPI Kino TV,FILMBOX+ One,FILMBOX+ One [Kino TV],0.002601
2026_01,Eska TV,Rafał,DT,0.003706065,Eska TV,Eska TV [8TV],Eska TV [8TV],0.002654
2026_01,AMC,Rafał,DT,0.001880505,AMC,AMC,AMC [MGM],0.002417
2026_01,Czwórka,Wiola,DT,0.030075574999999997,Czwórka,TV4 pl,TV4,0.030407
2026_01,TV Republika,Wiola,DT,0.03273655,TV Republika,Republika,Republika [TV Republika],0.035888
2026_01,WP,Wiola,DT,0.005928480000000001,WP,WP,WP,0.005719
2026_01,Polsat Seriale,Wiola,DT,0.003417075,Polsat Seriale,Polsat Seriale,Polsat Seriale [Polsat Romans],0.003984
2026_01,Polsat Cafe,Wiola,DT,0.00366045,Polsat Cafe,Polsat Cafe,Polsat Cafe,0.003274
2026_01,NBCU 13 Ulica,Wiola,DT,0.0016604775,NBCU 13 Ulica,13 Ulica,13 Ulica [13th Street Universal],0.001607
2026_01,4FUN.TV,Wiola,DT,0.0019874,4FUN.TV,4FUN.TV,4FUN.TV [4fun.tv],0.001643
2026_01,Stars.tv,Wiola,DT,0.0020787525,Stars.tv,Stars.tv,Stars.tv,0.002136
2026_01,BBC Earth,Piotr,DT,0.001458225,BBC Earth,BBC Earth,BBC Earth [BBC Knowledge],0.00163
2026_01,AXN White,Piotr,DT,0.000799425,AXN White,AXN White,AXN White [AXN Crime],0.000732
2026_01,History2,Agata,DT,0.0018830999999999997,History2,History2 [H2],HISTORY2 [H2],0.001773
2026_01,Polsat Doku,Dariusz,DT,0.0013653875,Polsat Doku,Polsat Doku,Polsat Doku,0.001215
2026_01,Polsat Sport 2,Adam,DT,0.0009001575,Polsat Sport 2,Polsat Sport 2,Polsat Sport 2 [Polsat Sport Extra],0.000786
2026_01,Polsat JimJam,Dariusz,DT,0.0009645900000000001,Polsat JimJam,Polsat JimJam,Polsat JimJam [JimJam],0.001101
2026_01,Epic Drama,Łukasz,DT,0.0007902,Epic Drama,Viasat Epic Drama,Viasat Epic Drama [Epic Drama],0.000879
2026_01,NBCU SciFi Universal,Łukasz,DT,0.00096129,NBCU SciFi Universal,Scifi Universal,Scifi Universal,0.00169
2026_01,4FUN KIDS,Wiola,DT,0.00055348,4FUN KIDS,4FUN KIDS,4FUN KIDS [4FUN GOLD],0.00021
2026_01,Polsat News 2,Dariusz,DT,0.0006352525000000001,Polsat News 2,Polsat News 2,Polsat News 2 [Polsat Biznes],0.000762
2026_01,BBC CBeebies,Dariusz,DT,0.00128403,BBC CBeebies,BBC CBeebies,BBC CBeebies,0.001758
2026_01,AXN Black,Piotr,DT,0.0013154625,AXN Black,AXN Black,AXN Black [AXN Sci-Fi],0.001828
2026_01,Polsat Rodzina,Piotr,DT,0.0010323225,Polsat Rodzina,Polsat Rodzina,Polsat Rodzina,0.000939
2026_01,SPI Kino Polska Muzyka,Agata,DT,0.0005328675,SPI Kino Polska Muzyka,Kino Polska Muzyka,Kino Polska Muzyka,0.000273
2026_01,Polsat Viasat Nature,Łukasz,DT,0.0005147999999999999,Polsat Viasat Nature,Polsat Viasat Nature,Polsat Viasat Nature [Viasat Nature],0.000487
2026_01,TELE5,Adam,DT,0.001013265,TELE5,Tele5,Tele5,0.001111
2026_01,BBC Brit,Piotr,DT,0.0006315749999999999,BBC Brit,BBC Brit,BBC Brit [BBC Entertainment],0.000556
2026_01,Eska TV Extra,Adam,DT,0.00041481000000000005,Eska TV Extra,Eska Extra [Eska TV],Eska TV Extra [Eska TV],0.000417
2026_01,BBC Lifestyle,Piotr,DT,0.00074235,BBC Lifestyle,BBC Lifestyle,BBC Lifestyle,0.000684
2026_01,4FUN DANCE,Wiola,DT,0.000417635,4FUN DANCE,4FUN DANCE,4FUN DANCE [4FUN FIT&DANCE],0.00037
2026_01,Polsat Music,Piotr,DT,0.0005226,Polsat Music,Polsat Music HD,Polsat Music HD [Muzo.tv],0.000324
2026_01,Polsat Games,Łukasz,DT,0.0003589125,Polsat Games,Polsat Games,Polsat Games,0.000408
2026_01,Polsat Sport 3,Rafał,DT,0.000487845,Polsat Sport 3,Polsat Sport 3,Polsat Sport 3 [Polsat Sport News HD],0.000543
2026_01,Extreme Sports,Łukasz,DT,8.46e-05,Extreme Sports,Extreme Sports,Extreme Sports,4.4e-05
2026_01,Vox Music TV,Adam,DT,0.00027026999999999997,Vox Music TV,Vox Music TV,Vox Music TV,0.000384
2026_01,AXN Spin,Piotr,DT,0.0001338,AXN Spin,AXN Spin,AXN Spin,0.00015
2026_01,Eska Rock TV,Adam,DT,0.000385875,Eska Rock TV,Eska Rock TV,Eska Rock TV [HIP HOP TV],0.000467
2026_01,Eleven Sports 2,Łukasz,DT,0.0007117875,Eleven Sports 2,Eleven Sports 2,Eleven Sports 2 [Eleven Sports],0.001061
2026_01,NBCU E Entertainment,Wiola,DT,0.00010568249999999999,NBCU E Entertainment,E!Entertainment,E!Entertainment [E!],6.8e-05
2026_01,POLONIA1,Adam,DT,0.00024214749999999996,POLONIA1,Polonia 1,Polonia1,0.000228
2026_01,Sundance TV,Agata,DT,9.82225e-05,Sundance TV,Sundance Channel,Sundance Channel,0.000142
2026_01,Novela TV,Dariusz,DT,8.029499999999999e-05,Novela TV,Novela TV,Novela TV,0.000106
2026_01,SPI Gametoon,Agata,DT,5.3707499999999994e-05,SPI Gametoon,Gametoon,Gametoon,2.8e-05
2026_01,Golf Zone,Agata,DT,2.7225e-05,Golf Zone,Golf Zone,Golf Zone [Golf Channel Polska],5e-05
2026_01,Water Planet,Adam,DT,5.048999999999999e-05,Water Planet,Water Planet,Water Planet [CSB TV],4.9e-05
2026_01,Polsat Film 2,Łukasz,DT,0.00026723250000000007,Polsat Film 2,Polsat Film 2,Polsat Film 2,0.000488
2026_01,Polsat Reality,Rafał,DT,0.00026889750000000005,Polsat Reality,Polsat Reality,Polsat Reality,0.000609
2026_01,Polsat X,Rafał,DT,0.000186875,Polsat X,Polsat X,Polsat X,0.000322
2026_01,DaVinci,Dariusz,DT,0.00011615,DaVinci,Da Vinci,Da Vinci [Da Vinci Learning],0.00011
2026_01,TVT,Łukasz,DT,9.8475e-06,TVT,TVT,TVT,4.1e-05
2026_01,FILMBOX Premium,Łukasz,DT,0.00034427249999999997,FILMBOX Premium,FILMBOX+ Hits,FILMBOX+ Hits [FILMBOX Premium],0.000226
2026_01,Ale Kino+,Agata,DT,0.001170675,Ale Kino+,Ale Kino+,Ale Kino+ [Ale Kino],0.001649
2026_01,Canal+ Domo,Wiola,DT,0.0010496475,Canal+ Domo,CANAL+ DOMO,CANAL+ DOMO [Domo+],0.001252
2026_01,Planete+,Dariusz,DT,0.0011053349999999998,Planete+,Planete+,Planete+ [Planete],0.001568
2026_01,MiniMini+,Dariusz,DT,0.00227058,MiniMini+,MiniMini+,MiniMini+ [MiniMini],0.001289
2026_01,teleTOON+,Dariusz,DT,0.00039129749999999993,teleTOON+,teleTOON+,teleTOON+ [ZigZap/Hyper],0.000355
2026_01,Novelas+,Agata,DT,0.000982275,Novelas+,Novelas,Novelas,0.002415
2026_01,CANAL+ KUCHNIA,Wiola,DT,0.0014819225,CANAL+ KUCHNIA,CANAL+ KUCHNIA,CANAL+ KUCHNIA [kuchnia+],0.001008
2026_01,Canal+ 360,Rafał,DT,0.000752895,Canal+ 360,CANAL+ 360,Canal+ 360 [Canal+ Family],0.00104
2026_01,Canal+ Sport,Łukasz,DT,0.000615595,Canal+ Sport,Canal+ Sport,CANAL+ SPORT [Canal+ Niebieski],0.000711
2026_01,Canal+ Sport2,Adam,DT,0.0002508,Canal+ Sport2,Canal+ Sport2,CANAL+ SPORT2,8.6e-05
2026_01,Canal+ Sport3,Adam,DT,0.00017,Canal+ Sport3,CANAL+ SPORT3,CANAL+ SPORT3,0.000438
2026_01,Canal+ Sport4,Rafał,DT,8.538750000000001e-05,Canal+ Sport4,CANAL+ SPORT4,CANAL+ SPORT4,3e-05
2026_01,Canal+ Sport5,Rafał,DT,0.0006646125,Canal+ Sport5,Canal+ SPORT5,CANAL+ SPORT5 [nSport+],0.000197
2026_01,CANAL+ Extra1,Łukasz,DT,0.00045935999999999997,CANAL+ Extra1,CANAL+ Extra 1,CANAL+ EXTRA 1,0.001044
2026_01,CANAL+ Extra2,Łukasz,DT,5.88325e-05,CANAL+ Extra2,CANAL+ Extra 2,CANAL+ EXTRA 2,
2026_01,Viasat True Crime,Rafał,DT,0.0003615975,Viasat True Crime,Viasat True Crime,Viasat True Crime,0.000309
2026_01,Novelas+1,Agata,DT,0.00012751250000000002,Novelas+1,Novelas+1,Novelas+1 [DIZI],5.2e-05
2026_01,Kabaret TV,Rafał,DT,0.00182608,Kabaret TV,Kabaret TV,Kabaret TV,0.001646
2026_01,Polsat News Polityka,Dariusz,DT,0.0005464799999999999,Polsat News Polityka,Polsat News Polityka,Polsat News Polityka,0.000442
2026_01,CANAL+ Seriale,Wiola,DT,5e-05,CANAL+ Seriale,Canal+ Seriale,Canal+ Seriale [Canal+ Film 2],0.000209
2026_01,CANAL+ Dokument,Wiola,DT,5e-05,CANAL+ Dokument,Canal+ Dokument,Canal+ Dokument [Canal+ Discovery],0.00035
2026_01,DocuBox,Wiola,DT,5e-05,DocuBox,DocuBox,DocuBox,9.5e-05
2026_01,FILMBOX Action,Wiola,DT,5e-05,FILMBOX Action,FILMBOX+ Action,FILMBOX+ Action [FILMBOX Action],0.000215
2026_01,FILMBOX Extra,Wiola,DT,5e-05,FILMBOX Extra,FILMBOX+ Emotion,FILMBOX+ Emotion [FILMBOX Extra],0.000197
2026_01,FILMBOX Family,Wiola,DT,5e-05,FILMBOX Family,FILMBOX+ Comedy,FILMBOX+ Comedy [FILMBOX Family],0.000168
2026_01,TVN,,DT,0.0798654975,TVN,TVN,TVN,0.076727
2026_01,TVP1,,DT,0.044211419999999994,TVP1,TVP1,TVP1,0.045056
2026_01,TVP2,,DT,0.050212505,TVP2,TVP2,TVP2,0.050029
2026_01,Polsat,Maciej,MJ,0.069,Polsat,Polsat,Polsat,0.077139
2026_01,Fokus TV,Adam,MJ,0.00954,Fokus TV,Fokus TV,Fokus TV,0.00905
2026_01,Nowa TV,Adam,MJ,0.00478,Nowa TV,Nowa TV,Nowa TV,0.00404
2026_01,Eleven Sports 1,Adam,MJ,0.0026,Eleven Sports 1,Eleven Sports 1,Eleven Sports 1 [Eleven],0.002738
2026_01,Disco Polo Music,Adam,MJ,0.0007744628482972135,Disco Polo Music,Disco Polo Music,Disco Polo Music,0.00074
2026_01,Puls 2,Agata,MJ,0.0165,Puls 2,Puls 2,Puls 2,0.017112
2026_01,Zoom TV,Agata,MJ,0.0047,Zoom TV,ZOOM,ZOOM [Zoom TV],0.003983
2026_01,SPI Kino Polska,Agata,MJ,0.0033,SPI Kino Polska,Kino Polska,Kino Polska,0.003144
2026_01,History,Agata,MJ,0.002924669383762635,History,History,HISTORY,0.002876
2026_01,CI Polsat,Agata,MJ,0.0012464967320261438,CI Polsat,CI Polsat,CI Polsat [Polsat Crime & Investigation Network],0.000882
2026_01,Polsat News,Dariusz,MJ,0.010263120879120877,Polsat News,Polsat News,Polsat News,0.010342
2026_01,Stopklatka,Dariusz,MJ,0.0126,Stopklatka,Stopklatka,Stopklatka,0.011416
2026_01,Wydarzenia24,Dariusz,MJ,0.010963691388325685,Wydarzenia24,Wydarzenia24,Wydarzenia 24 [Superstacja],0.010814
2026_01,Puls,Łukasz,MJ,0.03870197413071597,Puls,TV PULS,TV PULS [PULS],0.03677
2026_01,Polsat 2,Łukasz,MJ,0.009218918830024667,Polsat 2,Polsat2,Polsat2,0.0088
2026_01,Polsat Film,Łukasz,MJ,0.0067,Polsat Film,Polsat Film,Polsat Film,0.006042
2026_01,Polsat Sport 1,Łukasz,MJ,0.0038,Polsat Sport 1,Polsat Sport 1,Polsat Sport 1 [Polsat Sport],0.00435
2026_01,Polsat Viasat History,Łukasz,MJ,0.00195,Polsat Viasat History,Polsat Viasat History,Polsat Viasat History [Viasat History],0.001348
2026_01,Polsat Viasat Explore,Łukasz,MJ,0.001239355618776671,Polsat Viasat Explore,Polsat Viasat Explore,Polsat Viasat Explore [Polsat Viasat Explorer],0.001025
2026_01,Szóstka,Piotr,MJ,0.017201964841960606,Szóstka,TV6,TV6,0.018304
2026_01,Super Polsat,Piotr,MJ,0.0112,Super Polsat,Super Polsat,Super Polsat [Polsat Sport News],0.011641
2026_01,WPOLSCE24,Piotr,MJ,0.00653,WPOLSCE24,wPolsce24,wPolsce24 [Telewizja WPOLSCE.PL],0.008309
2026_01,AXN,Piotr,MJ,0.00248,AXN,AXN,AXN,0.002885
2026_01,BBC First,Piotr,MJ,0.0017643058568329716,BBC First,BBC First,BBC First [BBC HD],0.002051
2026_01,Polsat Play,Rafał,MJ,0.0051,Polsat Play,Polsat Play,Polsat Play,0.003567
2026_01,Polo TV,Rafał,MJ,0.00363,Polo TV,Polo TV,Polo TV,0.003395
2026_01,SPI Kino TV,Rafał,MJ,0.0028377079505859997,SPI Kino TV,FILMBOX+ One,FILMBOX+ One [Kino TV],0.002601
2026_01,Eska TV,Rafał,MJ,0.0035069639376218314,Eska TV,Eska TV [8TV],Eska TV [8TV],0.002654
2026_01,AMC,Rafał,MJ,0.00213,AMC,AMC,AMC [MGM],0.002417
2026_01,Czwórka,Wiola,MJ,0.030504741600207295,Czwórka,TV4 pl,TV4,0.030407
2026_01,TV Republika,Wiola,MJ,0.0311,TV Republika,Republika,Republika [TV Republika],0.035888
2026_01,WP,Wiola,MJ,0.00488,WP,WP,WP,0.005719
2026_01,Polsat Seriale,Wiola,MJ,0.003744318584070796,Polsat Seriale,Polsat Seriale,Polsat Seriale [Polsat Romans],0.003984
2026_01,Polsat Cafe,Wiola,MJ,0.003647045695045695,Polsat Cafe,Polsat Cafe,Polsat Cafe,0.003274
2026_01,NBCU 13 Ulica,Wiola,MJ,0.00157,NBCU 13 Ulica,13 Ulica,13 Ulica [13th Street Universal],0.001607
2026_01,4FUN.TV,Wiola,MJ,0.00172,4FUN.TV,4FUN.TV,4FUN.TV [4fun.tv],0.001643
2026_01,Stars.tv,Wiola,MJ,0.00184,Stars.tv,Stars.tv,Stars.tv,0.002136
2026_01,BBC Earth,Piotr,MJ,0.00148,BBC Earth,BBC Earth,BBC Earth [BBC Knowledge],0.00163
2026_01,AXN White,Piotr,MJ,0.00095,AXN White,AXN White,AXN White [AXN Crime],0.000732
2026_01,History2,Agata,MJ,0.0015791433628318582,History2,History2 [H2],HISTORY2 [H2],0.001773
2026_01,Polsat Doku,Dariusz,MJ,0.0016597562264150944,Polsat Doku,Polsat Doku,Polsat Doku,0.001215
2026_01,Polsat Sport 2,Adam,MJ,0.0009,Polsat Sport 2,Polsat Sport 2,Polsat Sport 2 [Polsat Sport Extra],0.000786
2026_01,Polsat JimJam,Dariusz,MJ,0.000893424317617866,Polsat JimJam,Polsat JimJam,Polsat JimJam [JimJam],0.001101
2026_01,Epic Drama,Łukasz,MJ,0.000894698318496538,Epic Drama,Viasat Epic Drama,Viasat Epic Drama [Epic Drama],0.000879
2026_01,NBCU SciFi Universal,Łukasz,MJ,0.0005396574690770694,NBCU SciFi Universal,Scifi Universal,Scifi Universal,0.00169
2026_01,4FUN KIDS,Wiola,MJ,0.00063,4FUN KIDS,4FUN KIDS,4FUN KIDS [4FUN GOLD],0.00021
2026_01,Polsat News 2,Dariusz,MJ,0.0008330285714285715,Polsat News 2,Polsat News 2,Polsat News 2 [Polsat Biznes],0.000762
2026_01,BBC CBeebies,Dariusz,MJ,0.00087,BBC CBeebies,BBC CBeebies,BBC CBeebies,0.001758
2026_01,AXN Black,Piotr,MJ,0.00139,AXN Black,AXN Black,AXN Black [AXN Sci-Fi],0.001828
2026_01,Polsat Rodzina,Piotr,MJ,0.00123,Polsat Rodzina,Polsat Rodzina,Polsat Rodzina,0.000939
2026_01,SPI Kino Polska Muzyka,Agata,MJ,0.0004982993492407809,SPI Kino Polska Muzyka,Kino Polska Muzyka,Kino Polska Muzyka,0.000273
2026_01,Polsat Viasat Nature,Łukasz,MJ,0.00042,Polsat Viasat Nature,Polsat Viasat Nature,Polsat Viasat Nature [Viasat Nature],0.000487
2026_01,TELE5,Adam,MJ,0.001,TELE5,Tele5,Tele5,0.001111
2026_01,BBC Brit,Piotr,MJ,0.00043,BBC Brit,BBC Brit,BBC Brit [BBC Entertainment],0.000556
2026_01,Eska TV Extra,Adam,MJ,0.00029271751412429377,Eska TV Extra,Eska Extra [Eska TV],Eska TV Extra [Eska TV],0.000417
2026_01,BBC Lifestyle,Piotr,MJ,0.0007496866242038216,BBC Lifestyle,BBC Lifestyle,BBC Lifestyle,0.000684
2026_01,4FUN DANCE,Wiola,MJ,0.00028649999999999997,4FUN DANCE,4FUN DANCE,4FUN DANCE [4FUN FIT&DANCE],0.00037
2026_01,Polsat Music,Piotr,MJ,0.000525340206185567,Polsat Music,Polsat Music HD,Polsat Music HD [Muzo.tv],0.000324
2026_01,Polsat Games,Łukasz,MJ,0.00018234146341463412,Polsat Games,Polsat Games,Polsat Games,0.000408
2026_01,Polsat Sport 3,Rafał,MJ,0.0007394597156398105,Polsat Sport 3,Polsat Sport 3,Polsat Sport 3 [Polsat Sport News HD],0.000543
2026_01,Extreme Sports,Łukasz,MJ,8.303333333333334e-06,Extreme Sports,Extreme Sports,Extreme Sports,4.4e-05
2026_01,Vox Music TV,Adam,MJ,0.0002755393258426966,Vox Music TV,Vox Music TV,Vox Music TV,0.000384
2026_01,AXN Spin,Piotr,MJ,0.0001244245283018868,AXN Spin,AXN Spin,AXN Spin,0.00015
2026_01,Eska Rock TV,Adam,MJ,0.00038,Eska Rock TV,Eska Rock TV,Eska Rock TV [HIP HOP TV],0.000467
2026_01,Eleven Sports 2,Łukasz,MJ,4.5e-05,Eleven Sports 2,Eleven Sports 2,Eleven Sports 2 [Eleven Sports],0.001061
2026_01,NBCU E Entertainment,Wiola,MJ,9.019540229885056e-05,NBCU E Entertainment,E!Entertainment,E!Entertainment [E!],6.8e-05
2026_01,POLONIA1,Adam,MJ,0.0003256066666666667,POLONIA1,Polonia 1,Polonia1,0.000228
2026_01,Sundance TV,Agata,MJ,6.163934426229507e-05,Sundance TV,Sundance Channel,Sundance Channel,0.000142
2026_01,Novela TV,Dariusz,MJ,0.0004,Novela TV,Novela TV,Novela TV,0.000106
2026_01,SPI Gametoon,Agata,MJ,9.546341463414634e-05,SPI Gametoon,Gametoon,Gametoon,2.8e-05
2026_01,Golf Zone,Agata,MJ,3.555555555555556e-05,Golf Zone,Golf Zone,Golf Zone [Golf Channel Polska],5e-05
2026_01,Water Planet,Adam,MJ,3.2e-05,Water Planet,Water Planet,Water Planet [CSB TV],4.9e-05
2026_01,Polsat Film 2,Łukasz,MJ,0.0003,Polsat Film 2,Polsat Film 2,Polsat Film 2,0.000488
2026_01,Polsat Reality,Rafał,MJ,0.00054,Polsat Reality,Polsat Reality,Polsat Reality,0.000609
2026_01,Polsat X,Rafał,MJ,0.00037,Polsat X,Polsat X,Polsat X,0.000322
2026_01,DaVinci,Dariusz,MJ,8.080985915492956e-05,DaVinci,Da Vinci,Da Vinci [Da Vinci Learning],0.00011
2026_01,TVT,Łukasz,MJ,0.0001,TVT,TVT,TVT,4.1e-05
2026_01,FILMBOX Premium,Łukasz,MJ,0.00035000000000000005,FILMBOX Premium,FILMBOX+ Hits,FILMBOX+ Hits [FILMBOX Premium],0.000226
2026_01,Ale Kino+,Agata,MJ,0.00128,Ale Kino+,Ale Kino+,Ale Kino+ [Ale Kino],0.001649
2026_01,Canal+ Domo,Wiola,MJ,0.001,Canal+ Domo,CANAL+ DOMO,CANAL+ DOMO [Domo+],0.001252
2026_01,Planete+,Dariusz,MJ,0.00121,Planete+,Planete+,Planete+ [Planete],0.001568
2026_01,MiniMini+,Dariusz,MJ,0.002533642495784148,MiniMini+,MiniMini+,MiniMini+ [MiniMini],0.001289
2026_01,teleTOON+,Dariusz,MJ,0.00041772926829268287,teleTOON+,teleTOON+,teleTOON+ [ZigZap/Hyper],0.000355
2026_01,Novelas+,Agata,MJ,0.00146,Novelas+,Novelas,Novelas,0.002415
2026_01,CANAL+ KUCHNIA,Wiola,MJ,0.00121,CANAL+ KUCHNIA,CANAL+ KUCHNIA,CANAL+ KUCHNIA [kuchnia+],0.001008
2026_01,Canal+ 360,Rafał,MJ,0.00065,Canal+ 360,CANAL+ 360,Canal+ 360 [Canal+ Family],0.00104
2026_01,Canal+ Sport,Łukasz,MJ,0.0004415611814345991,Canal+ Sport,Canal+ Sport,CANAL+ SPORT [Canal+ Niebieski],0.000711
2026_01,Canal+ Sport2,Adam,MJ,5.150769230769231e-05,Canal+ Sport2,Canal+ Sport2,CANAL+ SPORT2,8.6e-05
2026_01,Canal+ Sport3,Adam,MJ,0.00026030647482014384,Canal+ Sport3,CANAL+ SPORT3,CANAL+ SPORT3,0.000438
2026_01,Canal+ Sport4,Rafał,MJ,6.827472527472528e-05,Canal+ Sport4,CANAL+ SPORT4,CANAL+ SPORT4,3e-05
2026_01,Canal+ Sport5,Rafał,MJ,0.00023702970297029703,Canal+ Sport5,Canal+ SPORT5,CANAL+ SPORT5 [nSport+],0.000197
2026_01,CANAL+ Extra1,Łukasz,MJ,0.0006,CANAL+ Extra1,CANAL+ Extra 1,CANAL+ EXTRA 1,0.001044
2026_01,CANAL+ Extra2,Łukasz,MJ,0.0002,CANAL+ Extra2,CANAL+ Extra 2,CANAL+ EXTRA 2,
2026_01,Viasat True Crime,Rafał,MJ,0.00045,Viasat True Crime,Viasat True Crime,Viasat True Crime,0.000309
2026_01,Novelas+1,Agata,MJ,1e-05,Novelas+1,Novelas+1,Novelas+1 [DIZI],5.2e-05
2026_01,Kabaret TV,Rafał,MJ,0.0017499999999999998,Kabaret TV,Kabaret TV,Kabaret TV,0.001646
2026_01,Polsat News Polityka,Dariusz,MJ,0.00063,Polsat News Polityka,Polsat News Polityka,Polsat News Polityka,0.000442
2026_01,TVN,,MJ,0.077,TVN,TVN,TVN,0.076727
2026_01,TVP1,,MJ,0.04528165473506201,TVP1,TVP1,TVP1,0.045056
2026_01,TVP2,,MJ,0.04774648434053816,TVP2,TVP2,TVP2,0.050029
2026_01,Polsat,Maciej,AKB,0.07330516288267701,Polsat,Polsat,Polsat,0.077139
2026_01,Fokus TV,Adam,AKB,0.00940107868489102,Fokus TV,Fokus TV,Fokus TV,0.00905
2026_01,Nowa TV,Adam,AKB,0.004041659010966273,Nowa TV,Nowa TV,Nowa TV,0.00404
2026_01,Eleven Sports 1,Adam,AKB,0.002144549083503055,Eleven Sports 1,Eleven Sports 1,Eleven Sports 1 [Eleven],0.002738
2026_01,Disco Polo Music,Adam,AKB,0.0006950749601275915,Disco Polo Music,Disco Polo Music,Disco Polo Music,0.00074
2026_01,Puls 2,Agata,AKB,0.01692726582084507,Puls 2,Puls 2,Puls 2,0.017112
2026_01,Zoom TV,Agata,AKB,0.005216591569918558,Zoom TV,ZOOM,ZOOM [Zoom TV],0.003983
2026_01,SPI Kino Polska,Agata,AKB,0.002990472645429363,SPI Kino Polska,Kino Polska,Kino Polska,0.003144
2026_01,History,Agata,AKB,0.0028307444507683554,History,History,HISTORY,0.002876
2026_01,CI Polsat,Agata,AKB,0.0009570090699999999,CI Polsat,CI Polsat,CI Polsat [Polsat Crime & Investigation Network],0.000882
2026_01,Polsat News,Dariusz,AKB,0.009861220994475138,Polsat News,Polsat News,Polsat News,0.010342
2026_01,Stopklatka,Dariusz,AKB,0.011937596742081448,Stopklatka,Stopklatka,Stopklatka,0.011416
2026_01,Wydarzenia24,Dariusz,AKB,0.010232564850387885,Wydarzenia24,Wydarzenia24,Wydarzenia 24 [Superstacja],0.010814
2026_01,Puls,Łukasz,AKB,0.037312531153505114,Puls,TV PULS,TV PULS [PULS],0.03677
2026_01,Polsat 2,Łukasz,AKB,0.008817545088377076,Polsat 2,Polsat2,Polsat2,0.0088
2026_01,Polsat Film,Łukasz,AKB,0.006262004796718974,Polsat Film,Polsat Film,Polsat Film,0.006042
2026_01,Polsat Sport 1,Łukasz,AKB,0.0032288949340659335,Polsat Sport 1,Polsat Sport 1,Polsat Sport 1 [Polsat Sport],0.00435
2026_01,Polsat Viasat History,Łukasz,AKB,0.0016082493403693932,Polsat Viasat History,Polsat Viasat History,Polsat Viasat History [Viasat History],0.001348
2026_01,Polsat Viasat Explore,Łukasz,AKB,0.0012652314410480348,Polsat Viasat Explore,Polsat Viasat Explore,Polsat Viasat Explore [Polsat Viasat Explorer],0.001025
2026_01,Szóstka,Piotr,AKB,0.01651867742434663,Szóstka,TV6,TV6,0.018304
2026_01,Super Polsat,Piotr,AKB,0.010485925083293667,Super Polsat,Super Polsat,Super Polsat [Polsat Sport News],0.011641
2026_01,WPOLSCE24,Piotr,AKB,0.006858743994280267,WPOLSCE24,wPolsce24,wPolsce24 [Telewizja WPOLSCE.PL],0.008309
2026_01,AXN,Piotr,AKB,0.0027267573195355883,AXN,AXN,AXN,0.002885
2026_01,BBC First,Piotr,AKB,0.0019341788856304983,BBC First,BBC First,BBC First [BBC HD],0.002051
2026_01,Polsat Play,Rafał,AKB,0.004614724281984334,Polsat Play,Polsat Play,Polsat Play,0.003567
2026_01,Polo TV,Rafał,AKB,0.0040359024612579755,Polo TV,Polo TV,Polo TV,0.003395
2026_01,SPI Kino TV,Rafał,AKB,0.0034707917683990236,SPI Kino TV,FILMBOX+ One,FILMBOX+ One [Kino TV],0.002601
2026_01,Eska TV,Rafał,AKB,0.0027221749072929543,Eska TV,Eska TV [8TV],Eska TV [8TV],0.002654
2026_01,AMC,Rafał,AKB,0.0016397451682176093,AMC,AMC,AMC [MGM],0.002417
2026_01,Czwórka,Wiola,AKB,0.02940743830787309,Czwórka,TV4 pl,TV4,0.030407
2026_01,TV Republika,Wiola,AKB,0.030375530234293388,TV Republika,Republika,Republika [TV Republika],0.035888
2026_01,WP,Wiola,AKB,0.004811850347132938,WP,WP,WP,0.005719
2026_01,Polsat Seriale,Wiola,AKB,0.003749562755962419,Polsat Seriale,Polsat Seriale,Polsat Seriale [Polsat Romans],0.003984
2026_01,Polsat Cafe,Wiola,AKB,0.0038470270270270263,Polsat Cafe,Polsat Cafe,Polsat Cafe,0.003274
2026_01,NBCU 13 Ulica,Wiola,AKB,0.0014628637849618598,NBCU 13 Ulica,13 Ulica,13 Ulica [13th Street Universal],0.001607
2026_01,4FUN.TV,Wiola,AKB,0.0018211709724047307,4FUN.TV,4FUN.TV,4FUN.TV [4fun.tv],0.001643
2026_01,Stars.tv,Wiola,AKB,0.0017962823654390937,Stars.tv,Stars.tv,Stars.tv,0.002136
2026_01,BBC Earth,Piotr,AKB,0.0012830430861723446,BBC Earth,BBC Earth,BBC Earth [BBC Knowledge],0.00163
2026_01,AXN White,Piotr,AKB,0.0006841223529411766,AXN White,AXN White,AXN White [AXN Crime],0.000732
2026_01,History2,Agata,AKB,0.0016247121081081081,History2,History2 [H2],HISTORY2 [H2],0.001773
2026_01,Polsat Doku,Dariusz,AKB,0.0013936334082397003,Polsat Doku,Polsat Doku,Polsat Doku,0.001215
2026_01,Polsat Sport 2,Adam,AKB,0.0011413507951356409,Polsat Sport 2,Polsat Sport 2,Polsat Sport 2 [Polsat Sport Extra],0.000786
2026_01,Polsat JimJam,Dariusz,AKB,0.0010420179190751444,Polsat JimJam,Polsat JimJam,Polsat JimJam [JimJam],0.001101
2026_01,Epic Drama,Łukasz,AKB,0.0009120757225433527,Epic Drama,Viasat Epic Drama,Viasat Epic Drama [Epic Drama],0.000879
2026_01,NBCU SciFi Universal,Łukasz,AKB,0.000719126442812172,NBCU SciFi Universal,Scifi Universal,Scifi Universal,0.00169
2026_01,4FUN KIDS,Wiola,AKB,0.0007179924098671727,4FUN KIDS,4FUN KIDS,4FUN KIDS [4FUN GOLD],0.00021
2026_01,Polsat News 2,Dariusz,AKB,0.0006866307692307691,Polsat News 2,Polsat News 2,Polsat News 2 [Polsat Biznes],0.000762
2026_01,BBC CBeebies,Dariusz,AKB,0.0007614,BBC CBeebies,BBC CBeebies,BBC CBeebies,0.001758
2026_01,AXN Black,Piotr,AKB,0.0015840178571428574,AXN Black,AXN Black,AXN Black [AXN Sci-Fi],0.001828
2026_01,Polsat Rodzina,Piotr,AKB,0.0009104142857142858,Polsat Rodzina,Polsat Rodzina,Polsat Rodzina,0.000939
2026_01,SPI Kino Polska Muzyka,Agata,AKB,0.000520948905109489,SPI Kino Polska Muzyka,Kino Polska Muzyka,Kino Polska Muzyka,0.000273
2026_01,Polsat Viasat Nature,Łukasz,AKB,0.0005183824884792626,Polsat Viasat Nature,Polsat Viasat Nature,Polsat Viasat Nature [Viasat Nature],0.000487
2026_01,TELE5,Adam,AKB,0.000966369190140845,TELE5,Tele5,Tele5,0.001111
2026_01,BBC Brit,Piotr,AKB,0.0004997762174405436,BBC Brit,BBC Brit,BBC Brit [BBC Entertainment],0.000556
2026_01,Eska TV Extra,Adam,AKB,0.00036313712686567164,Eska TV Extra,Eska Extra [Eska TV],Eska TV Extra [Eska TV],0.000417
2026_01,BBC Lifestyle,Piotr,AKB,0.0007292568370986922,BBC Lifestyle,BBC Lifestyle,BBC Lifestyle,0.000684
2026_01,4FUN DANCE,Wiola,AKB,0.0004334813278008299,4FUN DANCE,4FUN DANCE,4FUN DANCE [4FUN FIT&DANCE],0.00037
2026_01,Polsat Music,Piotr,AKB,0.00041365448916408663,Polsat Music,Polsat Music HD,Polsat Music HD [Muzo.tv],0.000324
2026_01,Polsat Games,Łukasz,AKB,0.0003891097922848665,Polsat Games,Polsat Games,Polsat Games,0.000408
2026_01,Polsat Sport 3,Rafał,AKB,0.0006575025917926567,Polsat Sport 3,Polsat Sport 3,Polsat Sport 3 [Polsat Sport News HD],0.000543
2026_01,Extreme Sports,Łukasz,AKB,4.1097345132743365e-05,Extreme Sports,Extreme Sports,Extreme Sports,4.4e-05
2026_01,Vox Music TV,Adam,AKB,0.00022034793103448271,Vox Music TV,Vox Music TV,Vox Music TV,0.000384
2026_01,AXN Spin,Piotr,AKB,0.00011976923076923078,AXN Spin,AXN Spin,AXN Spin,0.00015
2026_01,Eska Rock TV,Adam,AKB,0.0001432558139534884,Eska Rock TV,Eska Rock TV,Eska Rock TV [HIP HOP TV],0.000467
2026_01,Eleven Sports 2,Łukasz,AKB,0.0004981442477876106,Eleven Sports 2,Eleven Sports 2,Eleven Sports 2 [Eleven Sports],0.001061
2026_01,NBCU E Entertainment,Wiola,AKB,0.00014336,NBCU E Entertainment,E!Entertainment,E!Entertainment [E!],6.8e-05
2026_01,POLONIA1,Adam,AKB,0.00021934049079754602,POLONIA1,Polonia 1,Polonia1,0.000228
2026_01,Sundance TV,Agata,AKB,9.28e-05,Sundance TV,Sundance Channel,Sundance Channel,0.000142
2026_01,Novela TV,Dariusz,AKB,0.00016677857142857145,Novela TV,Novela TV,Novela TV,0.000106
2026_01,SPI Gametoon,Agata,AKB,4.1679069767441856e-05,SPI Gametoon,Gametoon,Gametoon,2.8e-05
2026_01,Golf Zone,Agata,AKB,1.8777777777777774e-05,Golf Zone,Golf Zone,Golf Zone [Golf Channel Polska],5e-05
2026_01,Water Planet,Adam,AKB,3.392e-05,Water Planet,Water Planet,Water Planet [CSB TV],4.9e-05
2026_01,Polsat Film 2,Łukasz,AKB,0.00028215,Polsat Film 2,Polsat Film 2,Polsat Film 2,0.000488
2026_01,Polsat Reality,Rafał,AKB,0.000269,Polsat Reality,Polsat Reality,Polsat Reality,0.000609
2026_01,Polsat X,Rafał,AKB,0.00028305,Polsat X,Polsat X,Polsat X,0.000322
2026_01,DaVinci,Dariusz,AKB,8.904635761589404e-05,DaVinci,Da Vinci,Da Vinci [Da Vinci Learning],0.00011
2026_01,TVT,Łukasz,AKB,6.46e-05,TVT,TVT,TVT,4.1e-05
2026_01,FILMBOX Premium,Łukasz,AKB,0.000221,FILMBOX Premium,FILMBOX+ Hits,FILMBOX+ Hits [FILMBOX Premium],0.000226
2026_01,Ale Kino+,Agata,AKB,0.001476157300275482,Ale Kino+,Ale Kino+,Ale Kino+ [Ale Kino],0.001649
2026_01,Canal+ Domo,Wiola,AKB,0.0010053156164383562,Canal+ Domo,CANAL+ DOMO,CANAL+ DOMO [Domo+],0.001252
2026_01,Planete+,Dariusz,AKB,0.001276,Planete+,Planete+,Planete+ [Planete],0.001568
2026_01,MiniMini+,Dariusz,AKB,0.0017981658778625953,MiniMini+,MiniMini+,MiniMini+ [MiniMini],0.001289
2026_01,teleTOON+,Dariusz,AKB,0.0003875742128935532,teleTOON+,teleTOON+,teleTOON+ [ZigZap/Hyper],0.000355
2026_01,Novelas+,Agata,AKB,0.0014470534193548386,Novelas+,Novelas,Novelas,0.002415
2026_01,CANAL+ KUCHNIA,Wiola,AKB,0.0009587170626349892,CANAL+ KUCHNIA,CANAL+ KUCHNIA,CANAL+ KUCHNIA [kuchnia+],0.001008
2026_01,Canal+ 360,Rafał,AKB,0.0008029921568627452,Canal+ 360,CANAL+ 360,Canal+ 360 [Canal+ Family],0.00104
2026_01,Canal+ Sport,Łukasz,AKB,0.00040814723926380374,Canal+ Sport,Canal+ Sport,CANAL+ SPORT [Canal+ Niebieski],0.000711
2026_01,Canal+ Sport2,Adam,AKB,0.00031831896551724146,Canal+ Sport2,Canal+ Sport2,CANAL+ SPORT2,8.6e-05
2026_01,Canal+ Sport3,Adam,AKB,0.00018617809096732867,Canal+ Sport3,CANAL+ SPORT3,CANAL+ SPORT3,0.000438
2026_01,Canal+ Sport4,Rafał,AKB,3.1146067415730336e-05,Canal+ Sport4,CANAL+ SPORT4,CANAL+ SPORT4,3e-05
2026_01,Canal+ Sport5,Rafał,AKB,0.00030581369863013697,Canal+ Sport5,Canal+ SPORT5,CANAL+ SPORT5 [nSport+],0.000197
2026_01,CANAL+ Extra1,Łukasz,AKB,0.0003202092233009709,CANAL+ Extra1,CANAL+ Extra 1,CANAL+ EXTRA 1,0.001044
2026_01,CANAL+ Extra2,Łukasz,AKB,0.000135,CANAL+ Extra2,CANAL+ Extra 2,CANAL+ EXTRA 2,
2026_01,Viasat True Crime,Rafał,AKB,0.0004619723270440252,Viasat True Crime,Viasat True Crime,Viasat True Crime,0.000309
2026_01,Novelas+1,Agata,AKB,7.029166666666666e-05,Novelas+1,Novelas+1,Novelas+1 [DIZI],5.2e-05
2026_01,Kabaret TV,Rafał,AKB,0.0016945157480314959,Kabaret TV,Kabaret TV,Kabaret TV,0.001646
2026_01,Polsat News Polityka,Dariusz,AKB,0.0005893166355140189,Polsat News Polityka,Polsat News Polityka,Polsat News Polityka,0.000442
2026_01,CANAL+ Seriale,Wiola,AKB,8.800000000000001e-05,CANAL+ Seriale,Canal+ Seriale,Canal+ Seriale [Canal+ Film 2],0.000209
2026_01,CANAL+ Dokument,Wiola,AKB,8.800000000000001e-05,CANAL+ Dokument,Canal+ Dokument,Canal+ Dokument [Canal+ Discovery],0.00035
2026_01,DocuBox,Wiola,AKB,7.2e-05,DocuBox,DocuBox,DocuBox,9.5e-05
2026_01,FILMBOX Action,Wiola,AKB,7.2e-05,FILMBOX Action,FILMBOX+ Action,FILMBOX+ Action [FILMBOX Action],0.000215
2026_01,FILMBOX Extra,Wiola,AKB,7.2e-05,FILMBOX Extra,FILMBOX+ Emotion,FILMBOX+ Emotion [FILMBOX Extra],0.000197
2026_01,FILMBOX Family,Wiola,AKB,7.2e-05,FILMBOX Family,FILMBOX+ Comedy,FILMBOX+ Comedy [FILMBOX Family],0.000168
2026_01,TVN,,AKB,0.07481358650411861,TVN,TVN,TVN,0.076727
2026_01,TVP1,,AKB,0.04500268302550572,TVP1,TVP1,TVP1,0.045056
2026_01,TVP2,,AKB,0.04551957534399073,TVP2,TVP2,TVP2,0.050029
2026_01,Polsat,Maciej,KB,0.0718,Polsat,Polsat,Polsat,0.077139
2026_01,Fokus TV,Adam,KB,0.009,Fokus TV,Fokus TV,Fokus TV,0.00905
2026_01,Nowa TV,Adam,KB,0.004,Nowa TV,Nowa TV,Nowa TV,0.00404
2026_01,Eleven Sports 1,Adam,KB,0.0018,Eleven Sports 1,Eleven Sports 1,Eleven Sports 1 [Eleven],0.002738
2026_01,Disco Polo Music,Adam,KB,0.0007,Disco Polo Music,Disco Polo Music,Disco Polo Music,0.00074
2026_01,Puls 2,Agata,KB,0.0175,Puls 2,Puls 2,Puls 2,0.017112
2026_01,Zoom TV,Agata,KB,0.0048,Zoom TV,ZOOM,ZOOM [Zoom TV],0.003983
2026_01,SPI Kino Polska,Agata,KB,0.0028,SPI Kino Polska,Kino Polska,Kino Polska,0.003144
2026_01,History,Agata,KB,0.0027,History,History,HISTORY,0.002876
2026_01,CI Polsat,Agata,KB,0.0014,CI Polsat,CI Polsat,CI Polsat [Polsat Crime & Investigation Network],0.000882
2026_01,Polsat News,Dariusz,KB,0.0112,Polsat News,Polsat News,Polsat News,0.010342
2026_01,Stopklatka,Dariusz,KB,0.0115,Stopklatka,Stopklatka,Stopklatka,0.011416
2026_01,Wydarzenia24,Dariusz,KB,0.0115,Wydarzenia24,Wydarzenia24,Wydarzenia 24 [Superstacja],0.010814
2026_01,Puls,Łukasz,KB,0.0392,Puls,TV PULS,TV PULS [PULS],0.03677
2026_01,Polsat 2,Łukasz,KB,0.008,Polsat 2,Polsat2,Polsat2,0.0088
2026_01,Polsat Film,Łukasz,KB,0.0059,Polsat Film,Polsat Film,Polsat Film,0.006042
2026_01,Polsat Sport 1,Łukasz,KB,0.0034,Polsat Sport 1,Polsat Sport 1,Polsat Sport 1 [Polsat Sport],0.00435
2026_01,Polsat Viasat History,Łukasz,KB,0.002,Polsat Viasat History,Polsat Viasat History,Polsat Viasat History [Viasat History],0.001348
2026_01,Polsat Viasat Explore,Łukasz,KB,0.001,Polsat Viasat Explore,Polsat Viasat Explore,Polsat Viasat Explore [Polsat Viasat Explorer],0.001025
2026_01,Szóstka,Piotr,KB,0.0165,Szóstka,TV6,TV6,0.018304
2026_01,Super Polsat,Piotr,KB,0.0108,Super Polsat,Super Polsat,Super Polsat [Polsat Sport News],0.011641
2026_01,WPOLSCE24,Piotr,KB,0.0058,WPOLSCE24,wPolsce24,wPolsce24 [Telewizja WPOLSCE.PL],0.008309
2026_01,AXN,Piotr,KB,0.0032,AXN,AXN,AXN,0.002885
2026_01,BBC First,Piotr,KB,0.0017,BBC First,BBC First,BBC First [BBC HD],0.002051
2026_01,Polsat Play,Rafał,KB,0.0047,Polsat Play,Polsat Play,Polsat Play,0.003567
2026_01,Polo TV,Rafał,KB,0.0035,Polo TV,Polo TV,Polo TV,0.003395
2026_01,SPI Kino TV,Rafał,KB,0.003,SPI Kino TV,FILMBOX+ One,FILMBOX+ One [Kino TV],0.002601
2026_01,Eska TV,Rafał,KB,0.0034,Eska TV,Eska TV [8TV],Eska TV [8TV],0.002654
2026_01,AMC,Rafał,KB,0.0018,AMC,AMC,AMC [MGM],0.002417
2026_01,Czwórka,Wiola,KB,0.0305,Czwórka,TV4 pl,TV4,0.030407
2026_01,TV Republika,Wiola,KB,0.0318,TV Republika,Republika,Republika [TV Republika],0.035888
2026_01,WP,Wiola,KB,0.006,WP,WP,WP,0.005719
2026_01,Polsat Seriale,Wiola,KB,0.0035,Polsat Seriale,Polsat Seriale,Polsat Seriale [Polsat Romans],0.003984
2026_01,Polsat Cafe,Wiola,KB,0.0035,Polsat Cafe,Polsat Cafe,Polsat Cafe,0.003274
2026_01,NBCU 13 Ulica,Wiola,KB,0.0018,NBCU 13 Ulica,13 Ulica,13 Ulica [13th Street Universal],0.001607
2026_01,4FUN.TV,Wiola,KB,0.0021,4FUN.TV,4FUN.TV,4FUN.TV [4fun.tv],0.001643
2026_01,Stars.tv,Wiola,KB,0.0018,Stars.tv,Stars.tv,Stars.tv,0.002136
2026_01,BBC Earth,Piotr,KB,0.0014,BBC Earth,BBC Earth,BBC Earth [BBC Knowledge],0.00163
2026_01,AXN White,Piotr,KB,0.001,AXN White,AXN White,AXN White [AXN Crime],0.000732
2026_01,History2,Agata,KB,0.002,History2,History2 [H2],HISTORY2 [H2],0.001773
2026_01,Polsat Doku,Dariusz,KB,0.0015,Polsat Doku,Polsat Doku,Polsat Doku,0.001215
2026_01,Polsat Sport 2,Adam,KB,0.0008,Polsat Sport 2,Polsat Sport 2,Polsat Sport 2 [Polsat Sport Extra],0.000786
2026_01,Polsat JimJam,Dariusz,KB,0.0012,Polsat JimJam,Polsat JimJam,Polsat JimJam [JimJam],0.001101
2026_01,Epic Drama,Łukasz,KB,0.0007,Epic Drama,Viasat Epic Drama,Viasat Epic Drama [Epic Drama],0.000879
2026_01,NBCU SciFi Universal,Łukasz,KB,0.0008,NBCU SciFi Universal,Scifi Universal,Scifi Universal,0.00169
2026_01,4FUN KIDS,Wiola,KB,0.0005,4FUN KIDS,4FUN KIDS,4FUN KIDS [4FUN GOLD],0.00021
2026_01,Polsat News 2,Dariusz,KB,0.0005,Polsat News 2,Polsat News 2,Polsat News 2 [Polsat Biznes],0.000762
2026_01,BBC CBeebies,Dariusz,KB,0.0014,BBC CBeebies,BBC CBeebies,BBC CBeebies,0.001758
2026_01,AXN Black,Piotr,KB,0.0011,AXN Black,AXN Black,AXN Black [AXN Sci-Fi],0.001828
2026_01,Polsat Rodzina,Piotr,KB,0.0008,Polsat Rodzina,Polsat Rodzina,Polsat Rodzina,0.000939
2026_01,SPI Kino Polska Muzyka,Agata,KB,0.0005,SPI Kino Polska Muzyka,Kino Polska Muzyka,Kino Polska Muzyka,0.000273
2026_01,Polsat Viasat Nature,Łukasz,KB,0.0004,Polsat Viasat Nature,Polsat Viasat Nature,Polsat Viasat Nature [Viasat Nature],0.000487
2026_01,TELE5,Adam,KB,0.0011,TELE5,Tele5,Tele5,0.001111
2026_01,BBC Brit,Piotr,KB,0.0005,BBC Brit,BBC Brit,BBC Brit [BBC Entertainment],0.000556
2026_01,Eska TV Extra,Adam,KB,0.0005,Eska TV Extra,Eska Extra [Eska TV],Eska TV Extra [Eska TV],0.000417
2026_01,BBC Lifestyle,Piotr,KB,0.0008,BBC Lifestyle,BBC Lifestyle,BBC Lifestyle,0.000684
2026_01,4FUN DANCE,Wiola,KB,0.0003,4FUN DANCE,4FUN DANCE,4FUN DANCE [4FUN FIT&DANCE],0.00037
2026_01,Polsat Music,Piotr,KB,0.0005,Polsat Music,Polsat Music HD,Polsat Music HD [Muzo.tv],0.000324
2026_01,Polsat Games,Łukasz,KB,0.0005,Polsat Games,Polsat Games,Polsat Games,0.000408
2026_01,Polsat Sport 3,Rafał,KB,0.0006,Polsat Sport 3,Polsat Sport 3,Polsat Sport 3 [Polsat Sport News HD],0.000543
2026_01,Extreme Sports,Łukasz,KB,0.0001,Extreme Sports,Extreme Sports,Extreme Sports,4.4e-05
2026_01,Vox Music TV,Adam,KB,0.0002,Vox Music TV,Vox Music TV,Vox Music TV,0.000384
2026_01,AXN Spin,Piotr,KB,0.0001,AXN Spin,AXN Spin,AXN Spin,0.00015
2026_01,Eska Rock TV,Adam,KB,0.0003,Eska Rock TV,Eska Rock TV,Eska Rock TV [HIP HOP TV],0.000467
2026_01,Eleven Sports 2,Łukasz,KB,0.0004,Eleven Sports 2,Eleven Sports 2,Eleven Sports 2 [Eleven Sports],0.001061
2026_01,NBCU E Entertainment,Wiola,KB,0.0001,NBCU E Entertainment,E!Entertainment,E!Entertainment [E!],6.8e-05
2026_01,POLONIA1,Adam,KB,0.0001,POLONIA1,Polonia 1,Polonia1,0.000228
2026_01,Sundance TV,Agata,KB,0.0001,Sundance TV,Sundance Channel,Sundance Channel,0.000142
2026_01,Novela TV,Dariusz,KB,0.0001,Novela TV,Novela TV,Novela TV,0.000106
2026_01,SPI Gametoon,Agata,KB,0.0001,SPI Gametoon,Gametoon,Gametoon,2.8e-05
2026_01,Golf Zone,Agata,KB,0.0001,Golf Zone,Golf Zone,Golf Zone [Golf Channel Polska],5e-05
2026_01,Water Planet,Adam,KB,0.0001,Water Planet,Water Planet,Water Planet [CSB TV],4.9e-05
2026_01,Polsat Film 2,Łukasz,KB,0.0004,Polsat Film 2,Polsat Film 2,Polsat Film 2,0.000488
2026_01,Polsat Reality,Rafał,KB,0.0003,Polsat Reality,Polsat Reality,Polsat Reality,0.000609
2026_01,Polsat X,Rafał,KB,0.0003,Polsat X,Polsat X,Polsat X,0.000322
2026_01,DaVinci,Dariusz,KB,0.0001,DaVinci,Da Vinci,Da Vinci [Da Vinci Learning],0.00011
2026_01,TVT,Łukasz,KB,0.0001,TVT,TVT,TVT,4.1e-05
2026_01,FILMBOX Premium,Łukasz,KB,0.0003,FILMBOX Premium,FILMBOX+ Hits,FILMBOX+ Hits [FILMBOX Premium],0.000226
2026_01,Ale Kino+,Agata,KB,0.0011,Ale Kino+,Ale Kino+,Ale Kino+ [Ale Kino],0.001649
2026_01,Canal+ Domo,Wiola,KB,0.0012,Canal+ Domo,CANAL+ DOMO,CANAL+ DOMO [Domo+],0.001252
2026_01,Planete+,Dariusz,KB,0.001,Planete+,Planete+,Planete+ [Planete],0.001568
2026_01,MiniMini+,Dariusz,KB,0.0021,MiniMini+,MiniMini+,MiniMini+ [MiniMini],0.001289
2026_01,teleTOON+,Dariusz,KB,0.0005,teleTOON+,teleTOON+,teleTOON+ [ZigZap/Hyper],0.000355
2026_01,Novelas+,Agata,KB,0.0012,Novelas+,Novelas,Novelas,0.002415
2026_01,CANAL+ KUCHNIA,Wiola,KB,0.0015,CANAL+ KUCHNIA,CANAL+ KUCHNIA,CANAL+ KUCHNIA [kuchnia+],0.001008
2026_01,Canal+ 360,Rafał,KB,0.001,Canal+ 360,CANAL+ 360,Canal+ 360 [Canal+ Family],0.00104
2026_01,Canal+ Sport,Łukasz,KB,0.0008,Canal+ Sport,Canal+ Sport,CANAL+ SPORT [Canal+ Niebieski],0.000711
2026_01,Canal+ Sport2,Adam,KB,0.0002,Canal+ Sport2,Canal+ Sport2,CANAL+ SPORT2,8.6e-05
2026_01,Canal+ Sport3,Adam,KB,0.0008,Canal+ Sport3,CANAL+ SPORT3,CANAL+ SPORT3,0.000438
2026_01,Canal+ Sport4,Rafał,KB,0.0001,Canal+ Sport4,CANAL+ SPORT4,CANAL+ SPORT4,3e-05
2026_01,Canal+ Sport5,Rafał,KB,0.0005,Canal+ Sport5,Canal+ SPORT5,CANAL+ SPORT5 [nSport+],0.000197
2026_01,CANAL+ Extra1,Łukasz,KB,0.0005,CANAL+ Extra1,CANAL+ Extra 1,CANAL+ EXTRA 1,0.001044
2026_01,CANAL+ Extra2,Łukasz,KB,0.0001,CANAL+ Extra2,CANAL+ Extra 2,CANAL+ EXTRA 2,
2026_01,Viasat True Crime,Rafał,KB,0.0003,Viasat True Crime,Viasat True Crime,Viasat True Crime,0.000309
2026_01,Novelas+1,Agata,KB,0.0001,Novelas+1,Novelas+1,Novelas+1 [DIZI],5.2e-05
2026_01,Kabaret TV,Rafał,KB,0.002,Kabaret TV,Kabaret TV,Kabaret TV,0.001646
2026_01,Polsat News Polityka,Dariusz,KB,0.0004,Polsat News Polityka,Polsat News Polityka,Polsat News Polityka,0.000442
2026_01,CANAL+ Seriale,Wiola,KB,0.0001,CANAL+ Seriale,Canal+ Seriale,Canal+ Seriale [Canal+ Film 2],0.000209
2026_01,CANAL+ Dokument,Wiola,KB,0.0001,CANAL+ Dokument,Canal+ Dokument,Canal+ Dokument [Canal+ Discovery],0.00035
2026_01,DocuBox,Wiola,KB,0.0001,DocuBox,DocuBox,DocuBox,9.5e-05
2026_01,FILMBOX Action,Wiola,KB,0.0001,FILMBOX Action,FILMBOX+ Action,FILMBOX+ Action [FILMBOX Action],0.000215
2026_01,FILMBOX Extra,Wiola,KB,0.0001,FILMBOX Extra,FILMBOX+ Emotion,FILMBOX+ Emotion [FILMBOX Extra],0.000197
2026_01,FILMBOX Family,Wiola,KB,0.0001,FILMBOX Family,FILMBOX+ Comedy,FILMBOX+ Comedy [FILMBOX Family],0.000168
2026_01,TVN,,KB,0.0785,TVN,TVN,TVN,0.076727
2026_01,TVP1,,KB,0.0431,TVP1,TVP1,TVP1,0.045056
2026_01,TVP2,,KB,0.0495,TVP2,TVP2,TVP2,0.050029
2026_01,Polsat,Maciej,AK,0.070499716745695,Polsat,Polsat,Polsat,0.077139
2026_01,Fokus TV,Adam,AK,0.009805709054173,Fokus TV,Fokus TV,Fokus TV,0.00905
2026_01,Nowa TV,Adam,AK,0.004736531670822942,Nowa TV,Nowa TV,Nowa TV,0.00404
2026_01,Eleven Sports 1,Adam,AK,0.00229916964285714,Eleven Sports 1,Eleven Sports 1,Eleven Sports 1 [Eleven],0.002738
2026_01,Disco Polo Music,Adam,AK,0.000696755162308658,Disco Polo Music,Disco Polo Music,Disco Polo Music,0.00074
2026_01,Puls 2,Agata,AK,0.017394008170245102,Puls 2,Puls 2,Puls 2,0.017112
2026_01,Zoom TV,Agata,AK,0.00526330574880996,Zoom TV,ZOOM,ZOOM [Zoom TV],0.003983
2026_01,SPI Kino Polska,Agata,AK,0.00325727819898867,SPI Kino Polska,Kino Polska,Kino Polska,0.003144
2026_01,History,Agata,AK,0.002757927853476154,History,History,HISTORY,0.002876
2026_01,CI Polsat,Agata,AK,0.001202063576438383,CI Polsat,CI Polsat,CI Polsat [Polsat Crime & Investigation Network],0.000882
2026_01,Polsat News,Dariusz,AK,0.01024049746442339,Polsat News,Polsat News,Polsat News,0.010342
2026_01,Stopklatka,Dariusz,AK,0.012499250797121254,Stopklatka,Stopklatka,Stopklatka,0.011416
2026_01,Wydarzenia24,Dariusz,AK,0.010628637988947882,Wydarzenia24,Wydarzenia24,Wydarzenia 24 [Superstacja],0.010814
2026_01,Puls,Łukasz,AK,0.0378456197314443,Puls,TV PULS,TV PULS [PULS],0.03677
2026_01,Polsat 2,Łukasz,AK,0.00880279476331125,Polsat 2,Polsat2,Polsat2,0.0088
2026_01,Polsat Film,Łukasz,AK,0.006755700638103919,Polsat Film,Polsat Film,Polsat Film,0.006042
2026_01,Polsat Sport 1,Łukasz,AK,0.003599251097025841,Polsat Sport 1,Polsat Sport 1,Polsat Sport 1 [Polsat Sport],0.00435
2026_01,Polsat Viasat History,Łukasz,AK,0.0019165838587641868,Polsat Viasat History,Polsat Viasat History,Polsat Viasat History [Viasat History],0.001348
2026_01,Polsat Viasat Explore,Łukasz,AK,0.0011436601193940711,Polsat Viasat Explore,Polsat Viasat Explore,Polsat Viasat Explore [Polsat Viasat Explorer],0.001025
2026_01,Szóstka,Piotr,AK,0.016229817381253783,Szóstka,TV6,TV6,0.018304
2026_01,Super Polsat,Piotr,AK,0.012021752643948296,Super Polsat,Super Polsat,Super Polsat [Polsat Sport News],0.011641
2026_01,WPOLSCE24,Piotr,AK,0.00642423601054577,WPOLSCE24,wPolsce24,wPolsce24 [Telewizja WPOLSCE.PL],0.008309
2026_01,AXN,Piotr,AK,0.0023334996846878027,AXN,AXN,AXN,0.002885
2026_01,BBC First,Piotr,AK,0.00180684062134045,BBC First,BBC First,BBC First [BBC HD],0.002051
2026_01,Polsat Play,Rafał,AK,0.004107122627572,Polsat Play,Polsat Play,Polsat Play,0.003567
2026_01,Polo TV,Rafał,AK,0.0032022258958703674,Polo TV,Polo TV,Polo TV,0.003395
2026_01,SPI Kino TV,Rafał,AK,0.0031327346165062704,SPI Kino TV,FILMBOX+ One,FILMBOX+ One [Kino TV],0.002601
2026_01,Eska TV,Rafał,AK,0.0031597469142104727,Eska TV,Eska TV [8TV],Eska TV [8TV],0.002654
2026_01,AMC,Rafał,AK,0.0022459175461741424,AMC,AMC,AMC [MGM],0.002417
2026_01,Czwórka,Wiola,AK,0.03034992481203,Czwórka,TV4 pl,TV4,0.030407
2026_01,TV Republika,Wiola,AK,0.0304100642622951,TV Republika,Republika,Republika [TV Republika],0.035888
2026_01,WP,Wiola,AK,0.00574776989056492,WP,WP,WP,0.005719
2026_01,Polsat Seriale,Wiola,AK,0.0036905937291527684,Polsat Seriale,Polsat Seriale,Polsat Seriale [Polsat Romans],0.003984
2026_01,Polsat Cafe,Wiola,AK,0.003502829089240651,Polsat Cafe,Polsat Cafe,Polsat Cafe,0.003274
2026_01,NBCU 13 Ulica,Wiola,AK,0.001095018606348048,NBCU 13 Ulica,13 Ulica,13 Ulica [13th Street Universal],0.001607
2026_01,4FUN.TV,Wiola,AK,0.0017366105347663122,4FUN.TV,4FUN.TV,4FUN.TV [4fun.tv],0.001643
2026_01,Stars.tv,Wiola,AK,0.0019478314374353676,Stars.tv,Stars.tv,Stars.tv,0.002136
2026_01,BBC Earth,Piotr,AK,0.00131778604855435,BBC Earth,BBC Earth,BBC Earth [BBC Knowledge],0.00163
2026_01,AXN White,Piotr,AK,0.0007917913188647748,AXN White,AXN White,AXN White [AXN Crime],0.000732
2026_01,History2,Agata,AK,0.0014876602675974403,History2,History2 [H2],HISTORY2 [H2],0.001773
2026_01,Polsat Doku,Dariusz,AK,0.0016676630434782607,Polsat Doku,Polsat Doku,Polsat Doku,0.001215
2026_01,Polsat Sport 2,Adam,AK,0.0011190559642409554,Polsat Sport 2,Polsat Sport 2,Polsat Sport 2 [Polsat Sport Extra],0.000786
2026_01,Polsat JimJam,Dariusz,AK,0.00124345146370606,Polsat JimJam,Polsat JimJam,Polsat JimJam [JimJam],0.001101
2026_01,Epic Drama,Łukasz,AK,0.0009842655059847662,Epic Drama,Viasat Epic Drama,Viasat Epic Drama [Epic Drama],0.000879
2026_01,NBCU SciFi Universal,Łukasz,AK,0.0006465906285492526,NBCU SciFi Universal,Scifi Universal,Scifi Universal,0.00169
2026_01,4FUN KIDS,Wiola,AK,0.00037882318501171,4FUN KIDS,4FUN KIDS,4FUN KIDS [4FUN GOLD],0.00021
2026_01,Polsat News 2,Dariusz,AK,0.0006745948269857202,Polsat News 2,Polsat News 2,Polsat News 2 [Polsat Biznes],0.000762
2026_01,BBC CBeebies,Dariusz,AK,0.000964566397474042,BBC CBeebies,BBC CBeebies,BBC CBeebies,0.001758
2026_01,AXN Black,Piotr,AK,0.0016438485995458,AXN Black,AXN Black,AXN Black [AXN Sci-Fi],0.001828
2026_01,Polsat Rodzina,Piotr,AK,0.00109885804416404,Polsat Rodzina,Polsat Rodzina,Polsat Rodzina,0.000939
2026_01,SPI Kino Polska Muzyka,Agata,AK,0.000636845723175442,SPI Kino Polska Muzyka,Kino Polska Muzyka,Kino Polska Muzyka,0.000273
2026_01,Polsat Viasat Nature,Łukasz,AK,0.0002712987124463519,Polsat Viasat Nature,Polsat Viasat Nature,Polsat Viasat Nature [Viasat Nature],0.000487
2026_01,TELE5,Adam,AK,0.0010514102920723227,TELE5,Tele5,Tele5,0.001111
2026_01,BBC Brit,Piotr,AK,0.0005163247634126388,BBC Brit,BBC Brit,BBC Brit [BBC Entertainment],0.000556
2026_01,Eska TV Extra,Adam,AK,0.00035180129032258103,Eska TV Extra,Eska Extra [Eska TV],Eska TV Extra [Eska TV],0.000417
2026_01,BBC Lifestyle,Piotr,AK,0.0006854233576642341,BBC Lifestyle,BBC Lifestyle,BBC Lifestyle,0.000684
2026_01,4FUN DANCE,Wiola,AK,0.0003316596254342424,4FUN DANCE,4FUN DANCE,4FUN DANCE [4FUN FIT&DANCE],0.00037
2026_01,Polsat Music,Piotr,AK,0.00036009322117035365,Polsat Music,Polsat Music HD,Polsat Music HD [Muzo.tv],0.000324
2026_01,Polsat Games,Łukasz,AK,0.0001818181818181818,Polsat Games,Polsat Games,Polsat Games,0.000408
2026_01,Polsat Sport 3,Rafał,AK,0.000465783327282118,Polsat Sport 3,Polsat Sport 3,Polsat Sport 3 [Polsat Sport News HD],0.000543
2026_01,Extreme Sports,Łukasz,AK,4.07197890025575e-05,Extreme Sports,Extreme Sports,Extreme Sports,4.4e-05
2026_01,Vox Music TV,Adam,AK,0.00028219808306709297,Vox Music TV,Vox Music TV,Vox Music TV,0.000384
2026_01,AXN Spin,Piotr,AK,0.000165141242937853,AXN Spin,AXN Spin,AXN Spin,0.00015
2026_01,Eska Rock TV,Adam,AK,0.0003094590391207904,Eska Rock TV,Eska Rock TV,Eska Rock TV [HIP HOP TV],0.000467
2026_01,Eleven Sports 2,Łukasz,AK,0.000595033426183844,Eleven Sports 2,Eleven Sports 2,Eleven Sports 2 [Eleven Sports],0.001061
2026_01,NBCU E Entertainment,Wiola,AK,8.684724227114159e-05,NBCU E Entertainment,E!Entertainment,E!Entertainment [E!],6.8e-05
2026_01,POLONIA1,Adam,AK,0.0001905777777777778,POLONIA1,Polonia 1,Polonia1,0.000228
2026_01,Sundance TV,Agata,AK,6.625974884335757e-05,Sundance TV,Sundance Channel,Sundance Channel,0.000142
2026_01,Novela TV,Dariusz,AK,0.00021343749999999998,Novela TV,Novela TV,Novela TV,0.000106
2026_01,SPI Gametoon,Agata,AK,4.505494505494505e-05,SPI Gametoon,Gametoon,Gametoon,2.8e-05
2026_01,Golf Zone,Agata,AK,4.788235294117648e-05,Golf Zone,Golf Zone,Golf Zone [Golf Channel Polska],5e-05
2026_01,Water Planet,Adam,AK,2.7000000000000002e-05,Water Planet,Water Planet,Water Planet [CSB TV],4.9e-05
2026_01,Polsat Film 2,Łukasz,AK,0.00026487862495927007,Polsat Film 2,Polsat Film 2,Polsat Film 2,0.000488
2026_01,Polsat Reality,Rafał,AK,0.00031800000000000003,Polsat Reality,Polsat Reality,Polsat Reality,0.000609
2026_01,Polsat X,Rafał,AK,0.000277,Polsat X,Polsat X,Polsat X,0.000322
2026_01,DaVinci,Dariusz,AK,0.00010593650793650793,DaVinci,Da Vinci,Da Vinci [Da Vinci Learning],0.00011
2026_01,TVT,Łukasz,AK,4.1e-05,TVT,TVT,TVT,4.1e-05
2026_01,FILMBOX Premium,Łukasz,AK,0.0002534829008793834,FILMBOX Premium,FILMBOX+ Hits,FILMBOX+ Hits [FILMBOX Premium],0.000226
2026_01,Ale Kino+,Agata,AK,0.0012677927566316,Ale Kino+,Ale Kino+,Ale Kino+ [Ale Kino],0.001649
2026_01,Canal+ Domo,Wiola,AK,0.000867368421052632,Canal+ Domo,CANAL+ DOMO,CANAL+ DOMO [Domo+],0.001252
2026_01,Planete+,Dariusz,AK,0.0011472072289156624,Planete+,Planete+,Planete+ [Planete],0.001568
2026_01,MiniMini+,Dariusz,AK,0.002128959238321928,MiniMini+,MiniMini+,MiniMini+ [MiniMini],0.001289
2026_01,teleTOON+,Dariusz,AK,0.00041898256410256407,teleTOON+,teleTOON+,teleTOON+ [ZigZap/Hyper],0.000355
2026_01,Novelas+,Agata,AK,0.0006160120472102601,Novelas+,Novelas,Novelas,0.002415
2026_01,CANAL+ KUCHNIA,Wiola,AK,0.0010143890274314214,CANAL+ KUCHNIA,CANAL+ KUCHNIA,CANAL+ KUCHNIA [kuchnia+],0.001008
2026_01,Canal+ 360,Rafał,AK,0.0006881334185848252,Canal+ 360,CANAL+ 360,Canal+ 360 [Canal+ Family],0.00104
2026_01,Canal+ Sport,Łukasz,AK,0.000635785748218527,Canal+ Sport,Canal+ Sport,CANAL+ SPORT [Canal+ Niebieski],0.000711
2026_01,Canal+ Sport2,Adam,AK,0.00012656475570790312,Canal+ Sport2,Canal+ Sport2,CANAL+ SPORT2,8.6e-05
2026_01,Canal+ Sport3,Adam,AK,0.000226,Canal+ Sport3,CANAL+ SPORT3,CANAL+ SPORT3,0.000438
2026_01,Canal+ Sport4,Rafał,AK,0.00010680582524271846,Canal+ Sport4,CANAL+ SPORT4,CANAL+ SPORT4,3e-05
2026_01,Canal+ Sport5,Rafał,AK,0.0002849079754601227,Canal+ Sport5,Canal+ SPORT5,CANAL+ SPORT5 [nSport+],0.000197
2026_01,CANAL+ Extra1,Łukasz,AK,0.000930051080550098,CANAL+ Extra1,CANAL+ Extra 1,CANAL+ EXTRA 1,0.001044
2026_01,CANAL+ Extra2,Łukasz,AK,0.00017409999999999998,CANAL+ Extra2,CANAL+ Extra 2,CANAL+ EXTRA 2,
2026_01,Viasat True Crime,Rafał,AK,0.00046902397260274004,Viasat True Crime,Viasat True Crime,Viasat True Crime,0.000309
2026_01,Novelas+1,Agata,AK,4.375903614457831e-06,Novelas+1,Novelas+1,Novelas+1 [DIZI],5.2e-05
2026_01,Kabaret TV,Rafał,AK,0.0016515188528943175,Kabaret TV,Kabaret TV,Kabaret TV,0.001646
2026_01,Polsat News Polityka,Dariusz,AK,0.0006375119236883943,Polsat News Polityka,Polsat News Polityka,Polsat News Polityka,0.000442
2026_01,CANAL+ Seriale,Wiola,AK,6.6e-05,CANAL+ Seriale,Canal+ Seriale,Canal+ Seriale [Canal+ Film 2],0.000209
2026_01,CANAL+ Dokument,Wiola,AK,6.6e-05,CANAL+ Dokument,Canal+ Dokument,Canal+ Dokument [Canal+ Discovery],0.00035
2026_01,DocuBox,Wiola,AK,6.6e-05,DocuBox,DocuBox,DocuBox,9.5e-05
2026_01,FILMBOX Action,Wiola,AK,6.6e-05,FILMBOX Action,FILMBOX+ Action,FILMBOX+ Action [FILMBOX Action],0.000215
2026_01,FILMBOX Extra,Wiola,AK,6.6e-05,FILMBOX Extra,FILMBOX+ Emotion,FILMBOX+ Emotion [FILMBOX Extra],0.000197
2026_01,FILMBOX Family,Wiola,AK,6.6e-05,FILMBOX Family,FILMBOX+ Comedy,FILMBOX+ Comedy [FILMBOX Family],0.000168
2026_01,TVN,,AK,0.0777231872626885,TVN,TVN,TVN,0.076727
2026_01,TVP1,,AK,0.04624616096467259,TVP1,TVP1,TVP1,0.045056
2026_01,TVP2,,AK,0.045997094807345096,TVP2,TVP2,TVP2,0.050029
2026_01,Polsat,Maciej,RD,0.07493999999999999,Polsat,Polsat,Polsat,0.077139
2026_01,Fokus TV,Adam,RD,0.009092323392830899,Fokus TV,Fokus TV,Fokus TV,0.00905
2026_01,Nowa TV,Adam,RD,0.0045000000000000005,Nowa TV,Nowa TV,Nowa TV,0.00404
2026_01,Eleven Sports 1,Adam,RD,0.0023,Eleven Sports 1,Eleven Sports 1,Eleven Sports 1 [Eleven],0.002738
2026_01,Disco Polo Music,Adam,RD,0.00065,Disco Polo Music,Disco Polo Music,Disco Polo Music,0.00074
2026_01,Puls 2,Agata,RD,0.0168,Puls 2,Puls 2,Puls 2,0.017112
2026_01,Zoom TV,Agata,RD,0.0054,Zoom TV,ZOOM,ZOOM [Zoom TV],0.003983
2026_01,SPI Kino Polska,Agata,RD,0.0035399999999999997,SPI Kino Polska,Kino Polska,Kino Polska,0.003144
2026_01,History,Agata,RD,0.003,History,History,HISTORY,0.002876
2026_01,CI Polsat,Agata,RD,0.001197,CI Polsat,CI Polsat,CI Polsat [Polsat Crime & Investigation Network],0.000882
2026_01,Polsat News,Dariusz,RD,0.0102,Polsat News,Polsat News,Polsat News,0.010342
2026_01,Stopklatka,Dariusz,RD,0.0125,Stopklatka,Stopklatka,Stopklatka,0.011416
2026_01,Wydarzenia24,Dariusz,RD,0.011899999999999999,Wydarzenia24,Wydarzenia24,Wydarzenia 24 [Superstacja],0.010814
2026_01,Puls,Łukasz,RD,0.0377,Puls,TV PULS,TV PULS [PULS],0.03677
2026_01,Polsat 2,Łukasz,RD,0.0083,Polsat 2,Polsat2,Polsat2,0.0088
2026_01,Polsat Film,Łukasz,RD,0.0060999999999999995,Polsat Film,Polsat Film,Polsat Film,0.006042
2026_01,Polsat Sport 1,Łukasz,RD,0.004,Polsat Sport 1,Polsat Sport 1,Polsat Sport 1 [Polsat Sport],0.00435
2026_01,Polsat Viasat History,Łukasz,RD,0.00189,Polsat Viasat History,Polsat Viasat History,Polsat Viasat History [Viasat History],0.001348
2026_01,Polsat Viasat Explore,Łukasz,RD,0.000957,Polsat Viasat Explore,Polsat Viasat Explore,Polsat Viasat Explore [Polsat Viasat Explorer],0.001025
2026_01,Szóstka,Piotr,RD,0.016399999999999998,Szóstka,TV6,TV6,0.018304
2026_01,Super Polsat,Piotr,RD,0.0113,Super Polsat,Super Polsat,Super Polsat [Polsat Sport News],0.011641
2026_01,WPOLSCE24,Piotr,RD,0.00668,WPOLSCE24,wPolsce24,wPolsce24 [Telewizja WPOLSCE.PL],0.008309
2026_01,AXN,Piotr,RD,0.00317,AXN,AXN,AXN,0.002885
2026_01,BBC First,Piotr,RD,0.002,BBC First,BBC First,BBC First [BBC HD],0.002051
2026_01,Polsat Play,Rafał,RD,0.0048,Polsat Play,Polsat Play,Polsat Play,0.003567
2026_01,Polo TV,Rafał,RD,0.0037,Polo TV,Polo TV,Polo TV,0.003395
2026_01,SPI Kino TV,Rafał,RD,0.0031,SPI Kino TV,FILMBOX+ One,FILMBOX+ One [Kino TV],0.002601
2026_01,Eska TV,Rafał,RD,0.0033,Eska TV,Eska TV [8TV],Eska TV [8TV],0.002654
2026_01,AMC,Rafał,RD,0.002,AMC,AMC,AMC [MGM],0.002417
2026_01,Czwórka,Wiola,RD,0.0311,Czwórka,TV4 pl,TV4,0.030407
2026_01,TV Republika,Wiola,RD,0.032400000000000005,TV Republika,Republika,Republika [TV Republika],0.035888
2026_01,WP,Wiola,RD,0.0051,WP,WP,WP,0.005719
2026_01,Polsat Seriale,Wiola,RD,0.0036,Polsat Seriale,Polsat Seriale,Polsat Seriale [Polsat Romans],0.003984
2026_01,Polsat Cafe,Wiola,RD,0.004,Polsat Cafe,Polsat Cafe,Polsat Cafe,0.003274
2026_01,NBCU 13 Ulica,Wiola,RD,0.0017000000000000001,NBCU 13 Ulica,13 Ulica,13 Ulica [13th Street Universal],0.001607
2026_01,4FUN.TV,Wiola,RD,0.001848551798012207,4FUN.TV,4FUN.TV,4FUN.TV [4fun.tv],0.001643
2026_01,Stars.tv,Wiola,RD,0.002,Stars.tv,Stars.tv,Stars.tv,0.002136
2026_01,BBC Earth,Piotr,RD,0.00155,BBC Earth,BBC Earth,BBC Earth [BBC Knowledge],0.00163
2026_01,AXN White,Piotr,RD,0.001211,AXN White,AXN White,AXN White [AXN Crime],0.000732
2026_01,History2,Agata,RD,0.00165,History2,History2 [H2],HISTORY2 [H2],0.001773
2026_01,Polsat Doku,Dariusz,RD,0.0013449672468333438,Polsat Doku,Polsat Doku,Polsat Doku,0.001215
2026_01,Polsat Sport 2,Adam,RD,0.00094,Polsat Sport 2,Polsat Sport 2,Polsat Sport 2 [Polsat Sport Extra],0.000786
2026_01,Polsat JimJam,Dariusz,RD,0.00108,Polsat JimJam,Polsat JimJam,Polsat JimJam [JimJam],0.001101
2026_01,Epic Drama,Łukasz,RD,0.000904,Epic Drama,Viasat Epic Drama,Viasat Epic Drama [Epic Drama],0.000879
2026_01,NBCU SciFi Universal,Łukasz,RD,0.0007021334505301928,NBCU SciFi Universal,Scifi Universal,Scifi Universal,0.00169
2026_01,4FUN KIDS,Wiola,RD,0.00055,4FUN KIDS,4FUN KIDS,4FUN KIDS [4FUN GOLD],0.00021
2026_01,Polsat News 2,Dariusz,RD,0.000605,Polsat News 2,Polsat News 2,Polsat News 2 [Polsat Biznes],0.000762
2026_01,BBC CBeebies,Dariusz,RD,0.0011,BBC CBeebies,BBC CBeebies,BBC CBeebies,0.001758
2026_01,AXN Black,Piotr,RD,0.0016489619319520043,AXN Black,AXN Black,AXN Black [AXN Sci-Fi],0.001828
2026_01,Polsat Rodzina,Piotr,RD,0.0010299999999999999,Polsat Rodzina,Polsat Rodzina,Polsat Rodzina,0.000939
2026_01,SPI Kino Polska Muzyka,Agata,RD,0.000371,SPI Kino Polska Muzyka,Kino Polska Muzyka,Kino Polska Muzyka,0.000273
2026_01,Polsat Viasat Nature,Łukasz,RD,0.00046499999999999997,Polsat Viasat Nature,Polsat Viasat Nature,Polsat Viasat Nature [Viasat Nature],0.000487
2026_01,TELE5,Adam,RD,0.000824,TELE5,Tele5,Tele5,0.001111
2026_01,BBC Brit,Piotr,RD,0.000581,BBC Brit,BBC Brit,BBC Brit [BBC Entertainment],0.000556
2026_01,Eska TV Extra,Adam,RD,0.000393,Eska TV Extra,Eska Extra [Eska TV],Eska TV Extra [Eska TV],0.000417
2026_01,BBC Lifestyle,Piotr,RD,0.000862,BBC Lifestyle,BBC Lifestyle,BBC Lifestyle,0.000684
2026_01,4FUN DANCE,Wiola,RD,0.00043599999999999997,4FUN DANCE,4FUN DANCE,4FUN DANCE [4FUN FIT&DANCE],0.00037
2026_01,Polsat Music,Piotr,RD,0.000441,Polsat Music,Polsat Music HD,Polsat Music HD [Muzo.tv],0.000324
2026_01,Polsat Games,Łukasz,RD,0.0003353134908536585,Polsat Games,Polsat Games,Polsat Games,0.000408
2026_01,Polsat Sport 3,Rafał,RD,0.00057,Polsat Sport 3,Polsat Sport 3,Polsat Sport 3 [Polsat Sport News HD],0.000543
2026_01,Extreme Sports,Łukasz,RD,6.197583333333333e-05,Extreme Sports,Extreme Sports,Extreme Sports,4.4e-05
2026_01,Vox Music TV,Adam,RD,0.00026700000000000004,Vox Music TV,Vox Music TV,Vox Music TV,0.000384
2026_01,AXN Spin,Piotr,RD,0.00011455613207547169,AXN Spin,AXN Spin,AXN Spin,0.00015
2026_01,Eska Rock TV,Adam,RD,0.000455,Eska Rock TV,Eska Rock TV,Eska Rock TV [HIP HOP TV],0.000467
2026_01,Eleven Sports 2,Łukasz,RD,0.0005,Eleven Sports 2,Eleven Sports 2,Eleven Sports 2 [Eleven Sports],0.001061
2026_01,NBCU E Entertainment,Wiola,RD,0.0001,NBCU E Entertainment,E!Entertainment,E!Entertainment [E!],6.8e-05
2026_01,POLONIA1,Adam,RD,0.00021693854166666664,POLONIA1,Polonia 1,Polonia1,0.000228
2026_01,Sundance TV,Agata,RD,8.996546106557376e-05,Sundance TV,Sundance Channel,Sundance Channel,0.000142
2026_01,Novela TV,Dariusz,RD,0.00019507375,Novela TV,Novela TV,Novela TV,0.000106
2026_01,SPI Gametoon,Agata,RD,8.729272865853659e-05,SPI Gametoon,Gametoon,Gametoon,2.8e-05
2026_01,Golf Zone,Agata,RD,4.119513888888889e-05,Golf Zone,Golf Zone,Golf Zone [Golf Channel Polska],5e-05
2026_01,Water Planet,Adam,RD,4.5872500000000005e-05,Water Planet,Water Planet,Water Planet [CSB TV],4.9e-05
2026_01,Polsat Film 2,Łukasz,RD,0.000431,Polsat Film 2,Polsat Film 2,Polsat Film 2,0.000488
2026_01,Polsat Reality,Rafał,RD,0.00038171986654854183,Polsat Reality,Polsat Reality,Polsat Reality,0.000609
2026_01,Polsat X,Rafał,RD,0.00027365925715412193,Polsat X,Polsat X,Polsat X,0.000322
2026_01,DaVinci,Dariusz,RD,0.00012423996478873239,DaVinci,Da Vinci,Da Vinci [Da Vinci Learning],0.00011
2026_01,TVT,Łukasz,RD,0.0001,TVT,TVT,TVT,4.1e-05
2026_01,FILMBOX Premium,Łukasz,RD,0.000181,FILMBOX Premium,FILMBOX+ Hits,FILMBOX+ Hits [FILMBOX Premium],0.000226
2026_01,Ale Kino+,Agata,RD,0.001119,Ale Kino+,Ale Kino+,Ale Kino+ [Ale Kino],0.001649
2026_01,Canal+ Domo,Wiola,RD,0.0010674994840865926,Canal+ Domo,CANAL+ DOMO,CANAL+ DOMO [Domo+],0.001252
2026_01,Planete+,Dariusz,RD,0.001112,Planete+,Planete+,Planete+ [Planete],0.001568
2026_01,MiniMini+,Dariusz,RD,0.0025,MiniMini+,MiniMini+,MiniMini+ [MiniMini],0.001289
2026_01,teleTOON+,Dariusz,RD,0.000308,teleTOON+,teleTOON+,teleTOON+ [ZigZap/Hyper],0.000355
2026_01,Novelas+,Agata,RD,0.0015,Novelas+,Novelas,Novelas,0.002415
2026_01,CANAL+ KUCHNIA,Wiola,RD,0.00158,CANAL+ KUCHNIA,CANAL+ KUCHNIA,CANAL+ KUCHNIA [kuchnia+],0.001008
2026_01,Canal+ 360,Rafał,RD,0.00095,Canal+ 360,CANAL+ 360,Canal+ 360 [Canal+ Family],0.00104
2026_01,Canal+ Sport,Łukasz,RD,0.00065,Canal+ Sport,Canal+ Sport,CANAL+ SPORT [Canal+ Niebieski],0.000711
2026_01,Canal+ Sport2,Adam,RD,0.0002,Canal+ Sport2,Canal+ Sport2,CANAL+ SPORT2,8.6e-05
2026_01,Canal+ Sport3,Adam,RD,0.00037999999999999997,Canal+ Sport3,CANAL+ SPORT3,CANAL+ SPORT3,0.000438
2026_01,Canal+ Sport4,Rafał,RD,7.591555631868133e-05,Canal+ Sport4,CANAL+ SPORT4,CANAL+ SPORT4,3e-05
2026_01,Canal+ Sport5,Rafał,RD,0.0003,Canal+ Sport5,Canal+ SPORT5,CANAL+ SPORT5 [nSport+],0.000197
2026_01,CANAL+ Extra1,Łukasz,RD,0.0007099999999999999,CANAL+ Extra1,CANAL+ Extra 1,CANAL+ EXTRA 1,0.001044
2026_01,CANAL+ Extra2,Łukasz,RD,0.00032,CANAL+ Extra2,CANAL+ Extra 2,CANAL+ EXTRA 2,
2026_01,Viasat True Crime,Rafał,RD,0.0004,Viasat True Crime,Viasat True Crime,Viasat True Crime,0.000309
2026_01,Novelas+1,Agata,RD,0.000109378125,Novelas+1,Novelas+1,Novelas+1 [DIZI],5.2e-05
2026_01,Kabaret TV,Rafał,RD,0.0017499999999999998,Kabaret TV,Kabaret TV,Kabaret TV,0.001646
2026_01,Polsat News Polityka,Dariusz,RD,0.00046899999999999996,Polsat News Polityka,Polsat News Polityka,Polsat News Polityka,0.000442
2026_01,CANAL+ Seriale,Wiola,RD,0.0001,CANAL+ Seriale,Canal+ Seriale,Canal+ Seriale [Canal+ Film 2],0.000209
2026_01,CANAL+ Dokument,Wiola,RD,0.0001,CANAL+ Dokument,Canal+ Dokument,Canal+ Dokument [Canal+ Discovery],0.00035
2026_01,DocuBox,Wiola,RD,0.0001,DocuBox,DocuBox,DocuBox,9.5e-05
2026_01,FILMBOX Action,Wiola,RD,0.0001,FILMBOX Action,FILMBOX+ Action,FILMBOX+ Action [FILMBOX Action],0.000215
2026_01,FILMBOX Extra,Wiola,RD,0.0001,FILMBOX Extra,FILMBOX+ Emotion,FILMBOX+ Emotion [FILMBOX Extra],0.000197
2026_01,FILMBOX Family,Wiola,RD,0.0001,FILMBOX Family,FILMBOX+ Comedy,FILMBOX+ Comedy [FILMBOX Family],0.000168
2026_01,TVN,,RD,0.0768,TVN,TVN,TVN,0.076727
2026_01,TVP1,,RD,0.045700000000000005,TVP1,TVP1,TVP1,0.045056
2026_01,TVP2,,RD,0.0472,TVP2,TVP2,TVP2,0.050029
2026_01,Polsat,Maciej,PW,0.0719,Polsat,Polsat,Polsat,0.077139
2026_01,Fokus TV,Adam,PW,0.0092,Fokus TV,Fokus TV,Fokus TV,0.00905
2026_01,Nowa TV,Adam,PW,0.0048,Nowa TV,Nowa TV,Nowa TV,0.00404
2026_01,Eleven Sports 1,Adam,PW,0.0023,Eleven Sports 1,Eleven Sports 1,Eleven Sports 1 [Eleven],0.002738
2026_01,Disco Polo Music,Adam,PW,0.001,Disco Polo Music,Disco Polo Music,Disco Polo Music,0.00074
2026_01,Puls 2,Agata,PW,0.0168,Puls 2,Puls 2,Puls 2,0.017112
2026_01,Zoom TV,Agata,PW,0.0039,Zoom TV,ZOOM,ZOOM [Zoom TV],0.003983
2026_01,SPI Kino Polska,Agata,PW,0.003,SPI Kino Polska,Kino Polska,Kino Polska,0.003144
2026_01,History,Agata,PW,0.0027,History,History,HISTORY,0.002876
2026_01,CI Polsat,Agata,PW,0.0015,CI Polsat,CI Polsat,CI Polsat [Polsat Crime & Investigation Network],0.000882
2026_01,Polsat News,Dariusz,PW,0.0116,Polsat News,Polsat News,Polsat News,0.010342
2026_01,Stopklatka,Dariusz,PW,0.0119,Stopklatka,Stopklatka,Stopklatka,0.011416
2026_01,Wydarzenia24,Dariusz,PW,0.0114,Wydarzenia24,Wydarzenia24,Wydarzenia 24 [Superstacja],0.010814
2026_01,Puls,Łukasz,PW,0.0377,Puls,TV PULS,TV PULS [PULS],0.03677
2026_01,Polsat 2,Łukasz,PW,0.0089,Polsat 2,Polsat2,Polsat2,0.0088
2026_01,Polsat Film,Łukasz,PW,0.0065,Polsat Film,Polsat Film,Polsat Film,0.006042
2026_01,Polsat Sport 1,Łukasz,PW,0.004,Polsat Sport 1,Polsat Sport 1,Polsat Sport 1 [Polsat Sport],0.00435
2026_01,Polsat Viasat History,Łukasz,PW,0.0019,Polsat Viasat History,Polsat Viasat History,Polsat Viasat History [Viasat History],0.001348
2026_01,Polsat Viasat Explore,Łukasz,PW,0.0013,Polsat Viasat Explore,Polsat Viasat Explore,Polsat Viasat Explore [Polsat Viasat Explorer],0.001025
2026_01,Szóstka,Piotr,PW,0.0174,Szóstka,TV6,TV6,0.018304
2026_01,Super Polsat,Piotr,PW,0.0113,Super Polsat,Super Polsat,Super Polsat [Polsat Sport News],0.011641
2026_01,WPOLSCE24,Piotr,PW,0.006,WPOLSCE24,wPolsce24,wPolsce24 [Telewizja WPOLSCE.PL],0.008309
2026_01,AXN,Piotr,PW,0.0029,AXN,AXN,AXN,0.002885
2026_01,BBC First,Piotr,PW,0.0017,BBC First,BBC First,BBC First [BBC HD],0.002051
2026_01,Polsat Play,Rafał,PW,0.0052,Polsat Play,Polsat Play,Polsat Play,0.003567
2026_01,Polo TV,Rafał,PW,0.0036,Polo TV,Polo TV,Polo TV,0.003395
2026_01,SPI Kino TV,Rafał,PW,0.003,SPI Kino TV,FILMBOX+ One,FILMBOX+ One [Kino TV],0.002601
2026_01,Eska TV,Rafał,PW,0.0034,Eska TV,Eska TV [8TV],Eska TV [8TV],0.002654
2026_01,AMC,Rafał,PW,0.0022,AMC,AMC,AMC [MGM],0.002417
2026_01,Czwórka,Wiola,PW,0.0304,Czwórka,TV4 pl,TV4,0.030407
2026_01,TV Republika,Wiola,PW,0.0306,TV Republika,Republika,Republika [TV Republika],0.035888
2026_01,WP,Wiola,PW,0.0053,WP,WP,WP,0.005719
2026_01,Polsat Seriale,Wiola,PW,0.0039,Polsat Seriale,Polsat Seriale,Polsat Seriale [Polsat Romans],0.003984
2026_01,Polsat Cafe,Wiola,PW,0.004,Polsat Cafe,Polsat Cafe,Polsat Cafe,0.003274
2026_01,NBCU 13 Ulica,Wiola,PW,0.0018,NBCU 13 Ulica,13 Ulica,13 Ulica [13th Street Universal],0.001607
2026_01,4FUN.TV,Wiola,PW,0.0019,4FUN.TV,4FUN.TV,4FUN.TV [4fun.tv],0.001643
2026_01,Stars.tv,Wiola,PW,0.002,Stars.tv,Stars.tv,Stars.tv,0.002136
2026_01,BBC Earth,Piotr,PW,0.0017,BBC Earth,BBC Earth,BBC Earth [BBC Knowledge],0.00163
2026_01,AXN White,Piotr,PW,0.0012,AXN White,AXN White,AXN White [AXN Crime],0.000732
2026_01,History2,Agata,PW,0.0012,History2,History2 [H2],HISTORY2 [H2],0.001773
2026_01,Polsat Doku,Dariusz,PW,0.0013,Polsat Doku,Polsat Doku,Polsat Doku,0.001215
2026_01,Polsat Sport 2,Adam,PW,0.001,Polsat Sport 2,Polsat Sport 2,Polsat Sport 2 [Polsat Sport Extra],0.000786
2026_01,Polsat JimJam,Dariusz,PW,0.0012,Polsat JimJam,Polsat JimJam,Polsat JimJam [JimJam],0.001101
2026_01,Epic Drama,Łukasz,PW,0.001,Epic Drama,Viasat Epic Drama,Viasat Epic Drama [Epic Drama],0.000879
2026_01,NBCU SciFi Universal,Łukasz,PW,0.001,NBCU SciFi Universal,Scifi Universal,Scifi Universal,0.00169
2026_01,4FUN KIDS,Wiola,PW,0.0006,4FUN KIDS,4FUN KIDS,4FUN KIDS [4FUN GOLD],0.00021
2026_01,Polsat News 2,Dariusz,PW,0.0006,Polsat News 2,Polsat News 2,Polsat News 2 [Polsat Biznes],0.000762
2026_01,BBC CBeebies,Dariusz,PW,0.0013,BBC CBeebies,BBC CBeebies,BBC CBeebies,0.001758
2026_01,AXN Black,Piotr,PW,0.0014,AXN Black,AXN Black,AXN Black [AXN Sci-Fi],0.001828
2026_01,Polsat Rodzina,Piotr,PW,0.0013,Polsat Rodzina,Polsat Rodzina,Polsat Rodzina,0.000939
2026_01,SPI Kino Polska Muzyka,Agata,PW,0.0005,SPI Kino Polska Muzyka,Kino Polska Muzyka,Kino Polska Muzyka,0.000273
2026_01,Polsat Viasat Nature,Łukasz,PW,0.0005,Polsat Viasat Nature,Polsat Viasat Nature,Polsat Viasat Nature [Viasat Nature],0.000487
2026_01,TELE5,Adam,PW,0.0009,TELE5,Tele5,Tele5,0.001111
2026_01,BBC Brit,Piotr,PW,0.0005,BBC Brit,BBC Brit,BBC Brit [BBC Entertainment],0.000556
2026_01,Eska TV Extra,Adam,PW,0.0003,Eska TV Extra,Eska Extra [Eska TV],Eska TV Extra [Eska TV],0.000417
2026_01,BBC Lifestyle,Piotr,PW,0.0007,BBC Lifestyle,BBC Lifestyle,BBC Lifestyle,0.000684
2026_01,4FUN DANCE,Wiola,PW,0.0005,4FUN DANCE,4FUN DANCE,4FUN DANCE [4FUN FIT&DANCE],0.00037
2026_01,Polsat Music,Piotr,PW,0.0004,Polsat Music,Polsat Music HD,Polsat Music HD [Muzo.tv],0.000324
2026_01,Polsat Games,Łukasz,PW,0.0004,Polsat Games,Polsat Games,Polsat Games,0.000408
2026_01,Polsat Sport 3,Rafał,PW,0.0004,Polsat Sport 3,Polsat Sport 3,Polsat Sport 3 [Polsat Sport News HD],0.000543
2026_01,Extreme Sports,Łukasz,PW,4e-05,Extreme Sports,Extreme Sports,Extreme Sports,4.4e-05
2026_01,Vox Music TV,Adam,PW,0.0004,Vox Music TV,Vox Music TV,Vox Music TV,0.000384
2026_01,AXN Spin,Piotr,PW,0.0002,AXN Spin,AXN Spin,AXN Spin,0.00015
2026_01,Eska Rock TV,Adam,PW,0.0003,Eska Rock TV,Eska Rock TV,Eska Rock TV [HIP HOP TV],0.000467
2026_01,Eleven Sports 2,Łukasz,PW,0.0005,Eleven Sports 2,Eleven Sports 2,Eleven Sports 2 [Eleven Sports],0.001061
2026_01,NBCU E Entertainment,Wiola,PW,0.0002,NBCU E Entertainment,E!Entertainment,E!Entertainment [E!],6.8e-05
2026_01,POLONIA1,Adam,PW,0.0003,POLONIA1,Polonia 1,Polonia1,0.000228
2026_01,Sundance TV,Agata,PW,4e-05,Sundance TV,Sundance Channel,Sundance Channel,0.000142
2026_01,Novela TV,Dariusz,PW,0.0001,Novela TV,Novela TV,Novela TV,0.000106
2026_01,SPI Gametoon,Agata,PW,0.0001,SPI Gametoon,Gametoon,Gametoon,2.8e-05
2026_01,Golf Zone,Agata,PW,4e-05,Golf Zone,Golf Zone,Golf Zone [Golf Channel Polska],5e-05
2026_01,Water Planet,Adam,PW,4e-05,Water Planet,Water Planet,Water Planet [CSB TV],4.9e-05
2026_01,Polsat Film 2,Łukasz,PW,0.0003,Polsat Film 2,Polsat Film 2,Polsat Film 2,0.000488
2026_01,Polsat Reality,Rafał,PW,0.0002,Polsat Reality,Polsat Reality,Polsat Reality,0.000609
2026_01,Polsat X,Rafał,PW,0.0003,Polsat X,Polsat X,Polsat X,0.000322
2026_01,DaVinci,Dariusz,PW,0.0001,DaVinci,Da Vinci,Da Vinci [Da Vinci Learning],0.00011
2026_01,TVT,Łukasz,PW,4e-05,TVT,TVT,TVT,4.1e-05
2026_01,FILMBOX Premium,Łukasz,PW,0.0002,FILMBOX Premium,FILMBOX+ Hits,FILMBOX+ Hits [FILMBOX Premium],0.000226
2026_01,Ale Kino+,Agata,PW,0.0013,Ale Kino+,Ale Kino+,Ale Kino+ [Ale Kino],0.001649
2026_01,Canal+ Domo,Wiola,PW,0.0011,Canal+ Domo,CANAL+ DOMO,CANAL+ DOMO [Domo+],0.001252
2026_01,Planete+,Dariusz,PW,0.0011,Planete+,Planete+,Planete+ [Planete],0.001568
2026_01,MiniMini+,Dariusz,PW,0.0024,MiniMini+,MiniMini+,MiniMini+ [MiniMini],0.001289
2026_01,teleTOON+,Dariusz,PW,0.0004,teleTOON+,teleTOON+,teleTOON+ [ZigZap/Hyper],0.000355
2026_01,Novelas+,Agata,PW,0.0006,Novelas+,Novelas,Novelas,0.002415
2026_01,CANAL+ KUCHNIA,Wiola,PW,0.0013,CANAL+ KUCHNIA,CANAL+ KUCHNIA,CANAL+ KUCHNIA [kuchnia+],0.001008
2026_01,Canal+ 360,Rafał,PW,0.001,Canal+ 360,CANAL+ 360,Canal+ 360 [Canal+ Family],0.00104
2026_01,Canal+ Sport,Łukasz,PW,0.0007,Canal+ Sport,Canal+ Sport,CANAL+ SPORT [Canal+ Niebieski],0.000711
2026_01,Canal+ Sport2,Adam,PW,0.0001,Canal+ Sport2,Canal+ Sport2,CANAL+ SPORT2,8.6e-05
2026_01,Canal+ Sport3,Adam,PW,0.0001,Canal+ Sport3,CANAL+ SPORT3,CANAL+ SPORT3,0.000438
2026_01,Canal+ Sport4,Rafał,PW,0.0001,Canal+ Sport4,CANAL+ SPORT4,CANAL+ SPORT4,3e-05
2026_01,Canal+ Sport5,Rafał,PW,0.0002,Canal+ Sport5,Canal+ SPORT5,CANAL+ SPORT5 [nSport+],0.000197
2026_01,CANAL+ Extra1,Łukasz,PW,0.0006,CANAL+ Extra1,CANAL+ Extra 1,CANAL+ EXTRA 1,0.001044
2026_01,CANAL+ Extra2,Łukasz,PW,0.0001,CANAL+ Extra2,CANAL+ Extra 2,CANAL+ EXTRA 2,
2026_01,Viasat True Crime,Rafał,PW,0.0004,Viasat True Crime,Viasat True Crime,Viasat True Crime,0.000309
2026_01,Novelas+1,Agata,PW,0.0001,Novelas+1,Novelas+1,Novelas+1 [DIZI],5.2e-05
2026_01,Kabaret TV,Rafał,PW,0.0016,Kabaret TV,Kabaret TV,Kabaret TV,0.001646
2026_01,Polsat News Polityka,Dariusz,PW,0.0005,Polsat News Polityka,Polsat News Polityka,Polsat News Polityka,0.000442
2026_01,CANAL+ Seriale,Wiola,PW,0.0002,CANAL+ Seriale,Canal+ Seriale,Canal+ Seriale [Canal+ Film 2],0.000209
2026_01,CANAL+ Dokument,Wiola,PW,0.0002,CANAL+ Dokument,Canal+ Dokument,Canal+ Dokument [Canal+ Discovery],0.00035
2026_01,DocuBox,Wiola,PW,0.0002,DocuBox,DocuBox,DocuBox,9.5e-05
2026_01,FILMBOX Action,Wiola,PW,0.0001,FILMBOX Action,FILMBOX+ Action,FILMBOX+ Action [FILMBOX Action],0.000215
2026_01,FILMBOX Extra,Wiola,PW,0.0001,FILMBOX Extra,FILMBOX+ Emotion,FILMBOX+ Emotion [FILMBOX Extra],0.000197
2026_01,FILMBOX Family,Wiola,PW,0.0002,FILMBOX Family,FILMBOX+ Comedy,FILMBOX+ Comedy [FILMBOX Family],0.000168
2026_01,TVN,,PW,0.0766,TVN,TVN,TVN,0.076727
2026_01,TVP1,,PW,0.0445,TVP1,TVP1,TVP1,0.045056
2026_01,TVP2,,PW,0.0476,TVP2,TVP2,TVP2,0.050029
2026_01,Polsat,Maciej,WK,0.0756,Polsat,Polsat,Polsat,0.077139
2026_01,Fokus TV,Adam,WK,0.009300000000000001,Fokus TV,Fokus TV,Fokus TV,0.00905
2026_01,Nowa TV,Adam,WK,0.0042,Nowa TV,Nowa TV,Nowa TV,0.00404
2026_01,Eleven Sports 1,Adam,WK,0.0022,Eleven Sports 1,Eleven Sports 1,Eleven Sports 1 [Eleven],0.002738
2026_01,Disco Polo Music,Adam,WK,0.0006,Disco Polo Music,Disco Polo Music,Disco Polo Music,0.00074
2026_01,Puls 2,Agata,WK,0.0166,Puls 2,Puls 2,Puls 2,0.017112
2026_01,Zoom TV,Agata,WK,0.0059,Zoom TV,ZOOM,ZOOM [Zoom TV],0.003983
2026_01,SPI Kino Polska,Agata,WK,0.003,SPI Kino Polska,Kino Polska,Kino Polska,0.003144
2026_01,History,Agata,WK,0.003,History,History,HISTORY,0.002876
2026_01,CI Polsat,Agata,WK,0.0011,CI Polsat,CI Polsat,CI Polsat [Polsat Crime & Investigation Network],0.000882
2026_01,Polsat News,Dariusz,WK,0.0103,Polsat News,Polsat News,Polsat News,0.010342
2026_01,Stopklatka,Dariusz,WK,0.011899999999999999,Stopklatka,Stopklatka,Stopklatka,0.011416
2026_01,Wydarzenia24,Dariusz,WK,0.011699999999999999,Wydarzenia24,Wydarzenia24,Wydarzenia 24 [Superstacja],0.010814
2026_01,Puls,Łukasz,WK,0.037200000000000004,Puls,TV PULS,TV PULS [PULS],0.03677
2026_01,Polsat 2,Łukasz,WK,0.008199999999999999,Polsat 2,Polsat2,Polsat2,0.0088
2026_01,Polsat Film,Łukasz,WK,0.006500000000000001,Polsat Film,Polsat Film,Polsat Film,0.006042
2026_01,Polsat Sport 1,Łukasz,WK,0.0038,Polsat Sport 1,Polsat Sport 1,Polsat Sport 1 [Polsat Sport],0.00435
2026_01,Polsat Viasat History,Łukasz,WK,0.0018,Polsat Viasat History,Polsat Viasat History,Polsat Viasat History [Viasat History],0.001348
2026_01,Polsat Viasat Explore,Łukasz,WK,0.001,Polsat Viasat Explore,Polsat Viasat Explore,Polsat Viasat Explore [Polsat Viasat Explorer],0.001025
2026_01,Szóstka,Piotr,WK,0.016200000000000003,Szóstka,TV6,TV6,0.018304
2026_01,Super Polsat,Piotr,WK,0.011000000000000001,Super Polsat,Super Polsat,Super Polsat [Polsat Sport News],0.011641
2026_01,WPOLSCE24,Piotr,WK,0.0067,WPOLSCE24,wPolsce24,wPolsce24 [Telewizja WPOLSCE.PL],0.008309
2026_01,AXN,Piotr,WK,0.0025,AXN,AXN,AXN,0.002885
2026_01,BBC First,Piotr,WK,0.0019,BBC First,BBC First,BBC First [BBC HD],0.002051
2026_01,Polsat Play,Rafał,WK,0.004699999999999999,Polsat Play,Polsat Play,Polsat Play,0.003567
2026_01,Polo TV,Rafał,WK,0.0034999999999999996,Polo TV,Polo TV,Polo TV,0.003395
2026_01,SPI Kino TV,Rafał,WK,0.003,SPI Kino TV,FILMBOX+ One,FILMBOX+ One [Kino TV],0.002601
2026_01,Eska TV,Rafał,WK,0.0033,Eska TV,Eska TV [8TV],Eska TV [8TV],0.002654
2026_01,AMC,Rafał,WK,0.0018,AMC,AMC,AMC [MGM],0.002417
2026_01,Czwórka,Wiola,WK,0.0303,Czwórka,TV4 pl,TV4,0.030407
2026_01,TV Republika,Wiola,WK,0.0305,TV Republika,Republika,Republika [TV Republika],0.035888
2026_01,WP,Wiola,WK,0.006,WP,WP,WP,0.005719
2026_01,Polsat Seriale,Wiola,WK,0.0038,Polsat Seriale,Polsat Seriale,Polsat Seriale [Polsat Romans],0.003984
2026_01,Polsat Cafe,Wiola,WK,0.0038,Polsat Cafe,Polsat Cafe,Polsat Cafe,0.003274
2026_01,NBCU 13 Ulica,Wiola,WK,0.0015,NBCU 13 Ulica,13 Ulica,13 Ulica [13th Street Universal],0.001607
2026_01,4FUN.TV,Wiola,WK,0.0018,4FUN.TV,4FUN.TV,4FUN.TV [4fun.tv],0.001643
2026_01,Stars.tv,Wiola,WK,0.0019,Stars.tv,Stars.tv,Stars.tv,0.002136
2026_01,BBC Earth,Piotr,WK,0.0014000000000000002,BBC Earth,BBC Earth,BBC Earth [BBC Knowledge],0.00163
2026_01,AXN White,Piotr,WK,0.0009,AXN White,AXN White,AXN White [AXN Crime],0.000732
2026_01,History2,Agata,WK,0.0015,History2,History2 [H2],HISTORY2 [H2],0.001773
2026_01,Polsat Doku,Dariusz,WK,0.0014000000000000002,Polsat Doku,Polsat Doku,Polsat Doku,0.001215
2026_01,Polsat Sport 2,Adam,WK,0.0008,Polsat Sport 2,Polsat Sport 2,Polsat Sport 2 [Polsat Sport Extra],0.000786
2026_01,Polsat JimJam,Dariusz,WK,0.0012,Polsat JimJam,Polsat JimJam,Polsat JimJam [JimJam],0.001101
2026_01,Epic Drama,Łukasz,WK,0.0008,Epic Drama,Viasat Epic Drama,Viasat Epic Drama [Epic Drama],0.000879
2026_01,NBCU SciFi Universal,Łukasz,WK,0.0007000000000000001,NBCU SciFi Universal,Scifi Universal,Scifi Universal,0.00169
2026_01,4FUN KIDS,Wiola,WK,0.0006,4FUN KIDS,4FUN KIDS,4FUN KIDS [4FUN GOLD],0.00021
2026_01,Polsat News 2,Dariusz,WK,0.0006,Polsat News 2,Polsat News 2,Polsat News 2 [Polsat Biznes],0.000762
2026_01,BBC CBeebies,Dariusz,WK,0.001,BBC CBeebies,BBC CBeebies,BBC CBeebies,0.001758
2026_01,AXN Black,Piotr,WK,0.0014000000000000002,AXN Black,AXN Black,AXN Black [AXN Sci-Fi],0.001828
2026_01,Polsat Rodzina,Piotr,WK,0.0011,Polsat Rodzina,Polsat Rodzina,Polsat Rodzina,0.000939
2026_01,SPI Kino Polska Muzyka,Agata,WK,0.0005,SPI Kino Polska Muzyka,Kino Polska Muzyka,Kino Polska Muzyka,0.000273
2026_01,Polsat Viasat Nature,Łukasz,WK,0.0004,Polsat Viasat Nature,Polsat Viasat Nature,Polsat Viasat Nature [Viasat Nature],0.000487
2026_01,TELE5,Adam,WK,0.0009,TELE5,Tele5,Tele5,0.001111
2026_01,BBC Brit,Piotr,WK,0.0006,BBC Brit,BBC Brit,BBC Brit [BBC Entertainment],0.000556
2026_01,Eska TV Extra,Adam,WK,0.0004,Eska TV Extra,Eska Extra [Eska TV],Eska TV Extra [Eska TV],0.000417
2026_01,BBC Lifestyle,Piotr,WK,0.00084,BBC Lifestyle,BBC Lifestyle,BBC Lifestyle,0.000684
2026_01,4FUN DANCE,Wiola,WK,0.0004,4FUN DANCE,4FUN DANCE,4FUN DANCE [4FUN FIT&DANCE],0.00037
2026_01,Polsat Music,Piotr,WK,0.0005,Polsat Music,Polsat Music HD,Polsat Music HD [Muzo.tv],0.000324
2026_01,Polsat Games,Łukasz,WK,0.0004,Polsat Games,Polsat Games,Polsat Games,0.000408
2026_01,Polsat Sport 3,Rafał,WK,0.0006,Polsat Sport 3,Polsat Sport 3,Polsat Sport 3 [Polsat Sport News HD],0.000543
2026_01,Extreme Sports,Łukasz,WK,1e-05,Extreme Sports,Extreme Sports,Extreme Sports,4.4e-05
2026_01,Vox Music TV,Adam,WK,0.0003,Vox Music TV,Vox Music TV,Vox Music TV,0.000384
2026_01,AXN Spin,Piotr,WK,0.0001,AXN Spin,AXN Spin,AXN Spin,0.00015
2026_01,Eska Rock TV,Adam,WK,0.0003,Eska Rock TV,Eska Rock TV,Eska Rock TV [HIP HOP TV],0.000467
2026_01,Eleven Sports 2,Łukasz,WK,0.00043999999999999996,Eleven Sports 2,Eleven Sports 2,Eleven Sports 2 [Eleven Sports],0.001061
2026_01,NBCU E Entertainment,Wiola,WK,0.0001,NBCU E Entertainment,E!Entertainment,E!Entertainment [E!],6.8e-05
2026_01,POLONIA1,Adam,WK,0.0003,POLONIA1,Polonia 1,Polonia1,0.000228
2026_01,Sundance TV,Agata,WK,0.0001,Sundance TV,Sundance Channel,Sundance Channel,0.000142
2026_01,Novela TV,Dariusz,WK,0.0001,Novela TV,Novela TV,Novela TV,0.000106
2026_01,SPI Gametoon,Agata,WK,1e-05,SPI Gametoon,Gametoon,Gametoon,2.8e-05
2026_01,Golf Zone,Agata,WK,0.0001,Golf Zone,Golf Zone,Golf Zone [Golf Channel Polska],5e-05
2026_01,Water Planet,Adam,WK,1e-05,Water Planet,Water Planet,Water Planet [CSB TV],4.9e-05
2026_01,Polsat Film 2,Łukasz,WK,0.0003,Polsat Film 2,Polsat Film 2,Polsat Film 2,0.000488
2026_01,Polsat Reality,Rafał,WK,0.0003,Polsat Reality,Polsat Reality,Polsat Reality,0.000609
2026_01,Polsat X,Rafał,WK,0.0003,Polsat X,Polsat X,Polsat X,0.000322
2026_01,DaVinci,Dariusz,WK,0.0001,DaVinci,Da Vinci,Da Vinci [Da Vinci Learning],0.00011
2026_01,TVT,Łukasz,WK,0.0001,TVT,TVT,TVT,4.1e-05
2026_01,FILMBOX Premium,Łukasz,WK,0.0003,FILMBOX Premium,FILMBOX+ Hits,FILMBOX+ Hits [FILMBOX Premium],0.000226
2026_01,Ale Kino+,Agata,WK,0.0015,Ale Kino+,Ale Kino+,Ale Kino+ [Ale Kino],0.001649
2026_01,Canal+ Domo,Wiola,WK,0.0012,Canal+ Domo,CANAL+ DOMO,CANAL+ DOMO [Domo+],0.001252
2026_01,Planete+,Dariusz,WK,0.0013,Planete+,Planete+,Planete+ [Planete],0.001568
2026_01,MiniMini+,Dariusz,WK,0.0022,MiniMini+,MiniMini+,MiniMini+ [MiniMini],0.001289
2026_01,teleTOON+,Dariusz,WK,0.0004,teleTOON+,teleTOON+,teleTOON+ [ZigZap/Hyper],0.000355
2026_01,Novelas+,Agata,WK,0.0015,Novelas+,Novelas,Novelas,0.002415
2026_01,CANAL+ KUCHNIA,Wiola,WK,0.0012,CANAL+ KUCHNIA,CANAL+ KUCHNIA,CANAL+ KUCHNIA [kuchnia+],0.001008
2026_01,Canal+ 360,Rafał,WK,0.001,Canal+ 360,CANAL+ 360,Canal+ 360 [Canal+ Family],0.00104
2026_01,Canal+ Sport,Łukasz,WK,0.0004,Canal+ Sport,Canal+ Sport,CANAL+ SPORT [Canal+ Niebieski],0.000711
2026_01,Canal+ Sport2,Adam,WK,0.0002,Canal+ Sport2,Canal+ Sport2,CANAL+ SPORT2,8.6e-05
2026_01,Canal+ Sport3,Adam,WK,0.0005,Canal+ Sport3,CANAL+ SPORT3,CANAL+ SPORT3,0.000438
2026_01,Canal+ Sport4,Rafał,WK,0.0001,Canal+ Sport4,CANAL+ SPORT4,CANAL+ SPORT4,3e-05
2026_01,Canal+ Sport5,Rafał,WK,0.0005,Canal+ Sport5,Canal+ SPORT5,CANAL+ SPORT5 [nSport+],0.000197
2026_01,CANAL+ Extra1,Łukasz,WK,0.0004,CANAL+ Extra1,CANAL+ Extra 1,CANAL+ EXTRA 1,0.001044
2026_01,CANAL+ Extra2,Łukasz,WK,0.0001,CANAL+ Extra2,CANAL+ Extra 2,CANAL+ EXTRA 2,
2026_01,Viasat True Crime,Rafał,WK,0.0004,Viasat True Crime,Viasat True Crime,Viasat True Crime,0.000309
2026_01,Novelas+1,Agata,WK,0.0001,Novelas+1,Novelas+1,Novelas+1 [DIZI],5.2e-05
2026_01,Kabaret TV,Rafał,WK,0.0017,Kabaret TV,Kabaret TV,Kabaret TV,0.001646
2026_01,Polsat News Polityka,Dariusz,WK,0.0008,Polsat News Polityka,Polsat News Polityka,Polsat News Polityka,0.000442
2026_01,CANAL+ Seriale,Wiola,WK,0.0001,CANAL+ Seriale,Canal+ Seriale,Canal+ Seriale [Canal+ Film 2],0.000209
2026_01,CANAL+ Dokument,Wiola,WK,0.0001,CANAL+ Dokument,Canal+ Dokument,Canal+ Dokument [Canal+ Discovery],0.00035
2026_01,DocuBox,Wiola,WK,0.0001,DocuBox,DocuBox,DocuBox,9.5e-05
2026_01,FILMBOX Action,Wiola,WK,0.0001,FILMBOX Action,FILMBOX+ Action,FILMBOX+ Action [FILMBOX Action],0.000215
2026_01,FILMBOX Extra,Wiola,WK,0.0001,FILMBOX Extra,FILMBOX+ Emotion,FILMBOX+ Emotion [FILMBOX Extra],0.000197
2026_01,FILMBOX Family,Wiola,WK,0.0001,FILMBOX Family,FILMBOX+ Comedy,FILMBOX+ Comedy [FILMBOX Family],0.000168
2026_01,TVN,,WK,0.0792,TVN,TVN,TVN,0.076727
2026_01,TVP1,,WK,0.0444,TVP1,TVP1,TVP1,0.045056
2026_01,TVP2,,WK,0.0472,TVP2,TVP2,TVP2,0.050029
2026_02,Polsat,Maciej,DT,0.082330205,Polsat,Polsat,Polsat,0.072383
2026_02,Fokus TV,Adam,DT,0.00934344,Fokus TV,Fokus TV,Fokus TV,0.008526
2026_02,Nowa TV,Adam,DT,0.004188460000000001,Nowa TV,Nowa TV,Nowa TV,0.004189
2026_02,Eleven Sports 1,Adam,DT,0.0025295450000000002,Eleven Sports 1,Eleven Sports 1,Eleven Sports 1 [Eleven],0.002333
2026_02,Disco Polo Music,Adam,DT,0.00077913,Disco Polo Music,Disco Polo Music,Disco Polo Music,0.000617
2026_02,Puls 2,Agata,DT,0.018721650000000003,Puls 2,Puls 2,Puls 2,0.015178
2026_02,Zoom TV,Agata,DT,0.0050832,Zoom TV,ZOOM,ZOOM [Zoom TV],0.004387
2026_02,SPI Kino Polska,Agata,DT,0.0030878225000000002,SPI Kino Polska,Kino Polska,Kino Polska,0.002484
2026_02,History,Agata,DT,0.0030444975,History,History,HISTORY,0.00317
2026_02,CI Polsat,Agata,DT,0.00123057,CI Polsat,CI Polsat,CI Polsat [Polsat Crime & Investigation Network],0.001597
2026_02,Polsat News,Dariusz,DT,0.009984975,Polsat News,Polsat News,Polsat News,0.010103
2026_02,Stopklatka,Dariusz,DT,0.011662694999999999,Stopklatka,Stopklatka,Stopklatka,0.010111
2026_02,Wydarzenia24,Dariusz,DT,0.010521770000000001,Wydarzenia24,Wydarzenia24,Wydarzenia 24 [Superstacja],0.01025
2026_02,Puls,Łukasz,DT,0.0385557325,Puls,TV PULS,TV PULS [PULS],0.033127
2026_02,Polsat 2,Łukasz,DT,0.008811247500000001,Polsat 2,Polsat2,Polsat2,0.007889
2026_02,Polsat Film,Łukasz,DT,0.00660429,Polsat Film,Polsat Film,Polsat Film,0.005499
2026_02,Polsat Sport 1,Łukasz,DT,0.0040662075,Polsat Sport 1,Polsat Sport 1,Polsat Sport 1 [Polsat Sport],0.003573
2026_02,Polsat Viasat History,Łukasz,DT,0.0014246999999999999,Polsat Viasat History,Polsat Viasat History,Polsat Viasat History [Viasat History],0.001298
2026_02,Polsat Viasat Explore,Łukasz,DT,0.0011781,Polsat Viasat Explore,Polsat Viasat Explore,Polsat Viasat Explore [Polsat Viasat Explorer],0.001211
2026_02,Szóstka,Piotr,DT,0.016376025,Szóstka,TV6,TV6,0.01867
2026_02,Super Polsat,Piotr,DT,0.011009075,Super Polsat,Super Polsat,Super Polsat [Polsat Sport News],0.011545
2026_02,WPOLSCE24,Piotr,DT,0.006387997500000001,WPOLSCE24,wPolsce24,wPolsce24 [Telewizja WPOLSCE.PL],0.007776
2026_02,AXN,Piotr,DT,0.0031350825,AXN,AXN,AXN,0.002948
2026_02,BBC First,Piotr,DT,0.00182608,BBC First,BBC First,BBC First [BBC HD],0.001704
2026_02,Polsat Play,Rafał,DT,0.004357125,Polsat Play,Polsat Play,Polsat Play,0.00352
2026_02,Polo TV,Rafał,DT,0.00395372,Polo TV,Polo TV,Polo TV,0.002886
2026_02,SPI Kino TV,Rafał,DT,0.00328779,SPI Kino TV,FILMBOX+ One,FILMBOX+ One [Kino TV],0.003363
2026_02,Eska TV,Rafał,DT,0.0035887825000000006,Eska TV,Eska TV [8TV],Eska TV [8TV],0.003458
2026_02,AMC,Rafał,DT,0.0019337849999999997,AMC,AMC,AMC [MGM],0.003548
2026_02,Czwórka,Wiola,DT,0.028705179999999997,Czwórka,TV4 pl,TV4,0.028894
2026_02,TV Republika,Wiola,DT,0.0318648,TV Republika,Republika,Republika [TV Republika],0.034032
2026_02,WP,Wiola,DT,0.005794875,WP,WP,WP,0.005103
2026_02,Polsat Seriale,Wiola,DT,0.0038053125,Polsat Seriale,Polsat Seriale,Polsat Seriale [Polsat Romans],0.004072
2026_02,Polsat Cafe,Wiola,DT,0.00380358,Polsat Cafe,Polsat Cafe,Polsat Cafe,0.003195
2026_02,NBCU 13 Ulica,Wiola,DT,0.0015847425,NBCU 13 Ulica,13 Ulica,13 Ulica [13th Street Universal],0.001948
2026_02,4FUN.TV,Wiola,DT,0.0015192875,4FUN.TV,4FUN.TV,4FUN.TV [4fun.tv],0.001494
2026_02,Stars.tv,Wiola,DT,0.0020569724999999995,Stars.tv,Stars.tv,Stars.tv,0.001979
2026_02,BBC Earth,Piotr,DT,0.0017651400000000001,BBC Earth,BBC Earth,BBC Earth [BBC Knowledge],0.001554
2026_02,AXN White,Piotr,DT,0.0008902575,AXN White,AXN White,AXN White [AXN Crime],0.000368
2026_02,History2,Agata,DT,0.0015570224999999999,History2,History2 [H2],HISTORY2 [H2],0.001536
2026_02,Polsat Doku,Dariusz,DT,0.0013277900000000001,Polsat Doku,Polsat Doku,Polsat Doku,0.001051
2026_02,Polsat Sport 2,Adam,DT,0.000997335,Polsat Sport 2,Polsat Sport 2,Polsat Sport 2 [Polsat Sport Extra],0.000694
2026_02,Polsat JimJam,Dariusz,DT,0.0012676200000000001,Polsat JimJam,Polsat JimJam,Polsat JimJam [JimJam],0.001055
2026_02,Epic Drama,Łukasz,DT,0.0009036000000000002,Epic Drama,Viasat Epic Drama,Viasat Epic Drama [Epic Drama],0.000853
2026_02,NBCU SciFi Universal,Łukasz,DT,0.0011112750000000001,NBCU SciFi Universal,Scifi Universal,Scifi Universal,0.001221
2026_02,4FUN KIDS,Wiola,DT,0.00053559,4FUN KIDS,4FUN KIDS,4FUN KIDS [4FUN GOLD],0.000227
2026_02,Polsat News 2,Dariusz,DT,0.000810855,Polsat News 2,Polsat News 2,Polsat News 2 [Polsat Biznes],0.000635
2026_02,BBC CBeebies,Dariusz,DT,0.00108676,BBC CBeebies,BBC CBeebies,BBC CBeebies,0.001783
2026_02,AXN Black,Piotr,DT,0.0015990975000000002,AXN Black,AXN Black,AXN Black [AXN Sci-Fi],0.002027
2026_02,Polsat Rodzina,Piotr,DT,0.000977985,Polsat Rodzina,Polsat Rodzina,Polsat Rodzina,0.000882
2026_02,SPI Kino Polska Muzyka,Agata,DT,0.00043516000000000003,SPI Kino Polska Muzyka,Kino Polska Muzyka,Kino Polska Muzyka,0.000342
2026_02,Polsat Viasat Nature,Łukasz,DT,0.000505395,Polsat Viasat Nature,Polsat Viasat Nature,Polsat Viasat Nature [Viasat Nature],0.000613
2026_02,TELE5,Adam,DT,0.0009194625000000001,TELE5,Tele5,Tele5,0.001015
2026_02,BBC Brit,Piotr,DT,0.0006529050000000001,BBC Brit,BBC Brit,BBC Brit [BBC Entertainment],0.00061
2026_02,Eska TV Extra,Adam,DT,0.0004268737499999999,Eska TV Extra,Eska Extra [Eska TV],Eska TV Extra [Eska TV],0.000456
2026_02,BBC Lifestyle,Piotr,DT,0.0007307349999999999,BBC Lifestyle,BBC Lifestyle,BBC Lifestyle,0.000653
2026_02,4FUN DANCE,Wiola,DT,0.0003492225,4FUN DANCE,4FUN DANCE,4FUN DANCE [4FUN FIT&DANCE],0.000423
2026_02,Polsat Music,Piotr,DT,0.00041208749999999995,Polsat Music,Polsat Music HD,Polsat Music HD [Muzo.tv],0.000261
2026_02,Polsat Games,Łukasz,DT,0.0004266,Polsat Games,Polsat Games,Polsat Games,0.000374
2026_02,Polsat Sport 3,Rafał,DT,0.0005846925,Polsat Sport 3,Polsat Sport 3,Polsat Sport 3 [Polsat Sport News HD],0.000426
2026_02,Extreme Sports,Łukasz,DT,3.00475e-05,Extreme Sports,Extreme Sports,Extreme Sports,5.2e-05
2026_02,Vox Music TV,Adam,DT,0.0003249674999999999,Vox Music TV,Vox Music TV,Vox Music TV,0.000254
2026_02,AXN Spin,Piotr,DT,0.000150975,AXN Spin,AXN Spin,AXN Spin,0.000118
2026_02,Eska Rock TV,Adam,DT,0.00031084375,Eska Rock TV,Eska Rock TV,Eska Rock TV [HIP HOP TV],0.000379
2026_02,Eleven Sports 2,Łukasz,DT,0.0005411075,Eleven Sports 2,Eleven Sports 2,Eleven Sports 2 [Eleven Sports],0.000756
2026_02,NBCU E Entertainment,Wiola,DT,0.00011484,NBCU E Entertainment,E!Entertainment,E!Entertainment [E!],0.000155
2026_02,POLONIA1,Adam,DT,0.000266135,POLONIA1,Polonia 1,Polonia1,0.000174
2026_02,Sundance TV,Agata,DT,0.0001421575,Sundance TV,Sundance Channel,Sundance Channel,0.00014
2026_02,Novela TV,Dariusz,DT,9.6455e-05,Novela TV,Novela TV,Novela TV,6.1e-05
2026_02,SPI Gametoon,Agata,DT,5.3954999999999994e-05,SPI Gametoon,Gametoon,Gametoon,2.4e-05
2026_02,Golf Zone,Agata,DT,4.242e-05,Golf Zone,Golf Zone,Golf Zone [Golf Channel Polska],5.2e-05
2026_02,Water Planet,Adam,DT,2.8027499999999996e-05,Water Planet,Water Planet,Water Planet [CSB TV],7.2e-05
2026_02,Polsat Film 2,Łukasz,DT,0.0002816625,Polsat Film 2,Polsat Film 2,Polsat Film 2,0.000483
2026_02,Polsat Reality,Rafał,DT,0.00040185,Polsat Reality,Polsat Reality,Polsat Reality,0.000663
2026_02,Polsat X,Rafał,DT,0.0002618,Polsat X,Polsat X,Polsat X,0.000331
2026_02,DaVinci,Dariusz,DT,8.61025e-05,DaVinci,Da Vinci,Da Vinci [Da Vinci Learning],6.5e-05
2026_02,TVT,Łukasz,DT,1.8592500000000002e-05,TVT,TVT,TVT,0.000127
2026_02,FILMBOX Premium,Łukasz,DT,0.0002926475,FILMBOX Premium,FILMBOX+ Hits,FILMBOX+ Hits [FILMBOX Premium],0.000263
2026_02,Ale Kino+,Agata,DT,0.0014684175,Ale Kino+,Ale Kino+,Ale Kino+ [Ale Kino],0.00188
2026_02,Canal+ Domo,Wiola,DT,0.0010362824999999999,Canal+ Domo,CANAL+ DOMO,CANAL+ DOMO [Domo+],0.001099
2026_02,Planete+,Dariusz,DT,0.0013325375,Planete+,Planete+,Planete+ [Planete],0.001567
2026_02,MiniMini+,Dariusz,DT,0.0018936225000000001,MiniMini+,MiniMini+,MiniMini+ [MiniMini],0.001297
2026_02,teleTOON+,Dariusz,DT,0.000395505,teleTOON+,teleTOON+,teleTOON+ [ZigZap/Hyper],0.000327
2026_02,Novelas+,Agata,DT,0.00168003,Novelas+,Novelas,Novelas,0.002567
2026_02,CANAL+ KUCHNIA,Wiola,DT,0.0011009000000000001,CANAL+ KUCHNIA,CANAL+ KUCHNIA,CANAL+ KUCHNIA [kuchnia+],0.000999
2026_02,Canal+ 360,Rafał,DT,0.000913275,Canal+ 360,CANAL+ 360,Canal+ 360 [Canal+ Family],0.000998
2026_02,Canal+ Sport,Łukasz,DT,0.00077589,Canal+ Sport,Canal+ Sport,CANAL+ SPORT [Canal+ Niebieski],0.000686
2026_02,Canal+ Sport2,Adam,DT,0.0004323450000000001,Canal+ Sport2,Canal+ Sport2,CANAL+ SPORT2,0.000423
2026_02,Canal+ Sport3,Adam,DT,0.0009620925000000002,Canal+ Sport3,CANAL+ SPORT3,CANAL+ SPORT3,0.003063
2026_02,Canal+ Sport4,Rafał,DT,6.41025e-05,Canal+ Sport4,CANAL+ SPORT4,CANAL+ SPORT4,0.000111
2026_02,Canal+ Sport5,Rafał,DT,0.00031052250000000004,Canal+ Sport5,Canal+ SPORT5,CANAL+ SPORT5 [nSport+],0.00047
2026_02,CANAL+ Extra1,Łukasz,DT,0.001036425,CANAL+ Extra1,CANAL+ Extra 1,CANAL+ EXTRA 1,0.000962
2026_02,CANAL+ Extra2,Łukasz,DT,0.00017962500000000002,CANAL+ Extra2,CANAL+ Extra 2,CANAL+ EXTRA 2,
2026_02,Viasat True Crime,Rafał,DT,0.000355905,Viasat True Crime,Viasat True Crime,Viasat True Crime,0.00038
2026_02,Novelas+1,Agata,DT,0.00017018499999999997,Novelas+1,Novelas+1,Novelas+1 [DIZI],0.000134
2026_02,Kabaret TV,Rafał,DT,0.0018619350000000001,Kabaret TV,Kabaret TV,Kabaret TV,0.001362
2026_02,Polsat News Polityka,Dariusz,DT,0.0005484625,Polsat News Polityka,Polsat News Polityka,Polsat News Polityka,0.000492
2026_02,CANAL+ Seriale,Wiola,DT,0.000246,CANAL+ Seriale,Canal+ Seriale,Canal+ Seriale [Canal+ Film 2],0.000137
2026_02,CANAL+ Dokument,Wiola,DT,0.0002055,CANAL+ Dokument,Canal+ Dokument,Canal+ Dokument [Canal+ Discovery],0.000294
2026_02,DocuBox,Dariusz,DT,9.05e-05,DocuBox,DocuBox,DocuBox,7.6e-05
2026_02,FILMBOX Action,Rafał,DT,9.05e-05,FILMBOX Action,FILMBOX+ Action,FILMBOX+ Action [FILMBOX Action],0.000305
2026_02,FILMBOX Extra,Rafał,DT,9.05e-05,FILMBOX Extra,FILMBOX+ Emotion,FILMBOX+ Emotion [FILMBOX Extra],0.00017
2026_02,FILMBOX Family,Rafał,DT,9.05e-05,FILMBOX Family,FILMBOX+ Comedy,FILMBOX+ Comedy [FILMBOX Family],0.000213
2026_02,TVN,,DT,0.07580125,TVN,TVN,TVN,0.075707
2026_02,TVP1,,DT,0.044979,TVP1,TVP1,TVP1,0.049938
2026_02,TVP2,,DT,0.04816475,TVP2,TVP2,TVP2,0.050424
2026_02,Polsat,Maciej,MJ,0.07869205631800479,Polsat,Polsat,Polsat,0.072383
2026_02,Fokus TV,Adam,MJ,0.009642203290292365,Fokus TV,Fokus TV,Fokus TV,0.008526
2026_02,Nowa TV,Adam,MJ,0.004329189727468882,Nowa TV,Nowa TV,Nowa TV,0.004189
2026_02,Eleven Sports 1,Adam,MJ,0.0028274999999999997,Eleven Sports 1,Eleven Sports 1,Eleven Sports 1 [Eleven],0.002333
2026_02,Disco Polo Music,Adam,MJ,0.00092625,Disco Polo Music,Disco Polo Music,Disco Polo Music,0.000617
2026_02,Puls 2,Agata,MJ,0.01952219198844593,Puls 2,Puls 2,Puls 2,0.015178
2026_02,Zoom TV,Agata,MJ,0.0049725,Zoom TV,ZOOM,ZOOM [Zoom TV],0.004387
2026_02,SPI Kino Polska,Agata,MJ,0.0030044630985097184,SPI Kino Polska,Kino Polska,Kino Polska,0.002484
2026_02,History,Agata,MJ,0.003315,History,History,HISTORY,0.00317
2026_02,CI Polsat,Agata,MJ,0.001209,CI Polsat,CI Polsat,CI Polsat [Polsat Crime & Investigation Network],0.001597
2026_02,Polsat News,Dariusz,MJ,0.009354785762954584,Polsat News,Polsat News,Polsat News,0.010103
2026_02,Stopklatka,Dariusz,MJ,0.010479646717072851,Stopklatka,Stopklatka,Stopklatka,0.010111
2026_02,Wydarzenia24,Dariusz,MJ,0.010937743077615934,Wydarzenia24,Wydarzenia24,Wydarzenia 24 [Superstacja],0.01025
2026_02,Puls,Łukasz,MJ,0.037444804627334356,Puls,TV PULS,TV PULS [PULS],0.033127
2026_02,Polsat 2,Łukasz,MJ,0.008913319437155138,Polsat 2,Polsat2,Polsat2,0.007889
2026_02,Polsat Film,Łukasz,MJ,0.006146959010080335,Polsat Film,Polsat Film,Polsat Film,0.005499
2026_02,Polsat Sport 1,Łukasz,MJ,0.0037178190527850158,Polsat Sport 1,Polsat Sport 1,Polsat Sport 1 [Polsat Sport],0.003573
2026_02,Polsat Viasat History,Łukasz,MJ,0.0016964999999999999,Polsat Viasat History,Polsat Viasat History,Polsat Viasat History [Viasat History],0.001298
2026_02,Polsat Viasat Explore,Łukasz,MJ,0.0010622110807467268,Polsat Viasat Explore,Polsat Viasat Explore,Polsat Viasat Explore [Polsat Viasat Explorer],0.001211
2026_02,Szóstka,Piotr,MJ,0.017627426455622274,Szóstka,TV6,TV6,0.01867
2026_02,Super Polsat,Piotr,MJ,0.010435694064943466,Super Polsat,Super Polsat,Super Polsat [Polsat Sport News],0.011545
2026_02,WPOLSCE24,Piotr,MJ,0.0077025,WPOLSCE24,wPolsce24,wPolsce24 [Telewizja WPOLSCE.PL],0.007776
2026_02,AXN,Piotr,MJ,0.00312,AXN,AXN,AXN,0.002948
2026_02,BBC First,Piotr,MJ,0.0014917499999999998,BBC First,BBC First,BBC First [BBC HD],0.001704
2026_02,Polsat Play,Rafał,MJ,0.0035609261787921663,Polsat Play,Polsat Play,Polsat Play,0.00352
2026_02,Polo TV,Rafał,MJ,0.003661303958720748,Polo TV,Polo TV,Polo TV,0.002886
2026_02,SPI Kino TV,Rafał,MJ,0.0028232948539491424,SPI Kino TV,FILMBOX+ One,FILMBOX+ One [Kino TV],0.003363
2026_02,Eska TV,Rafał,MJ,0.003691655534725798,Eska TV,Eska TV [8TV],Eska TV [8TV],0.003458
2026_02,AMC,Rafał,MJ,0.0014625,AMC,AMC,AMC [MGM],0.003548
2026_02,Czwórka,Wiola,MJ,0.028177499999999998,Czwórka,TV4 pl,TV4,0.028894
2026_02,TV Republika,Wiola,MJ,0.0307125,TV Republika,Republika,Republika [TV Republika],0.034032
2026_02,WP,Wiola,MJ,0.005030143385250366,WP,WP,WP,0.005103
2026_02,Polsat Seriale,Wiola,MJ,0.003240719582527153,Polsat Seriale,Polsat Seriale,Polsat Seriale [Polsat Romans],0.004072
2026_02,Polsat Cafe,Wiola,MJ,0.0032434256538807302,Polsat Cafe,Polsat Cafe,Polsat Cafe,0.003195
2026_02,NBCU 13 Ulica,Wiola,MJ,0.0015014999999999998,NBCU 13 Ulica,13 Ulica,13 Ulica [13th Street Universal],0.001948
2026_02,4FUN.TV,Wiola,MJ,0.00113481390413381,4FUN.TV,4FUN.TV,4FUN.TV [4fun.tv],0.001494
2026_02,Stars.tv,Wiola,MJ,0.0024106632087929182,Stars.tv,Stars.tv,Stars.tv,0.001979
2026_02,BBC Earth,Piotr,MJ,0.001833,BBC Earth,BBC Earth,BBC Earth [BBC Knowledge],0.001554
2026_02,AXN White,Piotr,MJ,0.0006630000000000001,AXN White,AXN White,AXN White [AXN Crime],0.000368
2026_02,History2,Agata,MJ,0.0016380000000000001,History2,History2 [H2],HISTORY2 [H2],0.001536
2026_02,Polsat Doku,Dariusz,MJ,0.00116025,Polsat Doku,Polsat Doku,Polsat Doku,0.001051
2026_02,Polsat Sport 2,Adam,MJ,0.0010725,Polsat Sport 2,Polsat Sport 2,Polsat Sport 2 [Polsat Sport Extra],0.000694
2026_02,Polsat JimJam,Dariusz,MJ,0.0014290994299671889,Polsat JimJam,Polsat JimJam,Polsat JimJam [JimJam],0.001055
2026_02,Epic Drama,Łukasz,MJ,0.0011114999999999999,Epic Drama,Viasat Epic Drama,Viasat Epic Drama [Epic Drama],0.000853
2026_02,NBCU SciFi Universal,Łukasz,MJ,0.00116025,NBCU SciFi Universal,Scifi Universal,Scifi Universal,0.001221
2026_02,4FUN KIDS,Wiola,MJ,0.00043310757693802276,4FUN KIDS,4FUN KIDS,4FUN KIDS [4FUN GOLD],0.000227
2026_02,Polsat News 2,Dariusz,MJ,0.00073125,Polsat News 2,Polsat News 2,Polsat News 2 [Polsat Biznes],0.000635
2026_02,BBC CBeebies,Dariusz,MJ,0.0008482499999999999,BBC CBeebies,BBC CBeebies,BBC CBeebies,0.001783
2026_02,AXN Black,Piotr,MJ,0.0014917499999999998,AXN Black,AXN Black,AXN Black [AXN Sci-Fi],0.002027
2026_02,Polsat Rodzina,Piotr,MJ,0.0008774999999999999,Polsat Rodzina,Polsat Rodzina,Polsat Rodzina,0.000882
2026_02,SPI Kino Polska Muzyka,Agata,MJ,0.0005381975269657639,SPI Kino Polska Muzyka,Kino Polska Muzyka,Kino Polska Muzyka,0.000342
2026_02,Polsat Viasat Nature,Łukasz,MJ,0.00027640792276501555,Polsat Viasat Nature,Polsat Viasat Nature,Polsat Viasat Nature [Viasat Nature],0.000613
2026_02,TELE5,Adam,MJ,0.0007650626098942036,TELE5,Tele5,Tele5,0.001015
2026_02,BBC Brit,Piotr,MJ,0.00063375,BBC Brit,BBC Brit,BBC Brit [BBC Entertainment],0.00061
2026_02,Eska TV Extra,Adam,MJ,0.00031079472389742023,Eska TV Extra,Eska Extra [Eska TV],Eska TV Extra [Eska TV],0.000456
2026_02,BBC Lifestyle,Piotr,MJ,0.0007215955747283822,BBC Lifestyle,BBC Lifestyle,BBC Lifestyle,0.000653
2026_02,4FUN DANCE,Wiola,MJ,0.0003057915714177192,4FUN DANCE,4FUN DANCE,4FUN DANCE [4FUN FIT&DANCE],0.000423
2026_02,Polsat Music,Piotr,MJ,0.0003852805106971585,Polsat Music,Polsat Music HD,Polsat Music HD [Muzo.tv],0.000261
2026_02,Polsat Games,Łukasz,MJ,0.0003705,Polsat Games,Polsat Games,Polsat Games,0.000374
2026_02,Polsat Sport 3,Rafał,MJ,0.00053625,Polsat Sport 3,Polsat Sport 3,Polsat Sport 3 [Polsat Sport News HD],0.000426
2026_02,Extreme Sports,Łukasz,MJ,1.2046825114536322e-05,Extreme Sports,Extreme Sports,Extreme Sports,5.2e-05
2026_02,Vox Music TV,Adam,MJ,0.0003216142922433464,Vox Music TV,Vox Music TV,Vox Music TV,0.000254
2026_02,AXN Spin,Piotr,MJ,0.00020475000000000002,AXN Spin,AXN Spin,AXN Spin,0.000118
2026_02,Eska Rock TV,Adam,MJ,0.000234,Eska Rock TV,Eska Rock TV,Eska Rock TV [HIP HOP TV],0.000379
2026_02,Eleven Sports 2,Łukasz,MJ,0.0006052468442470554,Eleven Sports 2,Eleven Sports 2,Eleven Sports 2 [Eleven Sports],0.000756
2026_02,NBCU E Entertainment,Wiola,MJ,0.0001098030610000995,NBCU E Entertainment,E!Entertainment,E!Entertainment [E!],0.000155
2026_02,POLONIA1,Adam,MJ,0.0002447645349907791,POLONIA1,Polonia 1,Polonia1,0.000174
2026_02,Sundance TV,Agata,MJ,7.695046872625731e-05,Sundance TV,Sundance Channel,Sundance Channel,0.00014
2026_02,Novela TV,Dariusz,MJ,9.003881558249596e-05,Novela TV,Novela TV,Novela TV,6.1e-05
2026_02,SPI Gametoon,Agata,MJ,2.2495677275529497e-05,SPI Gametoon,Gametoon,Gametoon,2.4e-05
2026_02,Golf Zone,Agata,MJ,5.4288984480385965e-05,Golf Zone,Golf Zone,Golf Zone [Golf Channel Polska],5.2e-05
2026_02,Water Planet,Adam,MJ,3.229648928623066e-05,Water Planet,Water Planet,Water Planet [CSB TV],7.2e-05
2026_02,Polsat Film 2,Łukasz,MJ,0.00040950000000000003,Polsat Film 2,Polsat Film 2,Polsat Film 2,0.000483
2026_02,Polsat Reality,Rafał,MJ,0.00041,Polsat Reality,Polsat Reality,Polsat Reality,0.000663
2026_02,Polsat X,Rafał,MJ,0.000312,Polsat X,Polsat X,Polsat X,0.000331
2026_02,DaVinci,Dariusz,MJ,3.69979822617914e-05,DaVinci,Da Vinci,Da Vinci [Da Vinci Learning],6.5e-05
2026_02,TVT,Łukasz,MJ,2.925e-05,TVT,TVT,TVT,0.000127
2026_02,FILMBOX Premium,Łukasz,MJ,0.00022425,FILMBOX Premium,FILMBOX+ Hits,FILMBOX+ Hits [FILMBOX Premium],0.000263
2026_02,Ale Kino+,Agata,MJ,0.00151125,Ale Kino+,Ale Kino+,Ale Kino+ [Ale Kino],0.00188
2026_02,Canal+ Domo,Wiola,MJ,0.0010505363275089398,Canal+ Domo,CANAL+ DOMO,CANAL+ DOMO [Domo+],0.001099
2026_02,Planete+,Dariusz,MJ,0.0013877056498538,Planete+,Planete+,Planete+ [Planete],0.001567
2026_02,MiniMini+,Dariusz,MJ,0.00217425,MiniMini+,MiniMini+,MiniMini+ [MiniMini],0.001297
2026_02,teleTOON+,Dariusz,MJ,0.0002790745796347823,teleTOON+,teleTOON+,teleTOON+ [ZigZap/Hyper],0.000327
2026_02,Novelas+,Agata,MJ,0.0020865,Novelas+,Novelas,Novelas,0.002567
2026_02,CANAL+ KUCHNIA,Wiola,MJ,0.001287,CANAL+ KUCHNIA,CANAL+ KUCHNIA,CANAL+ KUCHNIA [kuchnia+],0.000999
2026_02,Canal+ 360,Rafał,MJ,0.0010725,Canal+ 360,CANAL+ 360,Canal+ 360 [Canal+ Family],0.000998
2026_02,Canal+ Sport,Łukasz,MJ,0.000975,Canal+ Sport,Canal+ Sport,CANAL+ SPORT [Canal+ Niebieski],0.000686
2026_02,Canal+ Sport2,Adam,MJ,0.0010725,Canal+ Sport2,Canal+ Sport2,CANAL+ SPORT2,0.000423
2026_02,Canal+ Sport3,Adam,MJ,0.00195,Canal+ Sport3,CANAL+ SPORT3,CANAL+ SPORT3,0.003063
2026_02,Canal+ Sport4,Rafał,MJ,8.30959281454604e-05,Canal+ Sport4,CANAL+ SPORT4,CANAL+ SPORT4,0.000111
2026_02,Canal+ Sport5,Rafał,MJ,0.0003970908783172007,Canal+ Sport5,Canal+ SPORT5,CANAL+ SPORT5 [nSport+],0.00047
2026_02,CANAL+ Extra1,Łukasz,MJ,0.000975,CANAL+ Extra1,CANAL+ Extra 1,CANAL+ EXTRA 1,0.000962
2026_02,CANAL+ Extra2,Łukasz,MJ,0.000195,CANAL+ Extra2,CANAL+ Extra 2,CANAL+ EXTRA 2,
2026_02,Viasat True Crime,Rafał,MJ,0.00043874999999999996,Viasat True Crime,Viasat True Crime,Viasat True Crime,0.00038
2026_02,Novelas+1,Agata,MJ,7.071662228917076e-06,Novelas+1,Novelas+1,Novelas+1 [DIZI],0.000134
2026_02,Kabaret TV,Rafał,MJ,0.0020475,Kabaret TV,Kabaret TV,Kabaret TV,0.001362
2026_02,Polsat News Polityka,Dariusz,MJ,0.00063375,Polsat News Polityka,Polsat News Polityka,Polsat News Polityka,0.000492
2026_02,TVN,,MJ,0.07539495961812448,TVN,TVN,TVN,0.075707
2026_02,TVP1,,MJ,0.059475,TVP1,TVP1,TVP1,0.049938
2026_02,TVP2,,MJ,0.0560625,TVP2,TVP2,TVP2,0.050424
2026_02,Polsat,Maciej,AKB,0.07791596576911086,Polsat,Polsat,Polsat,0.072383
2026_02,Fokus TV,Adam,AKB,0.009842640599625235,Fokus TV,Fokus TV,Fokus TV,0.008526
2026_02,Nowa TV,Adam,AKB,0.004375295347621537,Nowa TV,Nowa TV,Nowa TV,0.004189
2026_02,Eleven Sports 1,Adam,AKB,0.002867585795454545,Eleven Sports 1,Eleven Sports 1,Eleven Sports 1 [Eleven],0.002333
2026_02,Disco Polo Music,Adam,AKB,0.0008594432601880878,Disco Polo Music,Disco Polo Music,Disco Polo Music,0.000617
2026_02,Puls 2,Agata,AKB,0.01951809865433574,Puls 2,Puls 2,Puls 2,0.015178
2026_02,Zoom TV,Agata,AKB,0.004423596139839767,Zoom TV,ZOOM,ZOOM [Zoom TV],0.004387
2026_02,SPI Kino Polska,Agata,AKB,0.0030845855379188713,SPI Kino Polska,Kino Polska,Kino Polska,0.002484
2026_02,History,Agata,AKB,0.003578065077910175,History,History,HISTORY,0.00317
2026_02,CI Polsat,Agata,AKB,0.0010011092581602371,CI Polsat,CI Polsat,CI Polsat [Polsat Crime & Investigation Network],0.001597
2026_02,Polsat News,Dariusz,AKB,0.009997930524150093,Polsat News,Polsat News,Polsat News,0.010103
2026_02,Stopklatka,Dariusz,AKB,0.011719563600072582,Stopklatka,Stopklatka,Stopklatka,0.010111
2026_02,Wydarzenia24,Dariusz,AKB,0.01006576880496054,Wydarzenia24,Wydarzenia24,Wydarzenia 24 [Superstacja],0.01025
2026_02,Puls,Łukasz,AKB,0.03576404005836576,Puls,TV PULS,TV PULS [PULS],0.033127
2026_02,Polsat 2,Łukasz,AKB,0.009013829361296473,Polsat 2,Polsat2,Polsat2,0.007889
2026_02,Polsat Film,Łukasz,AKB,0.006765016049607878,Polsat Film,Polsat Film,Polsat Film,0.005499
2026_02,Polsat Sport 1,Łukasz,AKB,0.0033380014869888474,Polsat Sport 1,Polsat Sport 1,Polsat Sport 1 [Polsat Sport],0.003573
2026_02,Polsat Viasat History,Łukasz,AKB,0.001964863760572544,Polsat Viasat History,Polsat Viasat History,Polsat Viasat History [Viasat History],0.001298
2026_02,Polsat Viasat Explore,Łukasz,AKB,0.0010973900000000004,Polsat Viasat Explore,Polsat Viasat Explore,Polsat Viasat Explore [Polsat Viasat Explorer],0.001211
2026_02,Szóstka,Piotr,AKB,0.017075094531882884,Szóstka,TV6,TV6,0.01867
2026_02,Super Polsat,Piotr,AKB,0.010468275130461476,Super Polsat,Super Polsat,Super Polsat [Polsat Sport News],0.011545
2026_02,WPOLSCE24,Piotr,AKB,0.007418101398183557,WPOLSCE24,wPolsce24,wPolsce24 [Telewizja WPOLSCE.PL],0.007776
2026_02,AXN,Piotr,AKB,0.0027597559640102826,AXN,AXN,AXN,0.002948
2026_02,BBC First,Piotr,AKB,0.001734053941908714,BBC First,BBC First,BBC First [BBC HD],0.001704
2026_02,Polsat Play,Rafał,AKB,0.0041309996677740875,Polsat Play,Polsat Play,Polsat Play,0.00352
2026_02,Polo TV,Rafał,AKB,0.0033208038166162436,Polo TV,Polo TV,Polo TV,0.002886
2026_02,SPI Kino TV,Rafał,AKB,0.0033997029940119757,SPI Kino TV,FILMBOX+ One,FILMBOX+ One [Kino TV],0.003363
2026_02,Eska TV,Rafał,AKB,0.0027224846023688664,Eska TV,Eska TV [8TV],Eska TV [8TV],0.003458
2026_02,AMC,Rafał,AKB,0.001949321882951654,AMC,AMC,AMC [MGM],0.003548
2026_02,Czwórka,Wiola,AKB,0.028743210258706763,Czwórka,TV4 pl,TV4,0.028894
2026_02,TV Republika,Wiola,AKB,0.03185990594594595,TV Republika,Republika,Republika [TV Republika],0.034032
2026_02,WP,Wiola,AKB,0.005541530287696979,WP,WP,WP,0.005103
2026_02,Polsat Seriale,Wiola,AKB,0.003619753541076488,Polsat Seriale,Polsat Seriale,Polsat Seriale [Polsat Romans],0.004072
2026_02,Polsat Cafe,Wiola,AKB,0.003981106424774671,Polsat Cafe,Polsat Cafe,Polsat Cafe,0.003195
2026_02,NBCU 13 Ulica,Wiola,AKB,0.0010828525222024868,NBCU 13 Ulica,13 Ulica,13 Ulica [13th Street Universal],0.001948
2026_02,4FUN.TV,Wiola,AKB,0.0013410387825233184,4FUN.TV,4FUN.TV,4FUN.TV [4fun.tv],0.001494
2026_02,Stars.tv,Wiola,AKB,0.00202763133640553,Stars.tv,Stars.tv,Stars.tv,0.001979
2026_02,BBC Earth,Piotr,AKB,0.001972938144329897,BBC Earth,BBC Earth,BBC Earth [BBC Knowledge],0.001554
2026_02,AXN White,Piotr,AKB,0.0008538274647887323,AXN White,AXN White,AXN White [AXN Crime],0.000368
2026_02,History2,Agata,AKB,0.0017010335861321777,History2,History2 [H2],HISTORY2 [H2],0.001536
2026_02,Polsat Doku,Dariusz,AKB,0.0014558763523956728,Polsat Doku,Polsat Doku,Polsat Doku,0.001051
2026_02,Polsat Sport 2,Adam,AKB,0.0010210176412289397,Polsat Sport 2,Polsat Sport 2,Polsat Sport 2 [Polsat Sport Extra],0.000694
2026_02,Polsat JimJam,Dariusz,AKB,0.001091115789473684,Polsat JimJam,Polsat JimJam,Polsat JimJam [JimJam],0.001055
2026_02,Epic Drama,Łukasz,AKB,0.0011523255813953488,Epic Drama,Viasat Epic Drama,Viasat Epic Drama [Epic Drama],0.000853
2026_02,NBCU SciFi Universal,Łukasz,AKB,0.0009798731977818853,NBCU SciFi Universal,Scifi Universal,Scifi Universal,0.001221
2026_02,4FUN KIDS,Wiola,AKB,0.0006091482352941175,4FUN KIDS,4FUN KIDS,4FUN KIDS [4FUN GOLD],0.000227
2026_02,Polsat News 2,Dariusz,AKB,0.0006373584905660377,Polsat News 2,Polsat News 2,Polsat News 2 [Polsat Biznes],0.000635
2026_02,BBC CBeebies,Dariusz,AKB,0.0005908359486447932,BBC CBeebies,BBC CBeebies,BBC CBeebies,0.001783
2026_02,AXN Black,Piotr,AKB,0.002129883870967742,AXN Black,AXN Black,AXN Black [AXN Sci-Fi],0.002027
2026_02,Polsat Rodzina,Piotr,AKB,0.0010402512155591572,Polsat Rodzina,Polsat Rodzina,Polsat Rodzina,0.000882
2026_02,SPI Kino Polska Muzyka,Agata,AKB,0.00029349322709163345,SPI Kino Polska Muzyka,Kino Polska Muzyka,Kino Polska Muzyka,0.000342
2026_02,Polsat Viasat Nature,Łukasz,AKB,0.00044209344262295083,Polsat Viasat Nature,Polsat Viasat Nature,Polsat Viasat Nature [Viasat Nature],0.000613
2026_02,TELE5,Adam,AKB,0.000989676966292135,TELE5,Tele5,Tele5,0.001015
2026_02,BBC Brit,Piotr,AKB,0.0004464749555950266,BBC Brit,BBC Brit,BBC Brit [BBC Entertainment],0.00061
2026_02,Eska TV Extra,Adam,AKB,0.0002756470588235294,Eska TV Extra,Eska Extra [Eska TV],Eska TV Extra [Eska TV],0.000456
2026_02,BBC Lifestyle,Piotr,AKB,0.0006421268742791235,BBC Lifestyle,BBC Lifestyle,BBC Lifestyle,0.000653
2026_02,4FUN DANCE,Wiola,AKB,0.0002879770833333333,4FUN DANCE,4FUN DANCE,4FUN DANCE [4FUN FIT&DANCE],0.000423
2026_02,Polsat Music,Piotr,AKB,0.0004335342465753425,Polsat Music,Polsat Music HD,Polsat Music HD [Muzo.tv],0.000261
2026_02,Polsat Games,Łukasz,AKB,0.00036071662763466046,Polsat Games,Polsat Games,Polsat Games,0.000374
2026_02,Polsat Sport 3,Rafał,AKB,0.00058976,Polsat Sport 3,Polsat Sport 3,Polsat Sport 3 [Polsat Sport News HD],0.000426
2026_02,Extreme Sports,Łukasz,AKB,1.4487804878048783e-06,Extreme Sports,Extreme Sports,Extreme Sports,5.2e-05
2026_02,Vox Music TV,Adam,AKB,0.00023400000000000005,Vox Music TV,Vox Music TV,Vox Music TV,0.000254
2026_02,AXN Spin,Piotr,AKB,0.000247009900990099,AXN Spin,AXN Spin,AXN Spin,0.000118
2026_02,Eska Rock TV,Adam,AKB,0.00018744123711340207,Eska Rock TV,Eska Rock TV,Eska Rock TV [HIP HOP TV],0.000379
2026_02,Eleven Sports 2,Łukasz,AKB,0.0008424561403508772,Eleven Sports 2,Eleven Sports 2,Eleven Sports 2 [Eleven Sports],0.000756
2026_02,NBCU E Entertainment,Wiola,AKB,7.500653594771242e-05,NBCU E Entertainment,E!Entertainment,E!Entertainment [E!],0.000155
2026_02,POLONIA1,Adam,AKB,0.0002846566473988439,POLONIA1,Polonia 1,Polonia1,0.000174
2026_02,Sundance TV,Agata,AKB,9.73858695652174e-05,Sundance TV,Sundance Channel,Sundance Channel,0.00014
2026_02,Novela TV,Dariusz,AKB,9.447058823529413e-05,Novela TV,Novela TV,Novela TV,6.1e-05
2026_02,SPI Gametoon,Agata,AKB,4.918918918918918e-05,SPI Gametoon,Gametoon,Gametoon,2.4e-05
2026_02,Golf Zone,Agata,AKB,3.300000000000001e-05,Golf Zone,Golf Zone,Golf Zone [Golf Channel Polska],5.2e-05
2026_02,Water Planet,Adam,AKB,2.0399999999999998e-05,Water Planet,Water Planet,Water Planet [CSB TV],7.2e-05
2026_02,Polsat Film 2,Łukasz,AKB,0.0003504,Polsat Film 2,Polsat Film 2,Polsat Film 2,0.000483
2026_02,Polsat Reality,Rafał,AKB,0.0002544,Polsat Reality,Polsat Reality,Polsat Reality,0.000663
2026_02,Polsat X,Rafał,AKB,0.00031079999999999997,Polsat X,Polsat X,Polsat X,0.000331
2026_02,DaVinci,Dariusz,AKB,6.659259259259258e-05,DaVinci,Da Vinci,Da Vinci [Da Vinci Learning],6.5e-05
2026_02,TVT,Łukasz,AKB,4.7300000000000005e-05,TVT,TVT,TVT,0.000127
2026_02,FILMBOX Premium,Łukasz,AKB,0.00021700000000000002,FILMBOX Premium,FILMBOX+ Hits,FILMBOX+ Hits [FILMBOX Premium],0.000263
2026_02,Ale Kino+,Agata,AKB,0.0013823362474781437,Ale Kino+,Ale Kino+,Ale Kino+ [Ale Kino],0.00188
2026_02,Canal+ Domo,Wiola,AKB,0.0010231044303797468,Canal+ Domo,CANAL+ DOMO,CANAL+ DOMO [Domo+],0.001099
2026_02,Planete+,Dariusz,AKB,0.0015427157584683357,Planete+,Planete+,Planete+ [Planete],0.001567
2026_02,MiniMini+,Dariusz,AKB,0.002438456218627998,MiniMini+,MiniMini+,MiniMini+ [MiniMini],0.001297
2026_02,teleTOON+,Dariusz,AKB,0.0002852633663366337,teleTOON+,teleTOON+,teleTOON+ [ZigZap/Hyper],0.000327
2026_02,Novelas+,Agata,AKB,0.001711916083916084,Novelas+,Novelas,Novelas,0.002567
2026_02,CANAL+ KUCHNIA,Wiola,AKB,0.0011373226666666666,CANAL+ KUCHNIA,CANAL+ KUCHNIA,CANAL+ KUCHNIA [kuchnia+],0.000999
2026_02,Canal+ 360,Rafał,AKB,0.0009514600207684319,Canal+ 360,CANAL+ 360,Canal+ 360 [Canal+ Family],0.000998
2026_02,Canal+ Sport,Łukasz,AKB,0.0007758981233243968,Canal+ Sport,Canal+ Sport,CANAL+ SPORT [Canal+ Niebieski],0.000686
2026_02,Canal+ Sport2,Adam,AKB,0.0007640118483412322,Canal+ Sport2,Canal+ Sport2,CANAL+ SPORT2,0.000423
2026_02,Canal+ Sport3,Adam,AKB,0.0015180916313559322,Canal+ Sport3,CANAL+ SPORT3,CANAL+ SPORT3,0.003063
2026_02,Canal+ Sport4,Rafał,AKB,7.56e-05,Canal+ Sport4,CANAL+ SPORT4,CANAL+ SPORT4,0.000111
2026_02,Canal+ Sport5,Rafał,AKB,0.0005385,Canal+ Sport5,Canal+ SPORT5,CANAL+ SPORT5 [nSport+],0.00047
2026_02,CANAL+ Extra1,Łukasz,AKB,0.0005874378167641327,CANAL+ Extra1,CANAL+ Extra 1,CANAL+ EXTRA 1,0.000962
2026_02,CANAL+ Extra2,Łukasz,AKB,0.000153,CANAL+ Extra2,CANAL+ Extra 2,CANAL+ EXTRA 2,
2026_02,Viasat True Crime,Rafał,AKB,0.0004997239616613418,Viasat True Crime,Viasat True Crime,Viasat True Crime,0.00038
2026_02,Novelas+1,Agata,AKB,5.146726862302483e-06,Novelas+1,Novelas+1,Novelas+1 [DIZI],0.000134
2026_02,Kabaret TV,Rafał,AKB,0.0020916334209143458,Kabaret TV,Kabaret TV,Kabaret TV,0.001362
2026_02,Polsat News Polityka,Dariusz,AKB,0.0005497326388888889,Polsat News Polityka,Polsat News Polityka,Polsat News Polityka,0.000492
2026_02,CANAL+ Seriale,Wiola,AKB,0.000361,CANAL+ Seriale,Canal+ Seriale,Canal+ Seriale [Canal+ Film 2],0.000137
2026_02,CANAL+ Dokument,Wiola,AKB,0.000304,CANAL+ Dokument,Canal+ Dokument,Canal+ Dokument [Canal+ Discovery],0.000294
2026_02,DocuBox,Dariusz,AKB,0.00010999999999999999,DocuBox,DocuBox,DocuBox,7.6e-05
2026_02,FILMBOX Action,Rafał,AKB,0.000185,FILMBOX Action,FILMBOX+ Action,FILMBOX+ Action [FILMBOX Action],0.000305
2026_02,FILMBOX Extra,Rafał,AKB,0.000143,FILMBOX Extra,FILMBOX+ Emotion,FILMBOX+ Emotion [FILMBOX Extra],0.00017
2026_02,FILMBOX Family,Rafał,AKB,0.00010999999999999999,FILMBOX Family,FILMBOX+ Comedy,FILMBOX+ Comedy [FILMBOX Family],0.000213
2026_02,TVN,,AKB,0.07409945323908868,TVN,TVN,TVN,0.075707
2026_02,TVP1,,AKB,0.04555260254661557,TVP1,TVP1,TVP1,0.049938
2026_02,TVP2,,AKB,0.04888153626605505,TVP2,TVP2,TVP2,0.050424
2026_02,Polsat,Maciej,KB,0.0799,Polsat,Polsat,Polsat,0.072383
2026_02,Fokus TV,Adam,KB,0.0098,Fokus TV,Fokus TV,Fokus TV,0.008526
2026_02,Nowa TV,Adam,KB,0.0042,Nowa TV,Nowa TV,Nowa TV,0.004189
2026_02,Eleven Sports 1,Adam,KB,0.0026,Eleven Sports 1,Eleven Sports 1,Eleven Sports 1 [Eleven],0.002333
2026_02,Disco Polo Music,Adam,KB,0.0006,Disco Polo Music,Disco Polo Music,Disco Polo Music,0.000617
2026_02,Puls 2,Agata,KB,0.0184,Puls 2,Puls 2,Puls 2,0.015178
2026_02,Zoom TV,Agata,KB,0.004,Zoom TV,ZOOM,ZOOM [Zoom TV],0.004387
2026_02,SPI Kino Polska,Agata,KB,0.003,SPI Kino Polska,Kino Polska,Kino Polska,0.002484
2026_02,History,Agata,KB,0.003,History,History,HISTORY,0.00317
2026_02,CI Polsat,Agata,KB,0.0013,CI Polsat,CI Polsat,CI Polsat [Polsat Crime & Investigation Network],0.001597
2026_02,Polsat News,Dariusz,KB,0.0103,Polsat News,Polsat News,Polsat News,0.010103
2026_02,Stopklatka,Dariusz,KB,0.012,Stopklatka,Stopklatka,Stopklatka,0.010111
2026_02,Wydarzenia24,Dariusz,KB,0.0112,Wydarzenia24,Wydarzenia24,Wydarzenia 24 [Superstacja],0.01025
2026_02,Puls,Łukasz,KB,0.039,Puls,TV PULS,TV PULS [PULS],0.033127
2026_02,Polsat 2,Łukasz,KB,0.0087,Polsat 2,Polsat2,Polsat2,0.007889
2026_02,Polsat Film,Łukasz,KB,0.0063,Polsat Film,Polsat Film,Polsat Film,0.005499
2026_02,Polsat Sport 1,Łukasz,KB,0.0039,Polsat Sport 1,Polsat Sport 1,Polsat Sport 1 [Polsat Sport],0.003573
2026_02,Polsat Viasat History,Łukasz,KB,0.0016,Polsat Viasat History,Polsat Viasat History,Polsat Viasat History [Viasat History],0.001298
2026_02,Polsat Viasat Explore,Łukasz,KB,0.0013,Polsat Viasat Explore,Polsat Viasat Explore,Polsat Viasat Explore [Polsat Viasat Explorer],0.001211
2026_02,Szóstka,Piotr,KB,0.0168,Szóstka,TV6,TV6,0.01867
2026_02,Super Polsat,Piotr,KB,0.0108,Super Polsat,Super Polsat,Super Polsat [Polsat Sport News],0.011545
2026_02,WPOLSCE24,Piotr,KB,0.006,WPOLSCE24,wPolsce24,wPolsce24 [Telewizja WPOLSCE.PL],0.007776
2026_02,AXN,Piotr,KB,0.0032,AXN,AXN,AXN,0.002948
2026_02,BBC First,Piotr,KB,0.0017,BBC First,BBC First,BBC First [BBC HD],0.001704
2026_02,Polsat Play,Rafał,KB,0.0047,Polsat Play,Polsat Play,Polsat Play,0.00352
2026_02,Polo TV,Rafał,KB,0.0035,Polo TV,Polo TV,Polo TV,0.002886
2026_02,SPI Kino TV,Rafał,KB,0.003,SPI Kino TV,FILMBOX+ One,FILMBOX+ One [Kino TV],0.003363
2026_02,Eska TV,Rafał,KB,0.0034,Eska TV,Eska TV [8TV],Eska TV [8TV],0.003458
2026_02,AMC,Rafał,KB,0.0018,AMC,AMC,AMC [MGM],0.003548
2026_02,Czwórka,Wiola,KB,0.0295,Czwórka,TV4 pl,TV4,0.028894
2026_02,TV Republika,Wiola,KB,0.0318,TV Republika,Republika,Republika [TV Republika],0.034032
2026_02,WP,Wiola,KB,0.006,WP,WP,WP,0.005103
2026_02,Polsat Seriale,Wiola,KB,0.0035,Polsat Seriale,Polsat Seriale,Polsat Seriale [Polsat Romans],0.004072
2026_02,Polsat Cafe,Wiola,KB,0.0035,Polsat Cafe,Polsat Cafe,Polsat Cafe,0.003195
2026_02,NBCU 13 Ulica,Wiola,KB,0.0018,NBCU 13 Ulica,13 Ulica,13 Ulica [13th Street Universal],0.001948
2026_02,4FUN.TV,Wiola,KB,0.0018,4FUN.TV,4FUN.TV,4FUN.TV [4fun.tv],0.001494
2026_02,Stars.tv,Wiola,KB,0.0018,Stars.tv,Stars.tv,Stars.tv,0.001979
2026_02,BBC Earth,Piotr,KB,0.0014,BBC Earth,BBC Earth,BBC Earth [BBC Knowledge],0.001554
2026_02,AXN White,Piotr,KB,0.001,AXN White,AXN White,AXN White [AXN Crime],0.000368
2026_02,History2,Agata,KB,0.002,History2,History2 [H2],HISTORY2 [H2],0.001536
2026_02,Polsat Doku,Dariusz,KB,0.0015,Polsat Doku,Polsat Doku,Polsat Doku,0.001051
2026_02,Polsat Sport 2,Adam,KB,0.0008,Polsat Sport 2,Polsat Sport 2,Polsat Sport 2 [Polsat Sport Extra],0.000694
2026_02,Polsat JimJam,Dariusz,KB,0.0012,Polsat JimJam,Polsat JimJam,Polsat JimJam [JimJam],0.001055
2026_02,Epic Drama,Łukasz,KB,0.0011,Epic Drama,Viasat Epic Drama,Viasat Epic Drama [Epic Drama],0.000853
2026_02,NBCU SciFi Universal,Łukasz,KB,0.001,NBCU SciFi Universal,Scifi Universal,Scifi Universal,0.001221
2026_02,4FUN KIDS,Wiola,KB,0.0005,4FUN KIDS,4FUN KIDS,4FUN KIDS [4FUN GOLD],0.000227
2026_02,Polsat News 2,Dariusz,KB,0.0005,Polsat News 2,Polsat News 2,Polsat News 2 [Polsat Biznes],0.000635
2026_02,BBC CBeebies,Dariusz,KB,0.0014,BBC CBeebies,BBC CBeebies,BBC CBeebies,0.001783
2026_02,AXN Black,Piotr,KB,0.0017,AXN Black,AXN Black,AXN Black [AXN Sci-Fi],0.002027
2026_02,Polsat Rodzina,Piotr,KB,0.0008,Polsat Rodzina,Polsat Rodzina,Polsat Rodzina,0.000882
2026_02,SPI Kino Polska Muzyka,Agata,KB,0.0005,SPI Kino Polska Muzyka,Kino Polska Muzyka,Kino Polska Muzyka,0.000342
2026_02,Polsat Viasat Nature,Łukasz,KB,0.0004,Polsat Viasat Nature,Polsat Viasat Nature,Polsat Viasat Nature [Viasat Nature],0.000613
2026_02,TELE5,Adam,KB,0.0011,TELE5,Tele5,Tele5,0.001015
2026_02,BBC Brit,Piotr,KB,0.0005,BBC Brit,BBC Brit,BBC Brit [BBC Entertainment],0.00061
2026_02,Eska TV Extra,Adam,KB,0.0005,Eska TV Extra,Eska Extra [Eska TV],Eska TV Extra [Eska TV],0.000456
2026_02,BBC Lifestyle,Piotr,KB,0.0008,BBC Lifestyle,BBC Lifestyle,BBC Lifestyle,0.000653
2026_02,4FUN DANCE,Wiola,KB,0.0003,4FUN DANCE,4FUN DANCE,4FUN DANCE [4FUN FIT&DANCE],0.000423
2026_02,Polsat Music,Piotr,KB,0.0005,Polsat Music,Polsat Music HD,Polsat Music HD [Muzo.tv],0.000261
2026_02,Polsat Games,Łukasz,KB,0.0005,Polsat Games,Polsat Games,Polsat Games,0.000374
2026_02,Polsat Sport 3,Rafał,KB,0.0006,Polsat Sport 3,Polsat Sport 3,Polsat Sport 3 [Polsat Sport News HD],0.000426
2026_02,Extreme Sports,Łukasz,KB,0.0001,Extreme Sports,Extreme Sports,Extreme Sports,5.2e-05
2026_02,Vox Music TV,Adam,KB,0.0002,Vox Music TV,Vox Music TV,Vox Music TV,0.000254
2026_02,AXN Spin,Piotr,KB,0.0001,AXN Spin,AXN Spin,AXN Spin,0.000118
2026_02,Eska Rock TV,Adam,KB,0.0003,Eska Rock TV,Eska Rock TV,Eska Rock TV [HIP HOP TV],0.000379
2026_02,Eleven Sports 2,Łukasz,KB,0.0004,Eleven Sports 2,Eleven Sports 2,Eleven Sports 2 [Eleven Sports],0.000756
2026_02,NBCU E Entertainment,Wiola,KB,0.0001,NBCU E Entertainment,E!Entertainment,E!Entertainment [E!],0.000155
2026_02,POLONIA1,Adam,KB,0.0001,POLONIA1,Polonia 1,Polonia1,0.000174
2026_02,Sundance TV,Agata,KB,0.0001,Sundance TV,Sundance Channel,Sundance Channel,0.00014
2026_02,Novela TV,Dariusz,KB,0.0001,Novela TV,Novela TV,Novela TV,6.1e-05
2026_02,SPI Gametoon,Agata,KB,0.0001,SPI Gametoon,Gametoon,Gametoon,2.4e-05
2026_02,Golf Zone,Agata,KB,0.0001,Golf Zone,Golf Zone,Golf Zone [Golf Channel Polska],5.2e-05
2026_02,Water Planet,Adam,KB,0.0001,Water Planet,Water Planet,Water Planet [CSB TV],7.2e-05
2026_02,Polsat Film 2,Łukasz,KB,0.0004,Polsat Film 2,Polsat Film 2,Polsat Film 2,0.000483
2026_02,Polsat Reality,Rafał,KB,0.0003,Polsat Reality,Polsat Reality,Polsat Reality,0.000663
2026_02,Polsat X,Rafał,KB,0.0003,Polsat X,Polsat X,Polsat X,0.000331
2026_02,DaVinci,Dariusz,KB,0.0001,DaVinci,Da Vinci,Da Vinci [Da Vinci Learning],6.5e-05
2026_02,TVT,Łukasz,KB,0.0001,TVT,TVT,TVT,0.000127
2026_02,FILMBOX Premium,Łukasz,KB,0.0003,FILMBOX Premium,FILMBOX+ Hits,FILMBOX+ Hits [FILMBOX Premium],0.000263
2026_02,Ale Kino+,Agata,KB,0.0012,Ale Kino+,Ale Kino+,Ale Kino+ [Ale Kino],0.00188
2026_02,Canal+ Domo,Wiola,KB,0.0012,Canal+ Domo,CANAL+ DOMO,CANAL+ DOMO [Domo+],0.001099
2026_02,Planete+,Dariusz,KB,0.001,Planete+,Planete+,Planete+ [Planete],0.001567
2026_02,MiniMini+,Dariusz,KB,0.0021,MiniMini+,MiniMini+,MiniMini+ [MiniMini],0.001297
2026_02,teleTOON+,Dariusz,KB,0.0005,teleTOON+,teleTOON+,teleTOON+ [ZigZap/Hyper],0.000327
2026_02,Novelas+,Agata,KB,0.0015,Novelas+,Novelas,Novelas,0.002567
2026_02,CANAL+ KUCHNIA,Wiola,KB,0.0013,CANAL+ KUCHNIA,CANAL+ KUCHNIA,CANAL+ KUCHNIA [kuchnia+],0.000999
2026_02,Canal+ 360,Rafał,KB,0.001,Canal+ 360,CANAL+ 360,Canal+ 360 [Canal+ Family],0.000998
2026_02,Canal+ Sport,Łukasz,KB,0.0008,Canal+ Sport,Canal+ Sport,CANAL+ SPORT [Canal+ Niebieski],0.000686
2026_02,Canal+ Sport2,Adam,KB,0.0002,Canal+ Sport2,Canal+ Sport2,CANAL+ SPORT2,0.000423
2026_02,Canal+ Sport3,Adam,KB,0.0008,Canal+ Sport3,CANAL+ SPORT3,CANAL+ SPORT3,0.003063
2026_02,Canal+ Sport4,Rafał,KB,0.0001,Canal+ Sport4,CANAL+ SPORT4,CANAL+ SPORT4,0.000111
2026_02,Canal+ Sport5,Rafał,KB,0.0005,Canal+ Sport5,Canal+ SPORT5,CANAL+ SPORT5 [nSport+],0.00047
2026_02,CANAL+ Extra1,Łukasz,KB,0.0008,CANAL+ Extra1,CANAL+ Extra 1,CANAL+ EXTRA 1,0.000962
2026_02,CANAL+ Extra2,Łukasz,KB,0.0001,CANAL+ Extra2,CANAL+ Extra 2,CANAL+ EXTRA 2,
2026_02,Viasat True Crime,Rafał,KB,0.0003,Viasat True Crime,Viasat True Crime,Viasat True Crime,0.00038
2026_02,Novelas+1,Agata,KB,0.0001,Novelas+1,Novelas+1,Novelas+1 [DIZI],0.000134
2026_02,Kabaret TV,Rafał,KB,0.002,Kabaret TV,Kabaret TV,Kabaret TV,0.001362
2026_02,Polsat News Polityka,Dariusz,KB,0.0004,Polsat News Polityka,Polsat News Polityka,Polsat News Polityka,0.000492
2026_02,CANAL+ Seriale,Wiola,KB,0.0001,CANAL+ Seriale,Canal+ Seriale,Canal+ Seriale [Canal+ Film 2],0.000137
2026_02,CANAL+ Dokument,Wiola,KB,0.0001,CANAL+ Dokument,Canal+ Dokument,Canal+ Dokument [Canal+ Discovery],0.000294
2026_02,DocuBox,Dariusz,KB,0.0001,DocuBox,DocuBox,DocuBox,7.6e-05
2026_02,FILMBOX Action,Rafał,KB,0.0001,FILMBOX Action,FILMBOX+ Action,FILMBOX+ Action [FILMBOX Action],0.000305
2026_02,FILMBOX Extra,Rafał,KB,0.0001,FILMBOX Extra,FILMBOX+ Emotion,FILMBOX+ Emotion [FILMBOX Extra],0.00017
2026_02,FILMBOX Family,Rafał,KB,0.0001,FILMBOX Family,FILMBOX+ Comedy,FILMBOX+ Comedy [FILMBOX Family],0.000213
2026_02,TVN,,KB,0.0761,TVN,TVN,TVN,0.075707
2026_02,TVP1,,KB,0.0431,TVP1,TVP1,TVP1,0.049938
2026_02,TVP2,,KB,0.0495,TVP2,TVP2,TVP2,0.050424
2026_02,Polsat,Maciej,AK,0.0781078407276282,Polsat,Polsat,Polsat,0.072383
2026_02,Fokus TV,Adam,AK,0.0102501895441344,Fokus TV,Fokus TV,Fokus TV,0.008526
2026_02,Nowa TV,Adam,AK,0.00434841694827138,Nowa TV,Nowa TV,Nowa TV,0.004189
2026_02,Eleven Sports 1,Adam,AK,0.00269477806122449,Eleven Sports 1,Eleven Sports 1,Eleven Sports 1 [Eleven],0.002333
2026_02,Disco Polo Music,Adam,AK,0.0008432224138659521,Disco Polo Music,Disco Polo Music,Disco Polo Music,0.000617
2026_02,Puls 2,Agata,AK,0.0196193294824058,Puls 2,Puls 2,Puls 2,0.015178
2026_02,Zoom TV,Agata,AK,0.005177553398058252,Zoom TV,ZOOM,ZOOM [Zoom TV],0.004387
2026_02,SPI Kino Polska,Agata,AK,0.002992984534386311,SPI Kino Polska,Kino Polska,Kino Polska,0.002484
2026_02,History,Agata,AK,0.0029853044404973355,History,History,HISTORY,0.00317
2026_02,CI Polsat,Agata,AK,0.00061958620689655,CI Polsat,CI Polsat,CI Polsat [Polsat Crime & Investigation Network],0.001597
2026_02,Polsat News,Dariusz,AK,0.01029388190601257,Polsat News,Polsat News,Polsat News,0.010103
2026_02,Stopklatka,Dariusz,AK,0.012226154322674685,Stopklatka,Stopklatka,Stopklatka,0.010111
2026_02,Wydarzenia24,Dariusz,AK,0.010673312384874001,Wydarzenia24,Wydarzenia24,Wydarzenia 24 [Superstacja],0.01025
2026_02,Puls,Łukasz,AK,0.035884675138149046,Puls,TV PULS,TV PULS [PULS],0.033127
2026_02,Polsat 2,Łukasz,AK,0.00891036401373034,Polsat 2,Polsat2,Polsat2,0.007889
2026_02,Polsat Film,Łukasz,AK,0.006153173746581585,Polsat Film,Polsat Film,Polsat Film,0.005499
2026_02,Polsat Sport 1,Łukasz,AK,0.0036090167717920617,Polsat Sport 1,Polsat Sport 1,Polsat Sport 1 [Polsat Sport],0.003573
2026_02,Polsat Viasat History,Łukasz,AK,0.00119909163514082,Polsat Viasat History,Polsat Viasat History,Polsat Viasat History [Viasat History],0.001298
2026_02,Polsat Viasat Explore,Łukasz,AK,0.0010971502801567484,Polsat Viasat Explore,Polsat Viasat Explore,Polsat Viasat Explore [Polsat Viasat Explorer],0.001211
2026_02,Szóstka,Piotr,AK,0.0161,Szóstka,TV6,TV6,0.01867
2026_02,Super Polsat,Piotr,AK,0.0103436246648794,Super Polsat,Super Polsat,Super Polsat [Polsat Sport News],0.011545
2026_02,WPOLSCE24,Piotr,AK,0.0064864505327245,WPOLSCE24,wPolsce24,wPolsce24 [Telewizja WPOLSCE.PL],0.007776
2026_02,AXN,Piotr,AK,0.00276527092032396,AXN,AXN,AXN,0.002948
2026_02,BBC First,Piotr,AK,0.00153733612040134,BBC First,BBC First,BBC First [BBC HD],0.001704
2026_02,Polsat Play,Rafał,AK,0.004005696813977389,Polsat Play,Polsat Play,Polsat Play,0.00352
2026_02,Polo TV,Rafał,AK,0.0030102336921287404,Polo TV,Polo TV,Polo TV,0.002886
2026_02,SPI Kino TV,Rafał,AK,0.0028645406824147003,SPI Kino TV,FILMBOX+ One,FILMBOX+ One [Kino TV],0.003363
2026_02,Eska TV,Rafał,AK,0.002944143111111111,Eska TV,Eska TV [8TV],Eska TV [8TV],0.003458
2026_02,AMC,Rafał,AK,0.0018448161108723096,AMC,AMC,AMC [MGM],0.003548
2026_02,Czwórka,Wiola,AK,0.02884675138149,Czwórka,TV4 pl,TV4,0.028894
2026_02,TV Republika,Wiola,AK,0.0322197819672131,TV Republika,Republika,Republika [TV Republika],0.034032
2026_02,WP,Wiola,AK,0.00531708813960367,WP,WP,WP,0.005103
2026_02,Polsat Seriale,Wiola,AK,0.0033951811508406344,Polsat Seriale,Polsat Seriale,Polsat Seriale [Polsat Romans],0.004072
2026_02,Polsat Cafe,Wiola,AK,0.0035883064923147505,Polsat Cafe,Polsat Cafe,Polsat Cafe,0.003195
2026_02,NBCU 13 Ulica,Wiola,AK,0.0014814407306311473,NBCU 13 Ulica,13 Ulica,13 Ulica [13th Street Universal],0.001948
2026_02,4FUN.TV,Wiola,AK,0.00108081464939705,4FUN.TV,4FUN.TV,4FUN.TV [4fun.tv],0.001494
2026_02,Stars.tv,Wiola,AK,0.002139474663908997,Stars.tv,Stars.tv,Stars.tv,0.001979
2026_02,BBC Earth,Piotr,AK,0.00176149055523755,BBC Earth,BBC Earth,BBC Earth [BBC Knowledge],0.001554
2026_02,AXN White,Piotr,AK,0.0012174677716390424,AXN White,AXN White,AXN White [AXN Crime],0.000368
2026_02,History2,Agata,AK,0.001595346131471786,History2,History2 [H2],HISTORY2 [H2],0.001536
2026_02,Polsat Doku,Dariusz,AK,0.00153893115942029,Polsat Doku,Polsat Doku,Polsat Doku,0.001051
2026_02,Polsat Sport 2,Adam,AK,0.001065115147361206,Polsat Sport 2,Polsat Sport 2,Polsat Sport 2 [Polsat Sport Extra],0.000694
2026_02,Polsat JimJam,Dariusz,AK,0.0010564981927710844,Polsat JimJam,Polsat JimJam,Polsat JimJam [JimJam],0.001055
2026_02,Epic Drama,Łukasz,AK,0.00098526659412405,Epic Drama,Viasat Epic Drama,Viasat Epic Drama [Epic Drama],0.000853
2026_02,NBCU SciFi Universal,Łukasz,AK,0.0009959088961401929,NBCU SciFi Universal,Scifi Universal,Scifi Universal,0.001221
2026_02,4FUN KIDS,Wiola,AK,0.0006880551059095792,4FUN KIDS,4FUN KIDS,4FUN KIDS [4FUN GOLD],0.000227
2026_02,Polsat News 2,Dariusz,AK,0.0006280204359673025,Polsat News 2,Polsat News 2,Polsat News 2 [Polsat Biznes],0.000635
2026_02,BBC CBeebies,Dariusz,AK,0.0007794035853457298,BBC CBeebies,BBC CBeebies,BBC CBeebies,0.001783
2026_02,AXN Black,Piotr,AK,0.0018122604294200423,AXN Black,AXN Black,AXN Black [AXN Sci-Fi],0.002027
2026_02,Polsat Rodzina,Piotr,AK,0.0008252681388013,Polsat Rodzina,Polsat Rodzina,Polsat Rodzina,0.000882
2026_02,SPI Kino Polska Muzyka,Agata,AK,0.00043201396514141506,SPI Kino Polska Muzyka,Kino Polska Muzyka,Kino Polska Muzyka,0.000342
2026_02,Polsat Viasat Nature,Łukasz,AK,0.000429496137339056,Polsat Viasat Nature,Polsat Viasat Nature,Polsat Viasat Nature [Viasat Nature],0.000613
2026_02,TELE5,Adam,AK,0.0009258859527121001,TELE5,Tele5,Tele5,0.001015
2026_02,BBC Brit,Piotr,AK,0.00071822675224329,BBC Brit,BBC Brit,BBC Brit [BBC Entertainment],0.00061
2026_02,Eska TV Extra,Adam,AK,0.00037260316369026604,Eska TV Extra,Eska Extra [Eska TV],Eska TV Extra [Eska TV],0.000456
2026_02,BBC Lifestyle,Piotr,AK,0.0007551452282157679,BBC Lifestyle,BBC Lifestyle,BBC Lifestyle,0.000653
2026_02,4FUN DANCE,Wiola,AK,0.00032672249003402437,4FUN DANCE,4FUN DANCE,4FUN DANCE [4FUN FIT&DANCE],0.000423
2026_02,Polsat Music,Piotr,AK,0.0003186188747731398,Polsat Music,Polsat Music HD,Polsat Music HD [Muzo.tv],0.000261
2026_02,Polsat Games,Łukasz,AK,0.000212012987012987,Polsat Games,Polsat Games,Polsat Games,0.000374
2026_02,Polsat Sport 3,Rafał,AK,0.0006378660158627074,Polsat Sport 3,Polsat Sport 3,Polsat Sport 3 [Polsat Sport News HD],0.000426
2026_02,Extreme Sports,Łukasz,AK,2.485933503836317e-06,Extreme Sports,Extreme Sports,Extreme Sports,5.2e-05
2026_02,Vox Music TV,Adam,AK,0.00024782108626198086,Vox Music TV,Vox Music TV,Vox Music TV,0.000254
2026_02,AXN Spin,Piotr,AK,0.00018745762711864407,AXN Spin,AXN Spin,AXN Spin,0.000118
2026_02,Eska Rock TV,Adam,AK,0.000239519434361766,Eska Rock TV,Eska Rock TV,Eska Rock TV [HIP HOP TV],0.000379
2026_02,Eleven Sports 2,Łukasz,AK,0.0008202729805013929,Eleven Sports 2,Eleven Sports 2,Eleven Sports 2 [Eleven Sports],0.000756
2026_02,NBCU E Entertainment,Wiola,AK,7.602941176470588e-05,NBCU E Entertainment,E!Entertainment,E!Entertainment [E!],0.000155
2026_02,POLONIA1,Adam,AK,0.000221548362235067,POLONIA1,Polonia 1,Polonia1,0.000174
2026_02,Sundance TV,Agata,AK,0.000189247191011235,Sundance TV,Sundance Channel,Sundance Channel,0.00014
2026_02,Novela TV,Dariusz,AK,9.400000000000001e-05,Novela TV,Novela TV,Novela TV,6.1e-05
2026_02,SPI Gametoon,Agata,AK,3.228021978021979e-05,SPI Gametoon,Gametoon,Gametoon,2.4e-05
2026_02,Golf Zone,Agata,AK,3.1058823529411765e-05,Golf Zone,Golf Zone,Golf Zone [Golf Channel Polska],5.2e-05
2026_02,Water Planet,Adam,AK,5.453488372093023e-05,Water Planet,Water Planet,Water Planet [CSB TV],7.2e-05
2026_02,Polsat Film 2,Łukasz,AK,0.0005353000000000001,Polsat Film 2,Polsat Film 2,Polsat Film 2,0.000483
2026_02,Polsat Reality,Rafał,AK,0.000508,Polsat Reality,Polsat Reality,Polsat Reality,0.000663
2026_02,Polsat X,Rafał,AK,0.000273,Polsat X,Polsat X,Polsat X,0.000331
2026_02,DaVinci,Dariusz,AK,6.0571428571428576e-05,DaVinci,Da Vinci,Da Vinci [Da Vinci Learning],6.5e-05
2026_02,TVT,Łukasz,AK,5.453488372093023e-05,TVT,TVT,TVT,0.000127
2026_02,FILMBOX Premium,Łukasz,AK,0.000140880924981001,FILMBOX Premium,FILMBOX+ Hits,FILMBOX+ Hits [FILMBOX Premium],0.000263
2026_02,Ale Kino+,Agata,AK,0.00160635227272727,Ale Kino+,Ale Kino+,Ale Kino+ [Ale Kino],0.00188
2026_02,Canal+ Domo,Wiola,AK,0.0009520541225149786,Canal+ Domo,CANAL+ DOMO,CANAL+ DOMO [Domo+],0.001099
2026_02,Planete+,Dariusz,AK,0.0013855537815126052,Planete+,Planete+,Planete+ [Planete],0.001567
2026_02,MiniMini+,Dariusz,AK,0.00170445998214817,MiniMini+,MiniMini+,MiniMini+ [MiniMini],0.001297
2026_02,teleTOON+,Dariusz,AK,0.000276838461538461,teleTOON+,teleTOON+,teleTOON+ [ZigZap/Hyper],0.000327
2026_02,Novelas+,Agata,AK,0.0006983304333984675,Novelas+,Novelas,Novelas,0.002567
2026_02,CANAL+ KUCHNIA,Wiola,AK,0.00112677472984206,CANAL+ KUCHNIA,CANAL+ KUCHNIA,CANAL+ KUCHNIA [kuchnia+],0.000999
2026_02,Canal+ 360,Rafał,AK,0.000899598272138229,Canal+ 360,CANAL+ 360,Canal+ 360 [Canal+ Family],0.000998
2026_02,Canal+ Sport,Łukasz,AK,0.0008837682096557249,Canal+ Sport,Canal+ Sport,CANAL+ SPORT [Canal+ Niebieski],0.000686
2026_02,Canal+ Sport2,Adam,AK,0.0009007332297917079,Canal+ Sport2,Canal+ Sport2,CANAL+ SPORT2,0.000423
2026_02,Canal+ Sport3,Adam,AK,0.0021845192012288784,Canal+ Sport3,CANAL+ SPORT3,CANAL+ SPORT3,0.003063
2026_02,Canal+ Sport4,Rafał,AK,9.192718446601941e-05,Canal+ Sport4,CANAL+ SPORT4,CANAL+ SPORT4,0.000111
2026_02,Canal+ Sport5,Rafał,AK,0.0005012269938650308,Canal+ Sport5,Canal+ SPORT5,CANAL+ SPORT5 [nSport+],0.00047
2026_02,CANAL+ Extra1,Łukasz,AK,0.0011740000000000001,CANAL+ Extra1,CANAL+ Extra 1,CANAL+ EXTRA 1,0.000962
2026_02,CANAL+ Extra2,Łukasz,AK,0.000271,CANAL+ Extra2,CANAL+ Extra 2,CANAL+ EXTRA 2,
2026_02,Viasat True Crime,Rafał,AK,0.00037635273972602695,Viasat True Crime,Viasat True Crime,Viasat True Crime,0.00038
2026_02,Novelas+1,Agata,AK,7.614457831325301e-06,Novelas+1,Novelas+1,Novelas+1 [DIZI],0.000134
2026_02,Kabaret TV,Rafał,AK,0.0020686192246415296,Kabaret TV,Kabaret TV,Kabaret TV,0.001362
2026_02,Polsat News Polityka,Dariusz,AK,0.0006114149443561209,Polsat News Polityka,Polsat News Polityka,Polsat News Polityka,0.000492
2026_02,CANAL+ Seriale,Wiola,AK,0.0001,CANAL+ Seriale,Canal+ Seriale,Canal+ Seriale [Canal+ Film 2],0.000137
2026_02,CANAL+ Dokument,Wiola,AK,0.0001,CANAL+ Dokument,Canal+ Dokument,Canal+ Dokument [Canal+ Discovery],0.000294
2026_02,DocuBox,Dariusz,AK,0.0001,DocuBox,DocuBox,DocuBox,7.6e-05
2026_02,FILMBOX Action,Rafał,AK,0.0001,FILMBOX Action,FILMBOX+ Action,FILMBOX+ Action [FILMBOX Action],0.000305
2026_02,FILMBOX Extra,Rafał,AK,0.0001,FILMBOX Extra,FILMBOX+ Emotion,FILMBOX+ Emotion [FILMBOX Extra],0.00017
2026_02,FILMBOX Family,Rafał,AK,0.0001,FILMBOX Family,FILMBOX+ Comedy,FILMBOX+ Comedy [FILMBOX Family],0.000213
2026_02,TVN,,AK,0.0733313831380934,TVN,TVN,TVN,0.075707
2026_02,TVP1,,AK,0.045700000000000005,TVP1,TVP1,TVP1,0.049938
2026_02,TVP2,,AK,0.048982059668128276,TVP2,TVP2,TVP2,0.050424
2026_02,Polsat,Maciej,RD,0.07536188919294473,Polsat,Polsat,Polsat,0.072383
2026_02,Fokus TV,Adam,RD,0.009399999999999999,Fokus TV,Fokus TV,Fokus TV,0.008526
2026_02,Nowa TV,Adam,RD,0.0043,Nowa TV,Nowa TV,Nowa TV,0.004189
2026_02,Eleven Sports 1,Adam,RD,0.0026,Eleven Sports 1,Eleven Sports 1,Eleven Sports 1 [Eleven],0.002333
2026_02,Disco Polo Music,Adam,RD,0.0007636029075235109,Disco Polo Music,Disco Polo Music,Disco Polo Music,0.000617
2026_02,Puls 2,Agata,RD,0.0187,Puls 2,Puls 2,Puls 2,0.015178
2026_02,Zoom TV,Agata,RD,0.0054,Zoom TV,ZOOM,ZOOM [Zoom TV],0.004387
2026_02,SPI Kino Polska,Agata,RD,0.0029086088920535734,SPI Kino Polska,Kino Polska,Kino Polska,0.002484
2026_02,History,Agata,RD,0.0030246953222387717,History,History,HISTORY,0.00317
2026_02,CI Polsat,Agata,RD,0.0012050849072700296,CI Polsat,CI Polsat,CI Polsat [Polsat Crime & Investigation Network],0.001597
2026_02,Polsat News,Dariusz,RD,0.01,Polsat News,Polsat News,Polsat News,0.010103
2026_02,Stopklatka,Dariusz,RD,0.0116,Stopklatka,Stopklatka,Stopklatka,0.010111
2026_02,Wydarzenia24,Dariusz,RD,0.0109,Wydarzenia24,Wydarzenia24,Wydarzenia 24 [Superstacja],0.01025
2026_02,Puls,Łukasz,RD,0.037599999999999995,Puls,TV PULS,TV PULS [PULS],0.033127
2026_02,Polsat 2,Łukasz,RD,0.0086,Polsat 2,Polsat2,Polsat2,0.007889
2026_02,Polsat Film,Łukasz,RD,0.00635,Polsat Film,Polsat Film,Polsat Film,0.005499
2026_02,Polsat Sport 1,Łukasz,RD,0.0038,Polsat Sport 1,Polsat Sport 1,Polsat Sport 1 [Polsat Sport],0.003573
2026_02,Polsat Viasat History,Łukasz,RD,0.001790757970071568,Polsat Viasat History,Polsat Viasat History,Polsat Viasat History [Viasat History],0.001298
2026_02,Polsat Viasat Explore,Łukasz,RD,0.001058712635093341,Polsat Viasat Explore,Polsat Viasat Explore,Polsat Viasat Explore [Polsat Viasat Explorer],0.001211
2026_02,Szóstka,Piotr,RD,0.0178,Szóstka,TV6,TV6,0.01867
2026_02,Super Polsat,Piotr,RD,0.0113,Super Polsat,Super Polsat,Super Polsat [Polsat Sport News],0.011545
2026_02,WPOLSCE24,Piotr,RD,0.0072,WPOLSCE24,wPolsce24,wPolsce24 [Telewizja WPOLSCE.PL],0.007776
2026_02,AXN,Piotr,RD,0.0031568548080012854,AXN,AXN,AXN,0.002948
2026_02,BBC First,Piotr,RD,0.001762985492738589,BBC First,BBC First,BBC First [BBC HD],0.001704
2026_02,Polsat Play,Rafał,RD,0.0042,Polsat Play,Polsat Play,Polsat Play,0.00352
2026_02,Polo TV,Rafał,RD,0.0031,Polo TV,Polo TV,Polo TV,0.002886
2026_02,SPI Kino TV,Rafał,RD,0.0031,SPI Kino TV,FILMBOX+ One,FILMBOX+ One [Kino TV],0.003363
2026_02,Eska TV,Rafał,RD,0.003,Eska TV,Eska TV [8TV],Eska TV [8TV],0.003458
2026_02,AMC,Rafał,RD,0.0019322008603689567,AMC,AMC,AMC [MGM],0.003548
2026_02,Czwórka,Wiola,RD,0.0285,Czwórka,TV4 pl,TV4,0.028894
2026_02,TV Republika,Wiola,RD,0.0327,TV Republika,Republika,Republika [TV Republika],0.034032
2026_02,WP,Wiola,RD,0.00505,WP,WP,WP,0.005103
2026_02,Polsat Seriale,Wiola,RD,0.0036307232029504557,Polsat Seriale,Polsat Seriale,Polsat Seriale [Polsat Romans],0.004072
2026_02,Polsat Cafe,Wiola,RD,0.0036,Polsat Cafe,Polsat Cafe,Polsat Cafe,0.003195
2026_02,NBCU 13 Ulica,Wiola,RD,0.001551136877775311,NBCU 13 Ulica,13 Ulica,13 Ulica [13th Street Universal],0.001948
2026_02,4FUN.TV,Wiola,RD,0.0013883925233321409,4FUN.TV,4FUN.TV,4FUN.TV [4fun.tv],0.001494
2026_02,Stars.tv,Wiola,RD,0.002258908380649806,Stars.tv,Stars.tv,Stars.tv,0.001979
2026_02,BBC Earth,Piotr,RD,0.0015838847680412372,BBC Earth,BBC Earth,BBC Earth [BBC Knowledge],0.001554
2026_02,AXN White,Piotr,RD,0.0010098856205985915,AXN White,AXN White,AXN White [AXN Crime],0.000368
2026_02,History2,Agata,RD,0.0016950070107665221,History2,History2 [H2],HISTORY2 [H2],0.001536
2026_02,Polsat Doku,Dariusz,RD,0.0012884895440494592,Polsat Doku,Polsat Doku,Polsat Doku,0.001051
2026_02,Polsat Sport 2,Adam,RD,0.001,Polsat Sport 2,Polsat Sport 2,Polsat Sport 2 [Polsat Sport Extra],0.000694
2026_02,Polsat JimJam,Dariusz,RD,0.001253979402430109,Polsat JimJam,Polsat JimJam,Polsat JimJam [JimJam],0.001055
2026_02,Epic Drama,Łukasz,RD,0.0011099281976744188,Epic Drama,Viasat Epic Drama,Viasat Epic Drama [Epic Drama],0.000853
2026_02,NBCU SciFi Universal,Łukasz,RD,0.0011849247747227356,NBCU SciFi Universal,Scifi Universal,Scifi Universal,0.001221
2026_02,4FUN KIDS,Wiola,RD,0.00043873072652901747,4FUN KIDS,4FUN KIDS,4FUN KIDS [4FUN GOLD],0.000227
2026_02,Polsat News 2,Dariusz,RD,0.0008324329363207547,Polsat News 2,Polsat News 2,Polsat News 2 [Polsat Biznes],0.000635
2026_02,BBC CBeebies,Dariusz,RD,0.0010972307435805993,BBC CBeebies,BBC CBeebies,BBC CBeebies,0.001783
2026_02,AXN Black,Piotr,RD,0.0015560914213709675,AXN Black,AXN Black,AXN Black [AXN Sci-Fi],0.002027
2026_02,Polsat Rodzina,Piotr,RD,0.0009929670269448946,Polsat Rodzina,Polsat Rodzina,Polsat Rodzina,0.000882
2026_02,SPI Kino Polska Muzyka,Agata,RD,0.0004728563442571747,SPI Kino Polska Muzyka,Kino Polska Muzyka,Kino Polska Muzyka,0.000342
2026_02,Polsat Viasat Nature,Łukasz,RD,0.0004194870456734957,Polsat Viasat Nature,Polsat Viasat Nature,Polsat Viasat Nature [Viasat Nature],0.000613
2026_02,TELE5,Adam,RD,0.0009612752595232923,TELE5,Tele5,Tele5,0.001015
2026_02,BBC Brit,Piotr,RD,0.0005751412444493783,BBC Brit,BBC Brit,BBC Brit [BBC Entertainment],0.00061
2026_02,Eska TV Extra,Adam,RD,0.0003651644415901187,Eska TV Extra,Eska Extra [Eska TV],Eska TV Extra [Eska TV],0.000456
2026_02,BBC Lifestyle,Piotr,RD,0.0007558071811259382,BBC Lifestyle,BBC Lifestyle,BBC Lifestyle,0.000653
2026_02,4FUN DANCE,Wiola,RD,0.00032287389434388156,4FUN DANCE,4FUN DANCE,4FUN DANCE [4FUN FIT&DANCE],0.000423
2026_02,Polsat Music,Piotr,RD,0.0004073627821590626,Polsat Music,Polsat Music HD,Polsat Music HD [Muzo.tv],0.000261
2026_02,Polsat Games,Łukasz,RD,0.00033772707845433256,Polsat Games,Polsat Games,Polsat Games,0.000374
2026_02,Polsat Sport 3,Rafał,RD,0.0005,Polsat Sport 3,Polsat Sport 3,Polsat Sport 3 [Polsat Sport News HD],0.000426
2026_02,Extreme Sports,Łukasz,RD,2.8442888200292652e-05,Extreme Sports,Extreme Sports,Extreme Sports,5.2e-05
2026_02,Vox Music TV,Adam,RD,0.0002885727240304183,Vox Music TV,Vox Music TV,Vox Music TV,0.000254
2026_02,AXN Spin,Piotr,RD,0.0001413418626237624,AXN Spin,AXN Spin,AXN Spin,0.000118
2026_02,Eska Rock TV,Adam,RD,0.0004225356233891753,Eska Rock TV,Eska Rock TV,Eska Rock TV [HIP HOP TV],0.000379
2026_02,Eleven Sports 2,Łukasz,RD,0.0007,Eleven Sports 2,Eleven Sports 2,Eleven Sports 2 [Eleven Sports],0.000756
2026_02,NBCU E Entertainment,Wiola,RD,0.0001004561996184765,NBCU E Entertainment,E!Entertainment,E!Entertainment [E!],0.000155
2026_02,POLONIA1,Adam,RD,0.00023944452279870285,POLONIA1,Polonia 1,Polonia1,0.000174
2026_02,Sundance TV,Agata,RD,8.306172978643434e-05,Sundance TV,Sundance Channel,Sundance Channel,0.00014
2026_02,Novela TV,Dariusz,RD,9.662055047722376e-05,Novela TV,Novela TV,Novela TV,6.1e-05
2026_02,SPI Gametoon,Agata,RD,3.7704983308089836e-05,SPI Gametoon,Gametoon,Gametoon,2.4e-05
2026_02,Golf Zone,Agata,RD,5.371362306004825e-05,Golf Zone,Golf Zone,Golf Zone [Golf Channel Polska],5.2e-05
2026_02,Water Planet,Adam,RD,3.6590498660778834e-05,Water Planet,Water Planet,Water Planet [CSB TV],7.2e-05
2026_02,Polsat Film 2,Łukasz,RD,0.00038319531249999996,Polsat Film 2,Polsat Film 2,Polsat Film 2,0.000483
2026_02,Polsat Reality,Rafał,RD,0.0004,Polsat Reality,Polsat Reality,Polsat Reality,0.000663
2026_02,Polsat X,Rafał,RD,0.0003,Polsat X,Polsat X,Polsat X,0.000331
2026_02,DaVinci,Dariusz,RD,5.671163435679799e-05,DaVinci,Da Vinci,Da Vinci [Da Vinci Learning],6.5e-05
2026_02,TVT,Łukasz,RD,5.23928125e-05,TVT,TVT,TVT,0.000127
2026_02,FILMBOX Premium,Łukasz,RD,0.0002582371875,FILMBOX Premium,FILMBOX+ Hits,FILMBOX+ Hits [FILMBOX Premium],0.000263
2026_02,Ale Kino+,Agata,RD,0.0013752504684347677,Ale Kino+,Ale Kino+,Ale Kino+ [Ale Kino],0.00188
2026_02,Canal+ Domo,Wiola,RD,0.0011192404072360859,Canal+ Domo,CANAL+ DOMO,CANAL+ DOMO [Domo+],0.001099
2026_02,Planete+,Dariusz,RD,0.0013258698635402672,Planete+,Planete+,Planete+ [Planete],0.001567
2026_02,MiniMini+,Dariusz,RD,0.0022702910898284995,MiniMini+,MiniMini+,MiniMini+ [MiniMini],0.001297
2026_02,teleTOON+,Dariusz,RD,0.00035198036824642706,teleTOON+,teleTOON+,teleTOON+ [ZigZap/Hyper],0.000327
2026_02,Novelas+,Agata,RD,0.0017968057604895104,Novelas+,Novelas,Novelas,0.002567
2026_02,CANAL+ KUCHNIA,Wiola,RD,0.0014091528333333334,CANAL+ KUCHNIA,CANAL+ KUCHNIA,CANAL+ KUCHNIA [kuchnia+],0.000999
2026_02,Canal+ 360,Rafał,RD,0.0009,Canal+ 360,CANAL+ 360,Canal+ 360 [Canal+ Family],0.000998
2026_02,Canal+ Sport,Łukasz,RD,0.001,Canal+ Sport,Canal+ Sport,CANAL+ SPORT [Canal+ Niebieski],0.000686
2026_02,Canal+ Sport2,Adam,RD,0.001,Canal+ Sport2,Canal+ Sport2,CANAL+ SPORT2,0.000423
2026_02,Canal+ Sport3,Adam,RD,0.0022,Canal+ Sport3,CANAL+ SPORT3,CANAL+ SPORT3,0.003063
2026_02,Canal+ Sport4,Rafał,RD,0.0001,Canal+ Sport4,CANAL+ SPORT4,CANAL+ SPORT4,0.000111
2026_02,Canal+ Sport5,Rafał,RD,0.0003,Canal+ Sport5,Canal+ SPORT5,CANAL+ SPORT5 [nSport+],0.00047
2026_02,CANAL+ Extra1,Łukasz,RD,0.001,CANAL+ Extra1,CANAL+ Extra 1,CANAL+ EXTRA 1,0.000962
2026_02,CANAL+ Extra2,Łukasz,RD,0.0002,CANAL+ Extra2,CANAL+ Extra 2,CANAL+ EXTRA 2,
2026_02,Viasat True Crime,Rafał,RD,0.0004,Viasat True Crime,Viasat True Crime,Viasat True Crime,0.00038
2026_02,Novelas+1,Agata,RD,3.880042363640244e-05,Novelas+1,Novelas+1,Novelas+1 [DIZI],0.000134
2026_02,Kabaret TV,Rafał,RD,0.0019,Kabaret TV,Kabaret TV,Kabaret TV,0.001362
2026_02,Polsat News Polityka,Dariusz,RD,0.0004674931423611111,Polsat News Polityka,Polsat News Polityka,Polsat News Polityka,0.000492
2026_02,CANAL+ Seriale,Wiola,RD,0.00013733333333333336,CANAL+ Seriale,Canal+ Seriale,Canal+ Seriale [Canal+ Film 2],0.000137
2026_02,CANAL+ Dokument,Wiola,RD,0.00014108333333333334,CANAL+ Dokument,Canal+ Dokument,Canal+ Dokument [Canal+ Discovery],0.000294
2026_02,DocuBox,Dariusz,RD,9.208333333333333e-05,DocuBox,DocuBox,DocuBox,7.6e-05
2026_02,FILMBOX Action,Rafał,RD,8.258333333333334e-05,FILMBOX Action,FILMBOX+ Action,FILMBOX+ Action [FILMBOX Action],0.000305
2026_02,FILMBOX Extra,Rafał,RD,9.758333333333334e-05,FILMBOX Extra,FILMBOX+ Emotion,FILMBOX+ Emotion [FILMBOX Extra],0.00017
2026_02,FILMBOX Family,Rafał,RD,7.308333333333333e-05,FILMBOX Family,FILMBOX+ Comedy,FILMBOX+ Comedy [FILMBOX Family],0.000213
2026_02,TVN,,RD,0.0755,TVN,TVN,TVN,0.075707
2026_02,TVP1,,RD,0.049800000000000004,TVP1,TVP1,TVP1,0.049938
2026_02,TVP2,,RD,0.0496,TVP2,TVP2,TVP2,0.050424
2026_02,Polsat,Maciej,PW,0.0797,Polsat,Polsat,Polsat,0.072383
2026_02,Fokus TV,Adam,PW,0.0094,Fokus TV,Fokus TV,Fokus TV,0.008526
2026_02,Nowa TV,Adam,PW,0.0044,Nowa TV,Nowa TV,Nowa TV,0.004189
2026_02,Eleven Sports 1,Adam,PW,0.003,Eleven Sports 1,Eleven Sports 1,Eleven Sports 1 [Eleven],0.002333
2026_02,Disco Polo Music,Adam,PW,0.0008,Disco Polo Music,Disco Polo Music,Disco Polo Music,0.000617
2026_02,Puls 2,Agata,PW,0.0188,Puls 2,Puls 2,Puls 2,0.015178
2026_02,Zoom TV,Agata,PW,0.0036,Zoom TV,ZOOM,ZOOM [Zoom TV],0.004387
2026_02,SPI Kino Polska,Agata,PW,0.0032,SPI Kino Polska,Kino Polska,Kino Polska,0.002484
2026_02,History,Agata,PW,0.0032,History,History,HISTORY,0.00317
2026_02,CI Polsat,Agata,PW,0.0011,CI Polsat,CI Polsat,CI Polsat [Polsat Crime & Investigation Network],0.001597
2026_02,Polsat News,Dariusz,PW,0.0103,Polsat News,Polsat News,Polsat News,0.010103
2026_02,Stopklatka,Dariusz,PW,0.0118,Stopklatka,Stopklatka,Stopklatka,0.010111
2026_02,Wydarzenia24,Dariusz,PW,0.0102,Wydarzenia24,Wydarzenia24,Wydarzenia 24 [Superstacja],0.01025
2026_02,Puls,Łukasz,PW,0.0362,Puls,TV PULS,TV PULS [PULS],0.033127
2026_02,Polsat 2,Łukasz,PW,0.0086,Polsat 2,Polsat2,Polsat2,0.007889
2026_02,Polsat Film,Łukasz,PW,0.007,Polsat Film,Polsat Film,Polsat Film,0.005499
2026_02,Polsat Sport 1,Łukasz,PW,0.0035,Polsat Sport 1,Polsat Sport 1,Polsat Sport 1 [Polsat Sport],0.003573
2026_02,Polsat Viasat History,Łukasz,PW,0.0016,Polsat Viasat History,Polsat Viasat History,Polsat Viasat History [Viasat History],0.001298
2026_02,Polsat Viasat Explore,Łukasz,PW,0.0013,Polsat Viasat Explore,Polsat Viasat Explore,Polsat Viasat Explore [Polsat Viasat Explorer],0.001211
2026_02,Szóstka,Piotr,PW,0.0167,Szóstka,TV6,TV6,0.01867
2026_02,Super Polsat,Piotr,PW,0.0112,Super Polsat,Super Polsat,Super Polsat [Polsat Sport News],0.011545
2026_02,WPOLSCE24,Piotr,PW,0.0067,WPOLSCE24,wPolsce24,wPolsce24 [Telewizja WPOLSCE.PL],0.007776
2026_02,AXN,Piotr,PW,0.0035,AXN,AXN,AXN,0.002948
2026_02,BBC First,Piotr,PW,0.0017,BBC First,BBC First,BBC First [BBC HD],0.001704
2026_02,Polsat Play,Rafał,PW,0.0042,Polsat Play,Polsat Play,Polsat Play,0.00352
2026_02,Polo TV,Rafał,PW,0.0039,Polo TV,Polo TV,Polo TV,0.002886
2026_02,SPI Kino TV,Rafał,PW,0.0032,SPI Kino TV,FILMBOX+ One,FILMBOX+ One [Kino TV],0.003363
2026_02,Eska TV,Rafał,PW,0.0033,Eska TV,Eska TV [8TV],Eska TV [8TV],0.003458
2026_02,AMC,Rafał,PW,0.002,AMC,AMC,AMC [MGM],0.003548
2026_02,Czwórka,Wiola,PW,0.0276,Czwórka,TV4 pl,TV4,0.028894
2026_02,TV Republika,Wiola,PW,0.0305,TV Republika,Republika,Republika [TV Republika],0.034032
2026_02,WP,Wiola,PW,0.0063,WP,WP,WP,0.005103
2026_02,Polsat Seriale,Wiola,PW,0.0036,Polsat Seriale,Polsat Seriale,Polsat Seriale [Polsat Romans],0.004072
2026_02,Polsat Cafe,Wiola,PW,0.0036,Polsat Cafe,Polsat Cafe,Polsat Cafe,0.003195
2026_02,NBCU 13 Ulica,Wiola,PW,0.0014,NBCU 13 Ulica,13 Ulica,13 Ulica [13th Street Universal],0.001948
2026_02,4FUN.TV,Wiola,PW,0.0013,4FUN.TV,4FUN.TV,4FUN.TV [4fun.tv],0.001494
2026_02,Stars.tv,Wiola,PW,0.002,Stars.tv,Stars.tv,Stars.tv,0.001979
2026_02,BBC Earth,Piotr,PW,0.0017,BBC Earth,BBC Earth,BBC Earth [BBC Knowledge],0.001554
2026_02,AXN White,Piotr,PW,0.0008,AXN White,AXN White,AXN White [AXN Crime],0.000368
2026_02,History2,Agata,PW,0.0015,History2,History2 [H2],HISTORY2 [H2],0.001536
2026_02,Polsat Doku,Dariusz,PW,0.0013,Polsat Doku,Polsat Doku,Polsat Doku,0.001051
2026_02,Polsat Sport 2,Adam,PW,0.0011,Polsat Sport 2,Polsat Sport 2,Polsat Sport 2 [Polsat Sport Extra],0.000694
2026_02,Polsat JimJam,Dariusz,PW,0.0013,Polsat JimJam,Polsat JimJam,Polsat JimJam [JimJam],0.001055
2026_02,Epic Drama,Łukasz,PW,0.001,Epic Drama,Viasat Epic Drama,Viasat Epic Drama [Epic Drama],0.000853
2026_02,NBCU SciFi Universal,Łukasz,PW,0.001,NBCU SciFi Universal,Scifi Universal,Scifi Universal,0.001221
2026_02,4FUN KIDS,Wiola,PW,0.0005,4FUN KIDS,4FUN KIDS,4FUN KIDS [4FUN GOLD],0.000227
2026_02,Polsat News 2,Dariusz,PW,0.0007,Polsat News 2,Polsat News 2,Polsat News 2 [Polsat Biznes],0.000635
2026_02,BBC CBeebies,Dariusz,PW,0.001,BBC CBeebies,BBC CBeebies,BBC CBeebies,0.001783
2026_02,AXN Black,Piotr,PW,0.0016,AXN Black,AXN Black,AXN Black [AXN Sci-Fi],0.002027
2026_02,Polsat Rodzina,Piotr,PW,0.001,Polsat Rodzina,Polsat Rodzina,Polsat Rodzina,0.000882
2026_02,SPI Kino Polska Muzyka,Agata,PW,0.0005,SPI Kino Polska Muzyka,Kino Polska Muzyka,Kino Polska Muzyka,0.000342
2026_02,Polsat Viasat Nature,Łukasz,PW,0.0004,Polsat Viasat Nature,Polsat Viasat Nature,Polsat Viasat Nature [Viasat Nature],0.000613
2026_02,TELE5,Adam,PW,0.0007,TELE5,Tele5,Tele5,0.001015
2026_02,BBC Brit,Piotr,PW,0.0007,BBC Brit,BBC Brit,BBC Brit [BBC Entertainment],0.00061
2026_02,Eska TV Extra,Adam,PW,0.0004,Eska TV Extra,Eska Extra [Eska TV],Eska TV Extra [Eska TV],0.000456
2026_02,BBC Lifestyle,Piotr,PW,0.0007,BBC Lifestyle,BBC Lifestyle,BBC Lifestyle,0.000653
2026_02,4FUN DANCE,Wiola,PW,0.0004,4FUN DANCE,4FUN DANCE,4FUN DANCE [4FUN FIT&DANCE],0.000423
2026_02,Polsat Music,Piotr,PW,0.0004,Polsat Music,Polsat Music HD,Polsat Music HD [Muzo.tv],0.000261
2026_02,Polsat Games,Łukasz,PW,0.0005,Polsat Games,Polsat Games,Polsat Games,0.000374
2026_02,Polsat Sport 3,Rafał,PW,0.0005,Polsat Sport 3,Polsat Sport 3,Polsat Sport 3 [Polsat Sport News HD],0.000426
2026_02,Extreme Sports,Łukasz,PW,4e-05,Extreme Sports,Extreme Sports,Extreme Sports,5.2e-05
2026_02,Vox Music TV,Adam,PW,0.0002,Vox Music TV,Vox Music TV,Vox Music TV,0.000254
2026_02,AXN Spin,Piotr,PW,0.0002,AXN Spin,AXN Spin,AXN Spin,0.000118
2026_02,Eska Rock TV,Adam,PW,0.0002,Eska Rock TV,Eska Rock TV,Eska Rock TV [HIP HOP TV],0.000379
2026_02,Eleven Sports 2,Łukasz,PW,0.0005,Eleven Sports 2,Eleven Sports 2,Eleven Sports 2 [Eleven Sports],0.000756
2026_02,NBCU E Entertainment,Wiola,PW,0.0001,NBCU E Entertainment,E!Entertainment,E!Entertainment [E!],0.000155
2026_02,POLONIA1,Adam,PW,0.0002,POLONIA1,Polonia 1,Polonia1,0.000174
2026_02,Sundance TV,Agata,PW,0.0001,Sundance TV,Sundance Channel,Sundance Channel,0.00014
2026_02,Novela TV,Dariusz,PW,0.0001,Novela TV,Novela TV,Novela TV,6.1e-05
2026_02,SPI Gametoon,Agata,PW,4e-05,SPI Gametoon,Gametoon,Gametoon,2.4e-05
2026_02,Golf Zone,Agata,PW,4e-05,Golf Zone,Golf Zone,Golf Zone [Golf Channel Polska],5.2e-05
2026_02,Water Planet,Adam,PW,4e-05,Water Planet,Water Planet,Water Planet [CSB TV],7.2e-05
2026_02,Polsat Film 2,Łukasz,PW,0.0004,Polsat Film 2,Polsat Film 2,Polsat Film 2,0.000483
2026_02,Polsat Reality,Rafał,PW,0.0004,Polsat Reality,Polsat Reality,Polsat Reality,0.000663
2026_02,Polsat X,Rafał,PW,0.0004,Polsat X,Polsat X,Polsat X,0.000331
2026_02,DaVinci,Dariusz,PW,0.0001,DaVinci,Da Vinci,Da Vinci [Da Vinci Learning],6.5e-05
2026_02,TVT,Łukasz,PW,4e-05,TVT,TVT,TVT,0.000127
2026_02,FILMBOX Premium,Łukasz,PW,0.0003,FILMBOX Premium,FILMBOX+ Hits,FILMBOX+ Hits [FILMBOX Premium],0.000263
2026_02,Ale Kino+,Agata,PW,0.0014,Ale Kino+,Ale Kino+,Ale Kino+ [Ale Kino],0.00188
2026_02,Canal+ Domo,Wiola,PW,0.001,Canal+ Domo,CANAL+ DOMO,CANAL+ DOMO [Domo+],0.001099
2026_02,Planete+,Dariusz,PW,0.0013,Planete+,Planete+,Planete+ [Planete],0.001567
2026_02,MiniMini+,Dariusz,PW,0.002,MiniMini+,MiniMini+,MiniMini+ [MiniMini],0.001297
2026_02,teleTOON+,Dariusz,PW,0.0004,teleTOON+,teleTOON+,teleTOON+ [ZigZap/Hyper],0.000327
2026_02,Novelas+,Agata,PW,0.0018,Novelas+,Novelas,Novelas,0.002567
2026_02,CANAL+ KUCHNIA,Wiola,PW,0.001,CANAL+ KUCHNIA,CANAL+ KUCHNIA,CANAL+ KUCHNIA [kuchnia+],0.000999
2026_02,Canal+ 360,Rafał,PW,0.001,Canal+ 360,CANAL+ 360,Canal+ 360 [Canal+ Family],0.000998
2026_02,Canal+ Sport,Łukasz,PW,0.001,Canal+ Sport,Canal+ Sport,CANAL+ SPORT [Canal+ Niebieski],0.000686
2026_02,Canal+ Sport2,Adam,PW,0.0006,Canal+ Sport2,Canal+ Sport2,CANAL+ SPORT2,0.000423
2026_02,Canal+ Sport3,Adam,PW,0.0014,Canal+ Sport3,CANAL+ SPORT3,CANAL+ SPORT3,0.003063
2026_02,Canal+ Sport4,Rafał,PW,0.0001,Canal+ Sport4,CANAL+ SPORT4,CANAL+ SPORT4,0.000111
2026_02,Canal+ Sport5,Rafał,PW,0.0005,Canal+ Sport5,Canal+ SPORT5,CANAL+ SPORT5 [nSport+],0.00047
2026_02,CANAL+ Extra1,Łukasz,PW,0.0005,CANAL+ Extra1,CANAL+ Extra 1,CANAL+ EXTRA 1,0.000962
2026_02,CANAL+ Extra2,Łukasz,PW,0.0001,CANAL+ Extra2,CANAL+ Extra 2,CANAL+ EXTRA 2,
2026_02,Viasat True Crime,Rafał,PW,0.0003,Viasat True Crime,Viasat True Crime,Viasat True Crime,0.00038
2026_02,Novelas+1,Agata,PW,4e-05,Novelas+1,Novelas+1,Novelas+1 [DIZI],0.000134
2026_02,Kabaret TV,Rafał,PW,0.0018,Kabaret TV,Kabaret TV,Kabaret TV,0.001362
2026_02,Polsat News Polityka,Dariusz,PW,0.0005,Polsat News Polityka,Polsat News Polityka,Polsat News Polityka,0.000492
2026_02,CANAL+ Seriale,Wiola,PW,0.0003,CANAL+ Seriale,Canal+ Seriale,Canal+ Seriale [Canal+ Film 2],0.000137
2026_02,CANAL+ Dokument,Wiola,PW,0.0003,CANAL+ Dokument,Canal+ Dokument,Canal+ Dokument [Canal+ Discovery],0.000294
2026_02,DocuBox,Dariusz,PW,0.0001,DocuBox,DocuBox,DocuBox,7.6e-05
2026_02,FILMBOX Action,Rafał,PW,0.0001,FILMBOX Action,FILMBOX+ Action,FILMBOX+ Action [FILMBOX Action],0.000305
2026_02,FILMBOX Extra,Rafał,PW,0.0001,FILMBOX Extra,FILMBOX+ Emotion,FILMBOX+ Emotion [FILMBOX Extra],0.00017
2026_02,FILMBOX Family,Rafał,PW,0.0001,FILMBOX Family,FILMBOX+ Comedy,FILMBOX+ Comedy [FILMBOX Family],0.000213
2026_02,TVN,,PW,0.0749,TVN,TVN,TVN,0.075707
2026_02,TVP1,,PW,0.0504,TVP1,TVP1,TVP1,0.049938
2026_02,TVP2,,PW,0.0489,TVP2,TVP2,TVP2,0.050424
2026_02,Polsat,Maciej,WK,0.07795,Polsat,Polsat,Polsat,0.072383
2026_02,Fokus TV,Adam,WK,0.0098,Fokus TV,Fokus TV,Fokus TV,0.008526
2026_02,Nowa TV,Adam,WK,0.0042,Nowa TV,Nowa TV,Nowa TV,0.004189
2026_02,Eleven Sports 1,Adam,WK,0.0025,Eleven Sports 1,Eleven Sports 1,Eleven Sports 1 [Eleven],0.002333
2026_02,Disco Polo Music,Adam,WK,0.0007000000000000001,Disco Polo Music,Disco Polo Music,Disco Polo Music,0.000617
2026_02,Puls 2,Agata,WK,0.0196,Puls 2,Puls 2,Puls 2,0.015178
2026_02,Zoom TV,Agata,WK,0.0045000000000000005,Zoom TV,ZOOM,ZOOM [Zoom TV],0.004387
2026_02,SPI Kino Polska,Agata,WK,0.003,SPI Kino Polska,Kino Polska,Kino Polska,0.002484
2026_02,History,Agata,WK,0.0031,History,History,HISTORY,0.00317
2026_02,CI Polsat,Agata,WK,0.0011,CI Polsat,CI Polsat,CI Polsat [Polsat Crime & Investigation Network],0.001597
2026_02,Polsat News,Dariusz,WK,0.0103,Polsat News,Polsat News,Polsat News,0.010103
2026_02,Stopklatka,Dariusz,WK,0.011899999999999999,Stopklatka,Stopklatka,Stopklatka,0.010111
2026_02,Wydarzenia24,Dariusz,WK,0.0105,Wydarzenia24,Wydarzenia24,Wydarzenia 24 [Superstacja],0.01025
2026_02,Puls,Łukasz,WK,0.0358,Puls,TV PULS,TV PULS [PULS],0.033127
2026_02,Polsat 2,Łukasz,WK,0.009000000000000001,Polsat 2,Polsat2,Polsat2,0.007889
2026_02,Polsat Film,Łukasz,WK,0.006500000000000001,Polsat Film,Polsat Film,Polsat Film,0.005499
2026_02,Polsat Sport 1,Łukasz,WK,0.0037,Polsat Sport 1,Polsat Sport 1,Polsat Sport 1 [Polsat Sport],0.003573
2026_02,Polsat Viasat History,Łukasz,WK,0.0015,Polsat Viasat History,Polsat Viasat History,Polsat Viasat History [Viasat History],0.001298
2026_02,Polsat Viasat Explore,Łukasz,WK,0.0011,Polsat Viasat Explore,Polsat Viasat Explore,Polsat Viasat Explore [Polsat Viasat Explorer],0.001211
2026_02,Szóstka,Piotr,WK,0.016200000000000003,Szóstka,TV6,TV6,0.01867
2026_02,Super Polsat,Piotr,WK,0.011000000000000001,Super Polsat,Super Polsat,Super Polsat [Polsat Sport News],0.011545
2026_02,WPOLSCE24,Piotr,WK,0.0079,WPOLSCE24,wPolsce24,wPolsce24 [Telewizja WPOLSCE.PL],0.007776
2026_02,AXN,Piotr,WK,0.0031,AXN,AXN,AXN,0.002948
2026_02,BBC First,Piotr,WK,0.0019,BBC First,BBC First,BBC First [BBC HD],0.001704
2026_02,Polsat Play,Rafał,WK,0.004699999999999999,Polsat Play,Polsat Play,Polsat Play,0.00352
2026_02,Polo TV,Rafał,WK,0.0038,Polo TV,Polo TV,Polo TV,0.002886
2026_02,SPI Kino TV,Rafał,WK,0.003,SPI Kino TV,FILMBOX+ One,FILMBOX+ One [Kino TV],0.003363
2026_02,Eska TV,Rafał,WK,0.0032,Eska TV,Eska TV [8TV],Eska TV [8TV],0.003458
2026_02,AMC,Rafał,WK,0.0018,AMC,AMC,AMC [MGM],0.003548
2026_02,Czwórka,Wiola,WK,0.0292,Czwórka,TV4 pl,TV4,0.028894
2026_02,TV Republika,Wiola,WK,0.0321,TV Republika,Republika,Republika [TV Republika],0.034032
2026_02,WP,Wiola,WK,0.006,WP,WP,WP,0.005103
2026_02,Polsat Seriale,Wiola,WK,0.0038,Polsat Seriale,Polsat Seriale,Polsat Seriale [Polsat Romans],0.004072
2026_02,Polsat Cafe,Wiola,WK,0.0039000000000000003,Polsat Cafe,Polsat Cafe,Polsat Cafe,0.003195
2026_02,NBCU 13 Ulica,Wiola,WK,0.0015,NBCU 13 Ulica,13 Ulica,13 Ulica [13th Street Universal],0.001948
2026_02,4FUN.TV,Wiola,WK,0.0017000000000000001,4FUN.TV,4FUN.TV,4FUN.TV [4fun.tv],0.001494
2026_02,Stars.tv,Wiola,WK,0.0019,Stars.tv,Stars.tv,Stars.tv,0.001979
2026_02,BBC Earth,Piotr,WK,0.0019,BBC Earth,BBC Earth,BBC Earth [BBC Knowledge],0.001554
2026_02,AXN White,Piotr,WK,0.0007000000000000001,AXN White,AXN White,AXN White [AXN Crime],0.000368
2026_02,History2,Agata,WK,0.0016,History2,History2 [H2],HISTORY2 [H2],0.001536
2026_02,Polsat Doku,Dariusz,WK,0.0014000000000000002,Polsat Doku,Polsat Doku,Polsat Doku,0.001051
2026_02,Polsat Sport 2,Adam,WK,0.0009,Polsat Sport 2,Polsat Sport 2,Polsat Sport 2 [Polsat Sport Extra],0.000694
2026_02,Polsat JimJam,Dariusz,WK,0.0012,Polsat JimJam,Polsat JimJam,Polsat JimJam [JimJam],0.001055
2026_02,Epic Drama,Łukasz,WK,0.0009,Epic Drama,Viasat Epic Drama,Viasat Epic Drama [Epic Drama],0.000853
2026_02,NBCU SciFi Universal,Łukasz,WK,0.001,NBCU SciFi Universal,Scifi Universal,Scifi Universal,0.001221
2026_02,4FUN KIDS,Wiola,WK,0.0004,4FUN KIDS,4FUN KIDS,4FUN KIDS [4FUN GOLD],0.000227
2026_02,Polsat News 2,Dariusz,WK,0.0006,Polsat News 2,Polsat News 2,Polsat News 2 [Polsat Biznes],0.000635
2026_02,BBC CBeebies,Dariusz,WK,0.001,BBC CBeebies,BBC CBeebies,BBC CBeebies,0.001783
2026_02,AXN Black,Piotr,WK,0.0019,AXN Black,AXN Black,AXN Black [AXN Sci-Fi],0.002027
2026_02,Polsat Rodzina,Piotr,WK,0.0009,Polsat Rodzina,Polsat Rodzina,Polsat Rodzina,0.000882
2026_02,SPI Kino Polska Muzyka,Agata,WK,0.0004,SPI Kino Polska Muzyka,Kino Polska Muzyka,Kino Polska Muzyka,0.000342
2026_02,Polsat Viasat Nature,Łukasz,WK,0.0005,Polsat Viasat Nature,Polsat Viasat Nature,Polsat Viasat Nature [Viasat Nature],0.000613
2026_02,TELE5,Adam,WK,0.0009,TELE5,Tele5,Tele5,0.001015
2026_02,BBC Brit,Piotr,WK,0.0006,BBC Brit,BBC Brit,BBC Brit [BBC Entertainment],0.00061
2026_02,Eska TV Extra,Adam,WK,0.0004,Eska TV Extra,Eska Extra [Eska TV],Eska TV Extra [Eska TV],0.000456
2026_02,BBC Lifestyle,Piotr,WK,0.00084,BBC Lifestyle,BBC Lifestyle,BBC Lifestyle,0.000653
2026_02,4FUN DANCE,Wiola,WK,0.00035000000000000005,4FUN DANCE,4FUN DANCE,4FUN DANCE [4FUN FIT&DANCE],0.000423
2026_02,Polsat Music,Piotr,WK,0.0004,Polsat Music,Polsat Music HD,Polsat Music HD [Muzo.tv],0.000261
2026_02,Polsat Games,Łukasz,WK,0.0004,Polsat Games,Polsat Games,Polsat Games,0.000374
2026_02,Polsat Sport 3,Rafał,WK,0.0006,Polsat Sport 3,Polsat Sport 3,Polsat Sport 3 [Polsat Sport News HD],0.000426
2026_02,Extreme Sports,Łukasz,WK,1e-05,Extreme Sports,Extreme Sports,Extreme Sports,5.2e-05
2026_02,Vox Music TV,Adam,WK,0.0003,Vox Music TV,Vox Music TV,Vox Music TV,0.000254
2026_02,AXN Spin,Piotr,WK,0.00015,AXN Spin,AXN Spin,AXN Spin,0.000118
2026_02,Eska Rock TV,Adam,WK,0.00028000000000000003,Eska Rock TV,Eska Rock TV,Eska Rock TV [HIP HOP TV],0.000379
2026_02,Eleven Sports 2,Łukasz,WK,0.0006,Eleven Sports 2,Eleven Sports 2,Eleven Sports 2 [Eleven Sports],0.000756
2026_02,NBCU E Entertainment,Wiola,WK,0.0001,NBCU E Entertainment,E!Entertainment,E!Entertainment [E!],0.000155
2026_02,POLONIA1,Adam,WK,0.0003,POLONIA1,Polonia 1,Polonia1,0.000174
2026_02,Sundance TV,Agata,WK,0.00015,Sundance TV,Sundance Channel,Sundance Channel,0.00014
2026_02,Novela TV,Dariusz,WK,0.0001,Novela TV,Novela TV,Novela TV,6.1e-05
2026_02,SPI Gametoon,Agata,WK,1e-05,SPI Gametoon,Gametoon,Gametoon,2.4e-05
2026_02,Golf Zone,Agata,WK,1e-05,Golf Zone,Golf Zone,Golf Zone [Golf Channel Polska],5.2e-05
2026_02,Water Planet,Adam,WK,1e-05,Water Planet,Water Planet,Water Planet [CSB TV],7.2e-05
2026_02,Polsat Film 2,Łukasz,WK,0.0005,Polsat Film 2,Polsat Film 2,Polsat Film 2,0.000483
2026_02,Polsat Reality,Rafał,WK,0.00055,Polsat Reality,Polsat Reality,Polsat Reality,0.000663
2026_02,Polsat X,Rafał,WK,0.0003,Polsat X,Polsat X,Polsat X,0.000331
2026_02,DaVinci,Dariusz,WK,0.0001,DaVinci,Da Vinci,Da Vinci [Da Vinci Learning],6.5e-05
2026_02,TVT,Łukasz,WK,1e-05,TVT,TVT,TVT,0.000127
2026_02,FILMBOX Premium,Łukasz,WK,0.0003,FILMBOX Premium,FILMBOX+ Hits,FILMBOX+ Hits [FILMBOX Premium],0.000263
2026_02,Ale Kino+,Agata,WK,0.0015,Ale Kino+,Ale Kino+,Ale Kino+ [Ale Kino],0.00188
2026_02,Canal+ Domo,Wiola,WK,0.0012,Canal+ Domo,CANAL+ DOMO,CANAL+ DOMO [Domo+],0.001099
2026_02,Planete+,Dariusz,WK,0.0014000000000000002,Planete+,Planete+,Planete+ [Planete],0.001567
2026_02,MiniMini+,Dariusz,WK,0.0022,MiniMini+,MiniMini+,MiniMini+ [MiniMini],0.001297
2026_02,teleTOON+,Dariusz,WK,0.00035000000000000005,teleTOON+,teleTOON+,teleTOON+ [ZigZap/Hyper],0.000327
2026_02,Novelas+,Agata,WK,0.0022,Novelas+,Novelas,Novelas,0.002567
2026_02,CANAL+ KUCHNIA,Wiola,WK,0.0012,CANAL+ KUCHNIA,CANAL+ KUCHNIA,CANAL+ KUCHNIA [kuchnia+],0.000999
2026_02,Canal+ 360,Rafał,WK,0.0009,Canal+ 360,CANAL+ 360,Canal+ 360 [Canal+ Family],0.000998
2026_02,Canal+ Sport,Łukasz,WK,0.0009,Canal+ Sport,Canal+ Sport,CANAL+ SPORT [Canal+ Niebieski],0.000686
2026_02,Canal+ Sport2,Adam,WK,0.0009,Canal+ Sport2,Canal+ Sport2,CANAL+ SPORT2,0.000423
2026_02,Canal+ Sport3,Adam,WK,0.001,Canal+ Sport3,CANAL+ SPORT3,CANAL+ SPORT3,0.003063
2026_02,Canal+ Sport4,Rafał,WK,0.0001,Canal+ Sport4,CANAL+ SPORT4,CANAL+ SPORT4,0.000111
2026_02,Canal+ Sport5,Rafał,WK,0.0003,Canal+ Sport5,Canal+ SPORT5,CANAL+ SPORT5 [nSport+],0.00047
2026_02,CANAL+ Extra1,Łukasz,WK,0.001,CANAL+ Extra1,CANAL+ Extra 1,CANAL+ EXTRA 1,0.000962
2026_02,CANAL+ Extra2,Łukasz,WK,0.00024,CANAL+ Extra2,CANAL+ Extra 2,CANAL+ EXTRA 2,
2026_02,Viasat True Crime,Rafał,WK,0.0003,Viasat True Crime,Viasat True Crime,Viasat True Crime,0.00038
2026_02,Novelas+1,Agata,WK,1e-05,Novelas+1,Novelas+1,Novelas+1 [DIZI],0.000134
2026_02,Kabaret TV,Rafał,WK,0.002,Kabaret TV,Kabaret TV,Kabaret TV,0.001362
2026_02,Polsat News Polityka,Dariusz,WK,0.0005,Polsat News Polityka,Polsat News Polityka,Polsat News Polityka,0.000492
2026_02,CANAL+ Seriale,Wiola,WK,0.0003,CANAL+ Seriale,Canal+ Seriale,Canal+ Seriale [Canal+ Film 2],0.000137
2026_02,CANAL+ Dokument,Wiola,WK,0.0003,CANAL+ Dokument,Canal+ Dokument,Canal+ Dokument [Canal+ Discovery],0.000294
2026_02,DocuBox,Dariusz,WK,0.0001,DocuBox,DocuBox,DocuBox,7.6e-05
2026_02,FILMBOX Action,Rafał,WK,0.0002,FILMBOX Action,FILMBOX+ Action,FILMBOX+ Action [FILMBOX Action],0.000305
2026_02,FILMBOX Extra,Rafał,WK,0.0001,FILMBOX Extra,FILMBOX+ Emotion,FILMBOX+ Emotion [FILMBOX Extra],0.00017
2026_02,FILMBOX Family,Rafał,WK,0.0001,FILMBOX Family,FILMBOX+ Comedy,FILMBOX+ Comedy [FILMBOX Family],0.000213
2026_02,TVN,,WK,0.0753,TVN,TVN,TVN,0.075707
2026_02,TVP1,,WK,0.0437,TVP1,TVP1,TVP1,0.049938
2026_02,TVP2,,WK,0.048,TVP2,TVP2,TVP2,0.050424
2026_03,Polsat,Maciej,DT,0.07561005,Polsat,Polsat,Polsat,0.07951
2026_03,Fokus TV,Adam,DT,0.00939833,Fokus TV,Fokus TV,Fokus TV,0.008125
2026_03,Nowa TV,Adam,DT,0.0042008175000000005,Nowa TV,Nowa TV,Nowa TV,0.003489
2026_03,Eleven Sports 1,Adam,DT,0.0027108675,Eleven Sports 1,Eleven Sports 1,Eleven Sports 1 [Eleven],0.002698
2026_03,Disco Polo Music,Adam,DT,0.0007769249999999999,Disco Polo Music,Disco Polo Music,Disco Polo Music,0.000566
2026_03,Puls 2,Agata,DT,0.018459045,Puls 2,Puls 2,Puls 2,0.015778
2026_03,Zoom TV,Agata,DT,0.0046029875,Zoom TV,ZOOM,ZOOM [Zoom TV],0.00431
2026_03,SPI Kino Polska,Agata,DT,0.0030013200000000005,SPI Kino Polska,Kino Polska,Kino Polska,0.002272
2026_03,History,Agata,DT,0.0029791124999999996,History,History,HISTORY,0.003112
2026_03,CI Polsat,Agata,DT,0.0011674575,CI Polsat,CI Polsat,CI Polsat [Polsat Crime & Investigation Network],0.001176
2026_03,Polsat News,Dariusz,DT,0.010718749999999999,Polsat News,Polsat News,Polsat News,0.011432
2026_03,Stopklatka,Dariusz,DT,0.011096365000000002,Stopklatka,Stopklatka,Stopklatka,0.010947
2026_03,Wydarzenia24,Dariusz,DT,0.0109362,Wydarzenia24,Wydarzenia24,Wydarzenia 24 [Superstacja],0.010766
2026_03,Puls,Łukasz,DT,0.041695920000000004,Puls,TV PULS,TV PULS [PULS],0.038554
2026_03,Polsat 2,Łukasz,DT,0.008572375000000002,Polsat 2,Polsat2,Polsat2,0.006726
2026_03,Polsat Film,Łukasz,DT,0.0054190374999999995,Polsat Film,Polsat Film,Polsat Film,0.005126
2026_03,Polsat Sport 1,Łukasz,DT,0.0038904524999999993,Polsat Sport 1,Polsat Sport 1,Polsat Sport 1 [Polsat Sport],0.003798
2026_03,Polsat Viasat History,Łukasz,DT,0.0014708924999999999,Polsat Viasat History,Polsat Viasat History,Polsat Viasat History [Viasat History],0.000907
2026_03,Polsat Viasat Explore,Łukasz,DT,0.0010806750000000001,Polsat Viasat Explore,Polsat Viasat Explore,Polsat Viasat Explore [Polsat Viasat Explorer],0.000867
2026_03,Szóstka,Piotr,DT,0.017956762499999997,Szóstka,TV6,TV6,0.01909
2026_03,Super Polsat,Piotr,DT,0.011145630000000002,Super Polsat,Super Polsat,Super Polsat [Polsat Sport News],0.010909
2026_03,WPOLSCE24,Piotr,DT,0.007099110000000001,WPOLSCE24,wPolsce24,wPolsce24 [Telewizja WPOLSCE.PL],0.009624
2026_03,AXN,Piotr,DT,0.002783055,AXN,AXN,AXN,0.002601
2026_03,BBC First,Piotr,DT,0.00182507,BBC First,BBC First,BBC First [BBC HD],0.002588
2026_03,Polsat Play,Rafał,DT,0.0038320125,Polsat Play,Polsat Play,Polsat Play,0.002736
2026_03,Polo TV,Rafał,DT,0.0034826175000000005,Polo TV,Polo TV,Polo TV,0.00254
2026_03,SPI Kino TV,Rafał,DT,0.0028737224999999997,SPI Kino TV,FILMBOX+ One,FILMBOX+ One [Kino TV],0.002812
2026_03,Eska TV,Rafał,DT,0.0031353600000000002,Eska TV,Eska TV [8TV],Eska TV [8TV],0.003415
2026_03,AMC,Rafał,DT,0.002292195,AMC,AMC,AMC [MGM],0.001483
2026_03,Czwórka,Wiola,DT,0.031782775,Czwórka,TV4 pl,TV4,0.032421
2026_03,TV Republika,Wiola,DT,0.034783900000000006,TV Republika,Republika,Republika [TV Republika],0.033482
2026_03,WP,Wiola,DT,0.005350705,WP,WP,WP,0.004979
2026_03,Polsat Seriale,Wiola,DT,0.0041102325,Polsat Seriale,Polsat Seriale,Polsat Seriale [Polsat Romans],0.003912
2026_03,Polsat Cafe,Wiola,DT,0.0034376799999999994,Polsat Cafe,Polsat Cafe,Polsat Cafe,0.002616
2026_03,NBCU 13 Ulica,Wiola,DT,0.00167445,NBCU 13 Ulica,13 Ulica,13 Ulica [13th Street Universal],0.001865
2026_03,4FUN.TV,Wiola,DT,0.0016281975000000002,4FUN.TV,4FUN.TV,4FUN.TV [4fun.tv],0.001762
2026_03,Stars.tv,Wiola,DT,0.0019817325,Stars.tv,Stars.tv,Stars.tv,0.002098
2026_03,BBC Earth,Piotr,DT,0.0016372399999999999,BBC Earth,BBC Earth,BBC Earth [BBC Knowledge],0.00157
2026_03,AXN White,Piotr,DT,0.00055146,AXN White,AXN White,AXN White [AXN Crime],0.000597
2026_03,History2,Agata,DT,0.0017511,History2,History2 [H2],HISTORY2 [H2],0.002234
2026_03,Polsat Doku,Dariusz,DT,0.0013259625,Polsat Doku,Polsat Doku,Polsat Doku,0.000745
2026_03,Polsat Sport 2,Adam,DT,0.0009523800000000001,Polsat Sport 2,Polsat Sport 2,Polsat Sport 2 [Polsat Sport Extra],0.000876
2026_03,Polsat JimJam,Dariusz,DT,0.0012142725,Polsat JimJam,Polsat JimJam,Polsat JimJam [JimJam],0.000842
2026_03,Epic Drama,Łukasz,DT,0.0009343124999999999,Epic Drama,Viasat Epic Drama,Viasat Epic Drama [Epic Drama],0.000666
2026_03,NBCU SciFi Universal,Łukasz,DT,0.0013521600000000003,NBCU SciFi Universal,Scifi Universal,Scifi Universal,0.001061
2026_03,4FUN KIDS,Wiola,DT,0.0005976,4FUN KIDS,4FUN KIDS,4FUN KIDS [4FUN GOLD],0.000247
2026_03,Polsat News 2,Dariusz,DT,0.0007652700000000001,Polsat News 2,Polsat News 2,Polsat News 2 [Polsat Biznes],0.000828
2026_03,BBC CBeebies,Dariusz,DT,0.00149379,BBC CBeebies,BBC CBeebies,BBC CBeebies,0.00134
2026_03,AXN Black,Piotr,DT,0.0018639225,AXN Black,AXN Black,AXN Black [AXN Sci-Fi],0.001824
2026_03,Polsat Rodzina,Piotr,DT,0.0008749125,Polsat Rodzina,Polsat Rodzina,Polsat Rodzina,0.001031
2026_03,SPI Kino Polska Muzyka,Agata,DT,0.0004061475,SPI Kino Polska Muzyka,Kino Polska Muzyka,Kino Polska Muzyka,0.000354
2026_03,Polsat Viasat Nature,Łukasz,DT,0.0005358375,Polsat Viasat Nature,Polsat Viasat Nature,Polsat Viasat Nature [Viasat Nature],0.000386
2026_03,TELE5,Adam,DT,0.0009981675,TELE5,Tele5,Tele5,0.000822
2026_03,BBC Brit,Piotr,DT,0.0006423900000000001,BBC Brit,BBC Brit,BBC Brit [BBC Entertainment],0.000692
2026_03,Eska TV Extra,Adam,DT,0.000439065,Eska TV Extra,Eska Extra [Eska TV],Eska TV Extra [Eska TV],0.000353
2026_03,BBC Lifestyle,Piotr,DT,0.000701445,BBC Lifestyle,BBC Lifestyle,BBC Lifestyle,0.000455
2026_03,4FUN DANCE,Wiola,DT,0.0004219875,4FUN DANCE,4FUN DANCE,4FUN DANCE [4FUN FIT&DANCE],0.000433
2026_03,Polsat Music,Piotr,DT,0.00037397250000000004,Polsat Music,Polsat Music HD,Polsat Music HD [Muzo.tv],0.000266
2026_03,Polsat Games,Łukasz,DT,0.00043155,Polsat Games,Polsat Games,Polsat Games,0.000304
2026_03,Polsat Sport 3,Rafał,DT,0.000572715,Polsat Sport 3,Polsat Sport 3,Polsat Sport 3 [Polsat Sport News HD],0.000443
2026_03,Extreme Sports,Łukasz,DT,4.7470000000000005e-05,Extreme Sports,Extreme Sports,Extreme Sports,3.3e-05
2026_03,Vox Music TV,Adam,DT,0.0003195225,Vox Music TV,Vox Music TV,Vox Music TV,0.000255
2026_03,AXN Spin,Piotr,DT,0.00019274999999999997,AXN Spin,AXN Spin,AXN Spin,0.000207
2026_03,Eska Rock TV,Adam,DT,0.00029845500000000004,Eska Rock TV,Eska Rock TV,Eska Rock TV [HIP HOP TV],0.000352
2026_03,Eleven Sports 2,Łukasz,DT,0.0007303725,Eleven Sports 2,Eleven Sports 2,Eleven Sports 2 [Eleven Sports],0.000423
2026_03,NBCU E Entertainment,Wiola,DT,0.00010172250000000001,NBCU E Entertainment,E!Entertainment,E!Entertainment [E!],7.8e-05
2026_03,POLONIA1,Adam,DT,0.00020881749999999998,POLONIA1,Polonia 1,Polonia1,0.000245
2026_03,Sundance TV,Agata,DT,0.0001252,Sundance TV,Sundance Channel,Sundance Channel,0.000153
2026_03,Novela TV,Dariusz,DT,8.10525e-05,Novela TV,Novela TV,Novela TV,0.000117
2026_03,SPI Gametoon,Agata,DT,4.47975e-05,SPI Gametoon,Gametoon,Gametoon,2.5e-05
2026_03,Golf Zone,Agata,DT,5.1232499999999994e-05,Golf Zone,Golf Zone,Golf Zone [Golf Channel Polska],4.8e-05
2026_03,Water Planet,Adam,DT,4.31775e-05,Water Planet,Water Planet,Water Planet [CSB TV],8.5e-05
2026_03,Polsat Film 2,Łukasz,DT,0.000389625,Polsat Film 2,Polsat Film 2,Polsat Film 2,0.000489
2026_03,Polsat Reality,Rafał,DT,0.0005292,Polsat Reality,Polsat Reality,Polsat Reality,0.000606
2026_03,Polsat X,Rafał,DT,0.0003125,Polsat X,Polsat X,Polsat X,0.000371
2026_03,DaVinci,Dariusz,DT,9.603e-05,DaVinci,Da Vinci,Da Vinci [Da Vinci Learning],4.3e-05
2026_03,TVT,Adam,DT,4.8285e-05,TVT,TVT,TVT,3.7e-05
2026_03,FILMBOX Premium,Łukasz,DT,0.0002820425,FILMBOX Premium,FILMBOX+ Hits,FILMBOX+ Hits [FILMBOX Premium],0.000166
2026_03,Ale Kino+,Agata,DT,0.00158994,Ale Kino+,Ale Kino+,Ale Kino+ [Ale Kino],0.001408
2026_03,Canal+ Domo,Wiola,DT,0.0011189474999999999,Canal+ Domo,CANAL+ DOMO,CANAL+ DOMO [Domo+],0.001092
2026_03,Planete+,Dariusz,DT,0.00145104,Planete+,Planete+,Planete+ [Planete],0.001383
2026_03,MiniMini+,Dariusz,DT,0.0017411625,MiniMini+,MiniMini+,MiniMini+ [MiniMini],0.001211
2026_03,teleTOON+,Dariusz,DT,0.000370755,teleTOON+,teleTOON+,teleTOON+ [ZigZap/Hyper],0.00036
2026_03,Novelas+,Agata,DT,0.00194778,Novelas+,Novelas,Novelas,0.002136
2026_03,CANAL+ KUCHNIA,Wiola,DT,0.0010534,CANAL+ KUCHNIA,CANAL+ KUCHNIA,CANAL+ KUCHNIA [kuchnia+],0.000921
2026_03,Canal+ 360,Rafał,DT,0.0010154925,Canal+ 360,CANAL+ 360,Canal+ 360 [Canal+ Family],0.000968
2026_03,Canal+ Sport,Łukasz,DT,0.00075834,Canal+ Sport,Canal+ Sport,CANAL+ SPORT [Canal+ Niebieski],0.000681
2026_03,Canal+ Sport2,Adam,DT,0.000720225,Canal+ Sport2,Canal+ Sport2,CANAL+ SPORT2,0.000915
2026_03,Canal+ Sport3,Adam,DT,0.0021336975,Canal+ Sport3,CANAL+ SPORT3,CANAL+ SPORT3,0.002638
2026_03,Canal+ Sport4,Rafał,DT,9.01425e-05,Canal+ Sport4,CANAL+ SPORT4,CANAL+ SPORT4,6.9e-05
2026_03,Canal+ Sport5,Rafał,DT,0.00036135,Canal+ Sport5,Canal+ SPORT5,CANAL+ SPORT5 [nSport+],0.000644
2026_03,CANAL+ Extra1,Łukasz,DT,0.0007525800000000001,CANAL+ Extra1,CANAL+ Extra 1,CANAL+ EXTRA 1,0.000914
2026_03,CANAL+ Extra2,Łukasz,DT,0.00014319000000000002,CANAL+ Extra2,CANAL+ Extra 2,CANAL+ EXTRA 2,
2026_03,Viasat True Crime,Rafał,DT,0.0003106125,Viasat True Crime,Viasat True Crime,Viasat True Crime,0.00028
2026_03,Novelas+1,Agata,DT,0.0001296,Novelas+1,Novelas+1,Novelas+1 [DIZI],0.000133
2026_03,Kabaret TV,Rafał,DT,0.0016976024999999998,Kabaret TV,Kabaret TV,Kabaret TV,0.001431
2026_03,Polsat News Polityka,Dariusz,DT,0.00042647500000000005,Polsat News Polityka,Polsat News Polityka,Polsat News Polityka,0.000626
2026_03,CANAL+ Seriale,Wiola,DT,0.000185,CANAL+ Seriale,Canal+ Seriale,Canal+ Seriale [Canal+ Film 2],0.000141
2026_03,CANAL+ Dokument,Wiola,DT,0.00032450000000000003,CANAL+ Dokument,Canal+ Dokument,Canal+ Dokument [Canal+ Discovery],0.000398
2026_03,DocuBox,Dariusz,DT,7.6e-05,DocuBox,DocuBox,DocuBox,5.9e-05
2026_03,FILMBOX Action,Rafał,DT,0.00021920000000000002,FILMBOX Action,FILMBOX+ Action,FILMBOX+ Action [FILMBOX Action],0.000278
2026_03,FILMBOX Extra,Rafał,DT,0.00016672499999999997,FILMBOX Extra,FILMBOX+ Emotion,FILMBOX+ Emotion [FILMBOX Extra],0.000101
2026_03,FILMBOX Family,Rafał,DT,0.0001625,FILMBOX Family,FILMBOX+ Comedy,FILMBOX+ Comedy [FILMBOX Family],0.000234
2026_03,TVN,,DT,0.07436409749999999,TVN,TVN,TVN,0.087623
2026_03,TVP1,,DT,0.046349572500000005,TVP1,TVP1,TVP1,0.045358
2026_03,TVP2,,DT,0.0480588075,TVP2,TVP2,TVP2,0.049482
2026_03,Polsat,Maciej,MJ,0.0791,Polsat,Polsat,Polsat,0.07951
2026_03,Fokus TV,Adam,MJ,0.00821,Fokus TV,Fokus TV,Fokus TV,0.008125
2026_03,Nowa TV,Adam,MJ,0.00392,Nowa TV,Nowa TV,Nowa TV,0.003489
2026_03,Eleven Sports 1,Adam,MJ,0.0021912492027334855,Eleven Sports 1,Eleven Sports 1,Eleven Sports 1 [Eleven],0.002698
2026_03,Disco Polo Music,Adam,MJ,0.00085,Disco Polo Music,Disco Polo Music,Disco Polo Music,0.000566
2026_03,Puls 2,Agata,MJ,0.0155,Puls 2,Puls 2,Puls 2,0.015778
2026_03,Zoom TV,Agata,MJ,0.0036379155025553674,Zoom TV,ZOOM,ZOOM [Zoom TV],0.00431
2026_03,SPI Kino Polska,Agata,MJ,0.00289,SPI Kino Polska,Kino Polska,Kino Polska,0.002272
2026_03,History,Agata,MJ,0.002877891540130152,History,History,HISTORY,0.003112
2026_03,CI Polsat,Agata,MJ,0.0011,CI Polsat,CI Polsat,CI Polsat [Polsat Crime & Investigation Network],0.001176
2026_03,Polsat News,Dariusz,MJ,0.0118,Polsat News,Polsat News,Polsat News,0.011432
2026_03,Stopklatka,Dariusz,MJ,0.0111,Stopklatka,Stopklatka,Stopklatka,0.010947
2026_03,Wydarzenia24,Dariusz,MJ,0.0112,Wydarzenia24,Wydarzenia24,Wydarzenia 24 [Superstacja],0.010766
2026_03,Puls,Łukasz,MJ,0.042957480696703604,Puls,TV PULS,TV PULS [PULS],0.038554
2026_03,Polsat 2,Łukasz,MJ,0.00714,Polsat 2,Polsat2,Polsat2,0.006726
2026_03,Polsat Film,Łukasz,MJ,0.005,Polsat Film,Polsat Film,Polsat Film,0.005126
2026_03,Polsat Sport 1,Łukasz,MJ,0.004232406519654842,Polsat Sport 1,Polsat Sport 1,Polsat Sport 1 [Polsat Sport],0.003798
2026_03,Polsat Viasat History,Łukasz,MJ,0.0013412603155339806,Polsat Viasat History,Polsat Viasat History,Polsat Viasat History [Viasat History],0.000907
2026_03,Polsat Viasat Explore,Łukasz,MJ,0.00096,Polsat Viasat Explore,Polsat Viasat Explore,Polsat Viasat Explore [Polsat Viasat Explorer],0.000867
2026_03,Szóstka,Piotr,MJ,0.01798495349538573,Szóstka,TV6,TV6,0.01909
2026_03,Super Polsat,Piotr,MJ,0.01038,Super Polsat,Super Polsat,Super Polsat [Polsat Sport News],0.010909
2026_03,WPOLSCE24,Piotr,MJ,0.00827,WPOLSCE24,wPolsce24,wPolsce24 [Telewizja WPOLSCE.PL],0.009624
2026_03,AXN,Piotr,MJ,0.003091447509263071,AXN,AXN,AXN,0.002601
2026_03,BBC First,Piotr,MJ,0.0018,BBC First,BBC First,BBC First [BBC HD],0.002588
2026_03,Polsat Play,Rafał,MJ,0.003210144578313253,Polsat Play,Polsat Play,Polsat Play,0.002736
2026_03,Polo TV,Rafał,MJ,0.0031,Polo TV,Polo TV,Polo TV,0.00254
2026_03,SPI Kino TV,Rafał,MJ,0.002303698107539802,SPI Kino TV,FILMBOX+ One,FILMBOX+ One [Kino TV],0.002812
2026_03,Eska TV,Rafał,MJ,0.0023739622746185855,Eska TV,Eska TV [8TV],Eska TV [8TV],0.003415
2026_03,AMC,Rafał,MJ,0.001943609942638623,AMC,AMC,AMC [MGM],0.001483
2026_03,Czwórka,Wiola,MJ,0.0341,Czwórka,TV4 pl,TV4,0.032421
2026_03,TV Republika,Wiola,MJ,0.0363,TV Republika,Republika,Republika [TV Republika],0.033482
2026_03,WP,Wiola,MJ,0.005379651286131,WP,WP,WP,0.004979
2026_03,Polsat Seriale,Wiola,MJ,0.00425,Polsat Seriale,Polsat Seriale,Polsat Seriale [Polsat Romans],0.003912
2026_03,Polsat Cafe,Wiola,MJ,0.00289,Polsat Cafe,Polsat Cafe,Polsat Cafe,0.002616
2026_03,NBCU 13 Ulica,Wiola,MJ,0.0023,NBCU 13 Ulica,13 Ulica,13 Ulica [13th Street Universal],0.001865
2026_03,4FUN.TV,Wiola,MJ,0.0016514733044733045,4FUN.TV,4FUN.TV,4FUN.TV [4fun.tv],0.001762
2026_03,Stars.tv,Wiola,MJ,0.0020409697386519947,Stars.tv,Stars.tv,Stars.tv,0.002098
2026_03,BBC Earth,Piotr,MJ,0.0013690510875063228,BBC Earth,BBC Earth,BBC Earth [BBC Knowledge],0.00157
2026_03,AXN White,Piotr,MJ,0.00058,AXN White,AXN White,AXN White [AXN Crime],0.000597
2026_03,History2,Agata,MJ,0.00188,History2,History2 [H2],HISTORY2 [H2],0.002234
2026_03,Polsat Doku,Dariusz,MJ,0.001154226437462952,Polsat Doku,Polsat Doku,Polsat Doku,0.000745
2026_03,Polsat Sport 2,Adam,MJ,0.001282535172413793,Polsat Sport 2,Polsat Sport 2,Polsat Sport 2 [Polsat Sport Extra],0.000876
2026_03,Polsat JimJam,Dariusz,MJ,0.00115,Polsat JimJam,Polsat JimJam,Polsat JimJam [JimJam],0.000842
2026_03,Epic Drama,Łukasz,MJ,0.0009306279317697227,Epic Drama,Viasat Epic Drama,Viasat Epic Drama [Epic Drama],0.000666
2026_03,NBCU SciFi Universal,Łukasz,MJ,0.00148,NBCU SciFi Universal,Scifi Universal,Scifi Universal,0.001061
2026_03,4FUN KIDS,Wiola,MJ,0.000267,4FUN KIDS,4FUN KIDS,4FUN KIDS [4FUN GOLD],0.000247
2026_03,Polsat News 2,Dariusz,MJ,0.0006386031042128604,Polsat News 2,Polsat News 2,Polsat News 2 [Polsat Biznes],0.000828
2026_03,BBC CBeebies,Dariusz,MJ,0.0014,BBC CBeebies,BBC CBeebies,BBC CBeebies,0.00134
2026_03,AXN Black,Piotr,MJ,0.001944700460829493,AXN Black,AXN Black,AXN Black [AXN Sci-Fi],0.001824
2026_03,Polsat Rodzina,Piotr,MJ,0.0010751572739187418,Polsat Rodzina,Polsat Rodzina,Polsat Rodzina,0.001031
2026_03,SPI Kino Polska Muzyka,Agata,MJ,0.00027,SPI Kino Polska Muzyka,Kino Polska Muzyka,Kino Polska Muzyka,0.000354
2026_03,Polsat Viasat Nature,Łukasz,MJ,0.00047,Polsat Viasat Nature,Polsat Viasat Nature,Polsat Viasat Nature [Viasat Nature],0.000386
2026_03,TELE5,Adam,MJ,0.0010013478260869563,TELE5,Tele5,Tele5,0.000822
2026_03,BBC Brit,Piotr,MJ,0.0008,BBC Brit,BBC Brit,BBC Brit [BBC Entertainment],0.000692
2026_03,Eska TV Extra,Adam,MJ,0.00038,Eska TV Extra,Eska Extra [Eska TV],Eska TV Extra [Eska TV],0.000353
2026_03,BBC Lifestyle,Piotr,MJ,0.0008830030211480363,BBC Lifestyle,BBC Lifestyle,BBC Lifestyle,0.000455
2026_03,4FUN DANCE,Wiola,MJ,0.00047,4FUN DANCE,4FUN DANCE,4FUN DANCE [4FUN FIT&DANCE],0.000433
2026_03,Polsat Music,Piotr,MJ,0.0002611957894736842,Polsat Music,Polsat Music HD,Polsat Music HD [Muzo.tv],0.000266
2026_03,Polsat Games,Łukasz,MJ,0.000377563055062167,Polsat Games,Polsat Games,Polsat Games,0.000304
2026_03,Polsat Sport 3,Rafał,MJ,0.0006141686746987952,Polsat Sport 3,Polsat Sport 3,Polsat Sport 3 [Polsat Sport News HD],0.000443
2026_03,Extreme Sports,Łukasz,MJ,6.6e-05,Extreme Sports,Extreme Sports,Extreme Sports,3.3e-05
2026_03,Vox Music TV,Adam,MJ,0.00037931292517006803,Vox Music TV,Vox Music TV,Vox Music TV,0.000255
2026_03,AXN Spin,Piotr,MJ,8.535616438356165e-05,AXN Spin,AXN Spin,AXN Spin,0.000207
2026_03,Eska Rock TV,Adam,MJ,0.00042,Eska Rock TV,Eska Rock TV,Eska Rock TV [HIP HOP TV],0.000352
2026_03,Eleven Sports 2,Łukasz,MJ,0.00078,Eleven Sports 2,Eleven Sports 2,Eleven Sports 2 [Eleven Sports],0.000423
2026_03,NBCU E Entertainment,Wiola,MJ,6.201600000000001e-05,NBCU E Entertainment,E!Entertainment,E!Entertainment [E!],7.8e-05
2026_03,POLONIA1,Adam,MJ,0.00021393034825870644,POLONIA1,Polonia 1,Polonia1,0.000245
2026_03,Sundance TV,Agata,MJ,0.00020060150375939855,Sundance TV,Sundance Channel,Sundance Channel,0.000153
2026_03,Novela TV,Dariusz,MJ,0.0001544342105263158,Novela TV,Novela TV,Novela TV,0.000117
2026_03,SPI Gametoon,Agata,MJ,1.9537634408602155e-05,SPI Gametoon,Gametoon,Gametoon,2.5e-05
2026_03,Golf Zone,Agata,MJ,9.8e-05,Golf Zone,Golf Zone,Golf Zone [Golf Channel Polska],4.8e-05
2026_03,Water Planet,Adam,MJ,6.416666666666666e-05,Water Planet,Water Planet,Water Planet [CSB TV],8.5e-05
2026_03,Polsat Film 2,Łukasz,MJ,0.0006,Polsat Film 2,Polsat Film 2,Polsat Film 2,0.000489
2026_03,Polsat Reality,Rafał,MJ,0.0006,Polsat Reality,Polsat Reality,Polsat Reality,0.000606
2026_03,Polsat X,Rafał,MJ,0.00032,Polsat X,Polsat X,Polsat X,0.000371
2026_03,DaVinci,Dariusz,MJ,0.00011210738255033557,DaVinci,Da Vinci,Da Vinci [Da Vinci Learning],4.3e-05
2026_03,TVT,Adam,MJ,5e-05,TVT,TVT,TVT,3.7e-05
2026_03,FILMBOX Premium,Łukasz,MJ,0.0003,FILMBOX Premium,FILMBOX+ Hits,FILMBOX+ Hits [FILMBOX Premium],0.000166
2026_03,Ale Kino+,Agata,MJ,0.0018552410256410256,Ale Kino+,Ale Kino+,Ale Kino+ [Ale Kino],0.001408
2026_03,Canal+ Domo,Wiola,MJ,0.00122,Canal+ Domo,CANAL+ DOMO,CANAL+ DOMO [Domo+],0.001092
2026_03,Planete+,Dariusz,MJ,0.0014887709815078235,Planete+,Planete+,Planete+ [Planete],0.001383
2026_03,MiniMini+,Dariusz,MJ,0.0020314285714285716,MiniMini+,MiniMini+,MiniMini+ [MiniMini],0.001211
2026_03,teleTOON+,Dariusz,MJ,0.0003824648187633263,teleTOON+,teleTOON+,teleTOON+ [ZigZap/Hyper],0.00036
2026_03,Novelas+,Agata,MJ,0.00249,Novelas+,Novelas,Novelas,0.002136
2026_03,CANAL+ KUCHNIA,Wiola,MJ,0.0008768329048843189,CANAL+ KUCHNIA,CANAL+ KUCHNIA,CANAL+ KUCHNIA [kuchnia+],0.000921
2026_03,Canal+ 360,Rafał,MJ,0.001,Canal+ 360,CANAL+ 360,Canal+ 360 [Canal+ Family],0.000968
2026_03,Canal+ Sport,Łukasz,MJ,0.0011338336192109777,Canal+ Sport,Canal+ Sport,CANAL+ SPORT [Canal+ Niebieski],0.000681
2026_03,Canal+ Sport2,Adam,MJ,0.0012,Canal+ Sport2,Canal+ Sport2,CANAL+ SPORT2,0.000915
2026_03,Canal+ Sport3,Adam,MJ,0.0022,Canal+ Sport3,CANAL+ SPORT3,CANAL+ SPORT3,0.002638
2026_03,Canal+ Sport4,Rafał,MJ,5.087096774193549e-05,Canal+ Sport4,CANAL+ SPORT4,CANAL+ SPORT4,6.9e-05
2026_03,Canal+ Sport5,Rafał,MJ,0.00045987972508591064,Canal+ Sport5,Canal+ SPORT5,CANAL+ SPORT5 [nSport+],0.000644
2026_03,CANAL+ Extra1,Łukasz,MJ,0.00092,CANAL+ Extra1,CANAL+ Extra 1,CANAL+ EXTRA 1,0.000914
2026_03,CANAL+ Extra2,Łukasz,MJ,7e-05,CANAL+ Extra2,CANAL+ Extra 2,CANAL+ EXTRA 2,
2026_03,Viasat True Crime,Rafał,MJ,0.0003,Viasat True Crime,Viasat True Crime,Viasat True Crime,0.00028
2026_03,Novelas+1,Agata,MJ,6.074083572640977e-06,Novelas+1,Novelas+1,Novelas+1 [DIZI],0.000133
2026_03,Kabaret TV,Rafał,MJ,0.00165,Kabaret TV,Kabaret TV,Kabaret TV,0.001431
2026_03,Polsat News Polityka,Dariusz,MJ,0.0004,Polsat News Polityka,Polsat News Polityka,Polsat News Polityka,0.000626
2026_03,CANAL+ Seriale,Wiola,MJ,0.00018,CANAL+ Seriale,Canal+ Seriale,Canal+ Seriale [Canal+ Film 2],0.000141
2026_03,CANAL+ Dokument,Wiola,MJ,0.0003,CANAL+ Dokument,Canal+ Dokument,Canal+ Dokument [Canal+ Discovery],0.000398
2026_03,DocuBox,Dariusz,MJ,0.0001,DocuBox,DocuBox,DocuBox,5.9e-05
2026_03,FILMBOX Action,Rafał,MJ,0.0001,FILMBOX Action,FILMBOX+ Action,FILMBOX+ Action [FILMBOX Action],0.000278
2026_03,FILMBOX Extra,Rafał,MJ,0.0001,FILMBOX Extra,FILMBOX+ Emotion,FILMBOX+ Emotion [FILMBOX Extra],0.000101
2026_03,FILMBOX Family,Rafał,MJ,0.0001,FILMBOX Family,FILMBOX+ Comedy,FILMBOX+ Comedy [FILMBOX Family],0.000234
2026_03,TVN,,MJ,0.07878074401101422,TVN,TVN,TVN,0.087623
2026_03,TVP1,,MJ,0.04526600382329808,TVP1,TVP1,TVP1,0.045358
2026_03,TVP2,,MJ,0.05167858716727257,TVP2,TVP2,TVP2,0.049482
2026_03,Polsat,Maciej,AKB,0.07459338477845207,Polsat,Polsat,Polsat,0.07951
2026_03,Fokus TV,Adam,AKB,0.008204712552301256,Fokus TV,Fokus TV,Fokus TV,0.008125
2026_03,Nowa TV,Adam,AKB,0.003424217750166408,Nowa TV,Nowa TV,Nowa TV,0.003489
2026_03,Eleven Sports 1,Adam,AKB,0.002611601171003718,Eleven Sports 1,Eleven Sports 1,Eleven Sports 1 [Eleven],0.002698
2026_03,Disco Polo Music,Adam,AKB,0.000890900530503979,Disco Polo Music,Disco Polo Music,Disco Polo Music,0.000566
2026_03,Puls 2,Agata,AKB,0.016595015527003484,Puls 2,Puls 2,Puls 2,0.015778
2026_03,Zoom TV,Agata,AKB,0.004156793776176913,Zoom TV,ZOOM,ZOOM [Zoom TV],0.00431
2026_03,SPI Kino Polska,Agata,AKB,0.00283945728314239,SPI Kino Polska,Kino Polska,Kino Polska,0.002272
2026_03,History,Agata,AKB,0.003176348101683724,History,History,HISTORY,0.003112
2026_03,CI Polsat,Agata,AKB,0.000875504347826087,CI Polsat,CI Polsat,CI Polsat [Polsat Crime & Investigation Network],0.001176
2026_03,Polsat News,Dariusz,AKB,0.01130101422661689,Polsat News,Polsat News,Polsat News,0.011432
2026_03,Stopklatka,Dariusz,AKB,0.009761236300785254,Stopklatka,Stopklatka,Stopklatka,0.010947
2026_03,Wydarzenia24,Dariusz,AKB,0.01029393137940026,Wydarzenia24,Wydarzenia24,Wydarzenia 24 [Superstacja],0.010766
2026_03,Puls,Łukasz,AKB,0.04016410748955564,Puls,TV PULS,TV PULS [PULS],0.038554
2026_03,Polsat 2,Łukasz,AKB,0.007827685923515054,Polsat 2,Polsat2,Polsat2,0.006726
2026_03,Polsat Film,Łukasz,AKB,0.004824831336847149,Polsat Film,Polsat Film,Polsat Film,0.005126
2026_03,Polsat Sport 1,Łukasz,AKB,0.005102418145463634,Polsat Sport 1,Polsat Sport 1,Polsat Sport 1 [Polsat Sport],0.003798
2026_03,Polsat Viasat History,Łukasz,AKB,0.0012849768270944742,Polsat Viasat History,Polsat Viasat History,Polsat Viasat History [Viasat History],0.000907
2026_03,Polsat Viasat Explore,Łukasz,AKB,0.0009620069400630913,Polsat Viasat Explore,Polsat Viasat Explore,Polsat Viasat Explore [Polsat Viasat Explorer],0.000867
2026_03,Szóstka,Piotr,AKB,0.016090069489295537,Szóstka,TV6,TV6,0.01909
2026_03,Super Polsat,Piotr,AKB,0.010074664087985834,Super Polsat,Super Polsat,Super Polsat [Polsat Sport News],0.010909
2026_03,WPOLSCE24,Piotr,AKB,0.008102528011794438,WPOLSCE24,wPolsce24,wPolsce24 [Telewizja WPOLSCE.PL],0.009624
2026_03,AXN,Piotr,AKB,0.003013077082588487,AXN,AXN,AXN,0.002601
2026_03,BBC First,Piotr,AKB,0.002106758752997602,BBC First,BBC First,BBC First [BBC HD],0.002588
2026_03,Polsat Play,Rafał,AKB,0.003251239452928344,Polsat Play,Polsat Play,Polsat Play,0.002736
2026_03,Polo TV,Rafał,AKB,0.0030428600212089076,Polo TV,Polo TV,Polo TV,0.00254
2026_03,SPI Kino TV,Rafał,AKB,0.0025249,SPI Kino TV,FILMBOX+ One,FILMBOX+ One [Kino TV],0.002812
2026_03,Eska TV,Rafał,AKB,0.0020433744087325653,Eska TV,Eska TV [8TV],Eska TV [8TV],0.003415
2026_03,AMC,Rafał,AKB,0.0018586950399087801,AMC,AMC,AMC [MGM],0.001483
2026_03,Czwórka,Wiola,AKB,0.03239008174386922,Czwórka,TV4 pl,TV4,0.032421
2026_03,TV Republika,Wiola,AKB,0.03534221998608857,TV Republika,Republika,Republika [TV Republika],0.033482
2026_03,WP,Wiola,AKB,0.005334246025738077,WP,WP,WP,0.004979
2026_03,Polsat Seriale,Wiola,AKB,0.003983119045005489,Polsat Seriale,Polsat Seriale,Polsat Seriale [Polsat Romans],0.003912
2026_03,Polsat Cafe,Wiola,AKB,0.003038056585365854,Polsat Cafe,Polsat Cafe,Polsat Cafe,0.002616
2026_03,NBCU 13 Ulica,Wiola,AKB,0.002244236658932715,NBCU 13 Ulica,13 Ulica,13 Ulica [13th Street Universal],0.001865
2026_03,4FUN.TV,Wiola,AKB,0.0014395333333333332,4FUN.TV,4FUN.TV,4FUN.TV [4fun.tv],0.001762
2026_03,Stars.tv,Wiola,AKB,0.0020332014311270127,Stars.tv,Stars.tv,Stars.tv,0.002098
2026_03,BBC Earth,Piotr,AKB,0.0015175924987328943,BBC Earth,BBC Earth,BBC Earth [BBC Knowledge],0.00157
2026_03,AXN White,Piotr,AKB,0.0004583102678571429,AXN White,AXN White,AXN White [AXN Crime],0.000597
2026_03,History2,Agata,AKB,0.0017458088694565896,History2,History2 [H2],HISTORY2 [H2],0.002234
2026_03,Polsat Doku,Dariusz,AKB,0.0011684511858797574,Polsat Doku,Polsat Doku,Polsat Doku,0.000745
2026_03,Polsat Sport 2,Adam,AKB,0.0009571864988558354,Polsat Sport 2,Polsat Sport 2,Polsat Sport 2 [Polsat Sport Extra],0.000876
2026_03,Polsat JimJam,Dariusz,AKB,0.0011919884892086332,Polsat JimJam,Polsat JimJam,Polsat JimJam [JimJam],0.000842
2026_03,Epic Drama,Łukasz,AKB,0.000930927342256214,Epic Drama,Viasat Epic Drama,Viasat Epic Drama [Epic Drama],0.000666
2026_03,NBCU SciFi Universal,Łukasz,AKB,0.0015036845070422536,NBCU SciFi Universal,Scifi Universal,Scifi Universal,0.001061
2026_03,4FUN KIDS,Wiola,AKB,0.00032210834553440706,4FUN KIDS,4FUN KIDS,4FUN KIDS [4FUN GOLD],0.000247
2026_03,Polsat News 2,Dariusz,AKB,0.0006740919540229886,Polsat News 2,Polsat News 2,Polsat News 2 [Polsat Biznes],0.000828
2026_03,BBC CBeebies,Dariusz,AKB,0.0016684539007092197,BBC CBeebies,BBC CBeebies,BBC CBeebies,0.00134
2026_03,AXN Black,Piotr,AKB,0.002254045859872611,AXN Black,AXN Black,AXN Black [AXN Sci-Fi],0.001824
2026_03,Polsat Rodzina,Piotr,AKB,0.0009432622716894977,Polsat Rodzina,Polsat Rodzina,Polsat Rodzina,0.001031
2026_03,SPI Kino Polska Muzyka,Agata,AKB,0.00030319672131147544,SPI Kino Polska Muzyka,Kino Polska Muzyka,Kino Polska Muzyka,0.000354
2026_03,Polsat Viasat Nature,Łukasz,AKB,0.000541072549019608,Polsat Viasat Nature,Polsat Viasat Nature,Polsat Viasat Nature [Viasat Nature],0.000386
2026_03,TELE5,Adam,AKB,0.0009511622176591376,TELE5,Tele5,Tele5,0.000822
2026_03,BBC Brit,Piotr,AKB,0.0005735278894472361,BBC Brit,BBC Brit,BBC Brit [BBC Entertainment],0.000692
2026_03,Eska TV Extra,Adam,AKB,0.00033316436525612477,Eska TV Extra,Eska Extra [Eska TV],Eska TV Extra [Eska TV],0.000353
2026_03,BBC Lifestyle,Piotr,AKB,0.0007384533333333332,BBC Lifestyle,BBC Lifestyle,BBC Lifestyle,0.000455
2026_03,4FUN DANCE,Wiola,AKB,0.00039690000000000005,4FUN DANCE,4FUN DANCE,4FUN DANCE [4FUN FIT&DANCE],0.000433
2026_03,Polsat Music,Piotr,AKB,0.00022225,Polsat Music,Polsat Music HD,Polsat Music HD [Muzo.tv],0.000266
2026_03,Polsat Games,Łukasz,AKB,0.0003443548387096774,Polsat Games,Polsat Games,Polsat Games,0.000304
2026_03,Polsat Sport 3,Rafał,AKB,0.0006546747720364743,Polsat Sport 3,Polsat Sport 3,Polsat Sport 3 [Polsat Sport News HD],0.000443
2026_03,Extreme Sports,Łukasz,AKB,4.883720930232558e-05,Extreme Sports,Extreme Sports,Extreme Sports,3.3e-05
2026_03,Vox Music TV,Adam,AKB,0.00021078717201166182,Vox Music TV,Vox Music TV,Vox Music TV,0.000255
2026_03,AXN Spin,Piotr,AKB,0.0001398611111111111,AXN Spin,AXN Spin,AXN Spin,0.000207
2026_03,Eska Rock TV,Adam,AKB,0.00018906818181818182,Eska Rock TV,Eska Rock TV,Eska Rock TV [HIP HOP TV],0.000352
2026_03,Eleven Sports 2,Łukasz,AKB,0.0008344990867579908,Eleven Sports 2,Eleven Sports 2,Eleven Sports 2 [Eleven Sports],0.000423
2026_03,NBCU E Entertainment,Wiola,AKB,4.940624999999999e-05,NBCU E Entertainment,E!Entertainment,E!Entertainment [E!],7.8e-05
2026_03,POLONIA1,Adam,AKB,0.00019921333333333333,POLONIA1,Polonia 1,Polonia1,0.000245
2026_03,Sundance TV,Agata,AKB,0.00014876896551724138,Sundance TV,Sundance Channel,Sundance Channel,0.000153
2026_03,Novela TV,Dariusz,AKB,6.906077348066299e-05,Novela TV,Novela TV,Novela TV,0.000117
2026_03,SPI Gametoon,Agata,AKB,1.7864077669902913e-05,SPI Gametoon,Gametoon,Gametoon,2.5e-05
2026_03,Golf Zone,Agata,AKB,3.9e-05,Golf Zone,Golf Zone,Golf Zone [Golf Channel Polska],4.8e-05
2026_03,Water Planet,Adam,AKB,1.54375e-05,Water Planet,Water Planet,Water Planet [CSB TV],8.5e-05
2026_03,Polsat Film 2,Łukasz,AKB,0.000496,Polsat Film 2,Polsat Film 2,Polsat Film 2,0.000489
2026_03,Polsat Reality,Rafał,AKB,0.000574,Polsat Reality,Polsat Reality,Polsat Reality,0.000606
2026_03,Polsat X,Rafał,AKB,0.000335,Polsat X,Polsat X,Polsat X,0.000371
2026_03,DaVinci,Dariusz,AKB,9.333734939759036e-05,DaVinci,Da Vinci,Da Vinci [Da Vinci Learning],4.3e-05
2026_03,TVT,Adam,AKB,4.4000000000000006e-05,TVT,TVT,TVT,3.7e-05
2026_03,FILMBOX Premium,Łukasz,AKB,0.000235,FILMBOX Premium,FILMBOX+ Hits,FILMBOX+ Hits [FILMBOX Premium],0.000166
2026_03,Ale Kino+,Agata,AKB,0.0016239984555984556,Ale Kino+,Ale Kino+,Ale Kino+ [Ale Kino],0.001408
2026_03,Canal+ Domo,Wiola,AKB,0.0012982238322211633,Canal+ Domo,CANAL+ DOMO,CANAL+ DOMO [Domo+],0.001092
2026_03,Planete+,Dariusz,AKB,0.0014804797601199401,Planete+,Planete+,Planete+ [Planete],0.001383
2026_03,MiniMini+,Dariusz,AKB,0.0014864133077415228,MiniMini+,MiniMini+,MiniMini+ [MiniMini],0.001211
2026_03,teleTOON+,Dariusz,AKB,0.0003158567880794702,teleTOON+,teleTOON+,teleTOON+ [ZigZap/Hyper],0.00036
2026_03,Novelas+,Agata,AKB,0.0026159000145666417,Novelas+,Novelas,Novelas,0.002136
2026_03,CANAL+ KUCHNIA,Wiola,AKB,0.0008850970059880239,CANAL+ KUCHNIA,CANAL+ KUCHNIA,CANAL+ KUCHNIA [kuchnia+],0.000921
2026_03,Canal+ 360,Rafał,AKB,0.0009691968636911944,Canal+ 360,CANAL+ 360,Canal+ 360 [Canal+ Family],0.000968
2026_03,Canal+ Sport,Łukasz,AKB,0.001026,Canal+ Sport,Canal+ Sport,CANAL+ SPORT [Canal+ Niebieski],0.000681
2026_03,Canal+ Sport2,Adam,AKB,0.0006466422857142858,Canal+ Sport2,Canal+ Sport2,CANAL+ SPORT2,0.000915
2026_03,Canal+ Sport3,Adam,AKB,0.0029134657894736844,Canal+ Sport3,CANAL+ SPORT3,CANAL+ SPORT3,0.002638
2026_03,Canal+ Sport4,Rafał,AKB,9.257142857142854e-05,Canal+ Sport4,CANAL+ SPORT4,CANAL+ SPORT4,6.9e-05
2026_03,Canal+ Sport5,Rafał,AKB,0.0003844664179104477,Canal+ Sport5,Canal+ SPORT5,CANAL+ SPORT5 [nSport+],0.000644
2026_03,CANAL+ Extra1,Łukasz,AKB,0.0006630627009646302,CANAL+ Extra1,CANAL+ Extra 1,CANAL+ EXTRA 1,0.000914
2026_03,CANAL+ Extra2,Łukasz,AKB,0.00038199999999999996,CANAL+ Extra2,CANAL+ Extra 2,CANAL+ EXTRA 2,
2026_03,Viasat True Crime,Rafał,AKB,0.0002589741344195519,Viasat True Crime,Viasat True Crime,Viasat True Crime,0.00028
2026_03,Novelas+1,Agata,AKB,4.854771784232365e-05,Novelas+1,Novelas+1,Novelas+1 [DIZI],0.000133
2026_03,Kabaret TV,Rafał,AKB,0.0016131061111111112,Kabaret TV,Kabaret TV,Kabaret TV,0.001431
2026_03,Polsat News Polityka,Dariusz,AKB,0.0004448694550063372,Polsat News Polityka,Polsat News Polityka,Polsat News Polityka,0.000626
2026_03,CANAL+ Seriale,Wiola,AKB,0.00023099999999999998,CANAL+ Seriale,Canal+ Seriale,Canal+ Seriale [Canal+ Film 2],0.000141
2026_03,CANAL+ Dokument,Wiola,AKB,0.000387,CANAL+ Dokument,Canal+ Dokument,Canal+ Dokument [Canal+ Discovery],0.000398
2026_03,DocuBox,Dariusz,AKB,9.8e-05,DocuBox,DocuBox,DocuBox,5.9e-05
2026_03,FILMBOX Action,Rafał,AKB,0.000238,FILMBOX Action,FILMBOX+ Action,FILMBOX+ Action [FILMBOX Action],0.000278
2026_03,FILMBOX Extra,Rafał,AKB,0.00021799999999999999,FILMBOX Extra,FILMBOX+ Emotion,FILMBOX+ Emotion [FILMBOX Extra],0.000101
2026_03,FILMBOX Family,Rafał,AKB,0.000186,FILMBOX Family,FILMBOX+ Comedy,FILMBOX+ Comedy [FILMBOX Family],0.000234
2026_03,TVN,,AKB,0.07409945323908868,TVN,TVN,TVN,0.087623
2026_03,TVP1,,AKB,0.04555260254661557,TVP1,TVP1,TVP1,0.045358
2026_03,TVP2,,AKB,0.04888153626605505,TVP2,TVP2,TVP2,0.049482
2026_03,Polsat,Maciej,BW,0.077,Polsat,Polsat,Polsat,0.07951
2026_03,Fokus TV,Adam,BW,0.0085,Fokus TV,Fokus TV,Fokus TV,0.008125
2026_03,Nowa TV,Adam,BW,0.004,Nowa TV,Nowa TV,Nowa TV,0.003489
2026_03,Eleven Sports 1,Adam,BW,0.0028,Eleven Sports 1,Eleven Sports 1,Eleven Sports 1 [Eleven],0.002698
2026_03,Disco Polo Music,Adam,BW,0.0008,Disco Polo Music,Disco Polo Music,Disco Polo Music,0.000566
2026_03,Puls 2,Agata,BW,0.0185,Puls 2,Puls 2,Puls 2,0.015778
2026_03,Zoom TV,Agata,BW,0.0042,Zoom TV,ZOOM,ZOOM [Zoom TV],0.00431
2026_03,SPI Kino Polska,Agata,BW,0.0027,SPI Kino Polska,Kino Polska,Kino Polska,0.002272
2026_03,History,Agata,BW,0.003,History,History,HISTORY,0.003112
2026_03,CI Polsat,Agata,BW,0.0013,CI Polsat,CI Polsat,CI Polsat [Polsat Crime & Investigation Network],0.001176
2026_03,Polsat News,Dariusz,BW,0.0105,Polsat News,Polsat News,Polsat News,0.011432
2026_03,Stopklatka,Dariusz,BW,0.0108,Stopklatka,Stopklatka,Stopklatka,0.010947
2026_03,Wydarzenia24,Dariusz,BW,0.0111,Wydarzenia24,Wydarzenia24,Wydarzenia 24 [Superstacja],0.010766
2026_03,Puls,Łukasz,BW,0.041,Puls,TV PULS,TV PULS [PULS],0.038554
2026_03,Polsat 2,Łukasz,BW,0.0088,Polsat 2,Polsat2,Polsat2,0.006726
2026_03,Polsat Film,Łukasz,BW,0.0048,Polsat Film,Polsat Film,Polsat Film,0.005126
2026_03,Polsat Sport 1,Łukasz,BW,0.0032,Polsat Sport 1,Polsat Sport 1,Polsat Sport 1 [Polsat Sport],0.003798
2026_03,Polsat Viasat History,Łukasz,BW,0.0014,Polsat Viasat History,Polsat Viasat History,Polsat Viasat History [Viasat History],0.000907
2026_03,Polsat Viasat Explore,Łukasz,BW,0.001,Polsat Viasat Explore,Polsat Viasat Explore,Polsat Viasat Explore [Polsat Viasat Explorer],0.000867
2026_03,Szóstka,Piotr,BW,0.017,Szóstka,TV6,TV6,0.01909
2026_03,Super Polsat,Piotr,BW,0.0104,Super Polsat,Super Polsat,Super Polsat [Polsat Sport News],0.010909
2026_03,WPOLSCE24,Piotr,BW,0.0071,WPOLSCE24,wPolsce24,wPolsce24 [Telewizja WPOLSCE.PL],0.009624
2026_03,AXN,Piotr,BW,0.0027,AXN,AXN,AXN,0.002601
2026_03,BBC First,Piotr,BW,0.0015,BBC First,BBC First,BBC First [BBC HD],0.002588
2026_03,Polsat Play,Rafał,BW,0.0041,Polsat Play,Polsat Play,Polsat Play,0.002736
2026_03,Polo TV,Rafał,BW,0.0034,Polo TV,Polo TV,Polo TV,0.00254
2026_03,SPI Kino TV,Rafał,BW,0.0028,SPI Kino TV,FILMBOX+ One,FILMBOX+ One [Kino TV],0.002812
2026_03,Eska TV,Rafał,BW,0.003,Eska TV,Eska TV [8TV],Eska TV [8TV],0.003415
2026_03,AMC,Rafał,BW,0.002,AMC,AMC,AMC [MGM],0.001483
2026_03,Czwórka,Wiola,BW,0.032,Czwórka,TV4 pl,TV4,0.032421
2026_03,TV Republika,Wiola,BW,0.0345,TV Republika,Republika,Republika [TV Republika],0.033482
2026_03,WP,Wiola,BW,0.0052,WP,WP,WP,0.004979
2026_03,Polsat Seriale,Wiola,BW,0.004,Polsat Seriale,Polsat Seriale,Polsat Seriale [Polsat Romans],0.003912
2026_03,Polsat Cafe,Wiola,BW,0.0032,Polsat Cafe,Polsat Cafe,Polsat Cafe,0.002616
2026_03,NBCU 13 Ulica,Wiola,BW,0.0016,NBCU 13 Ulica,13 Ulica,13 Ulica [13th Street Universal],0.001865
2026_03,4FUN.TV,Wiola,BW,0.0014,4FUN.TV,4FUN.TV,4FUN.TV [4fun.tv],0.001762
2026_03,Stars.tv,Wiola,BW,0.002,Stars.tv,Stars.tv,Stars.tv,0.002098
2026_03,BBC Earth,Piotr,BW,0.0017,BBC Earth,BBC Earth,BBC Earth [BBC Knowledge],0.00157
2026_03,AXN White,Piotr,BW,0.0006,AXN White,AXN White,AXN White [AXN Crime],0.000597
2026_03,History2,Agata,BW,0.0018,History2,History2 [H2],HISTORY2 [H2],0.002234
2026_03,Polsat Doku,Dariusz,BW,0.0014,Polsat Doku,Polsat Doku,Polsat Doku,0.000745
2026_03,Polsat Sport 2,Adam,BW,0.001,Polsat Sport 2,Polsat Sport 2,Polsat Sport 2 [Polsat Sport Extra],0.000876
2026_03,Polsat JimJam,Dariusz,BW,0.0011,Polsat JimJam,Polsat JimJam,Polsat JimJam [JimJam],0.000842
2026_03,Epic Drama,Łukasz,BW,0.001,Epic Drama,Viasat Epic Drama,Viasat Epic Drama [Epic Drama],0.000666
2026_03,NBCU SciFi Universal,Łukasz,BW,0.0012,NBCU SciFi Universal,Scifi Universal,Scifi Universal,0.001061
2026_03,4FUN KIDS,Wiola,BW,0.0003,4FUN KIDS,4FUN KIDS,4FUN KIDS [4FUN GOLD],0.000247
2026_03,Polsat News 2,Dariusz,BW,0.0007,Polsat News 2,Polsat News 2,Polsat News 2 [Polsat Biznes],0.000828
2026_03,BBC CBeebies,Dariusz,BW,0.0015,BBC CBeebies,BBC CBeebies,BBC CBeebies,0.00134
2026_03,AXN Black,Piotr,BW,0.0019,AXN Black,AXN Black,AXN Black [AXN Sci-Fi],0.001824
2026_03,Polsat Rodzina,Piotr,BW,0.0009,Polsat Rodzina,Polsat Rodzina,Polsat Rodzina,0.001031
2026_03,SPI Kino Polska Muzyka,Agata,BW,0.0003,SPI Kino Polska Muzyka,Kino Polska Muzyka,Kino Polska Muzyka,0.000354
2026_03,Polsat Viasat Nature,Łukasz,BW,0.0005,Polsat Viasat Nature,Polsat Viasat Nature,Polsat Viasat Nature [Viasat Nature],0.000386
2026_03,TELE5,Adam,BW,0.001,TELE5,Tele5,Tele5,0.000822
2026_03,BBC Brit,Piotr,BW,0.0006,BBC Brit,BBC Brit,BBC Brit [BBC Entertainment],0.000692
2026_03,Eska TV Extra,Adam,BW,0.0004,Eska TV Extra,Eska Extra [Eska TV],Eska TV Extra [Eska TV],0.000353
2026_03,BBC Lifestyle,Piotr,BW,0.0006,BBC Lifestyle,BBC Lifestyle,BBC Lifestyle,0.000455
2026_03,4FUN DANCE,Wiola,BW,0.0005,4FUN DANCE,4FUN DANCE,4FUN DANCE [4FUN FIT&DANCE],0.000433
2026_03,Polsat Music,Piotr,BW,0.0004,Polsat Music,Polsat Music HD,Polsat Music HD [Muzo.tv],0.000266
2026_03,Polsat Games,Łukasz,BW,0.0004,Polsat Games,Polsat Games,Polsat Games,0.000304
2026_03,Polsat Sport 3,Rafał,BW,0.0005,Polsat Sport 3,Polsat Sport 3,Polsat Sport 3 [Polsat Sport News HD],0.000443
2026_03,Extreme Sports,Łukasz,BW,0.0001,Extreme Sports,Extreme Sports,Extreme Sports,3.3e-05
2026_03,Vox Music TV,Adam,BW,0.0003,Vox Music TV,Vox Music TV,Vox Music TV,0.000255
2026_03,AXN Spin,Piotr,BW,0.0002,AXN Spin,AXN Spin,AXN Spin,0.000207
2026_03,Eska Rock TV,Adam,BW,0.0003,Eska Rock TV,Eska Rock TV,Eska Rock TV [HIP HOP TV],0.000352
2026_03,Eleven Sports 2,Łukasz,BW,0.0006,Eleven Sports 2,Eleven Sports 2,Eleven Sports 2 [Eleven Sports],0.000423
2026_03,NBCU E Entertainment,Wiola,BW,0.0001,NBCU E Entertainment,E!Entertainment,E!Entertainment [E!],7.8e-05
2026_03,POLONIA1,Adam,BW,0.0002,POLONIA1,Polonia 1,Polonia1,0.000245
2026_03,Sundance TV,Agata,BW,0.0001,Sundance TV,Sundance Channel,Sundance Channel,0.000153
2026_03,Novela TV,Dariusz,BW,0.0001,Novela TV,Novela TV,Novela TV,0.000117
2026_03,SPI Gametoon,Agata,BW,0.0001,SPI Gametoon,Gametoon,Gametoon,2.5e-05
2026_03,Golf Zone,Agata,BW,0.0001,Golf Zone,Golf Zone,Golf Zone [Golf Channel Polska],4.8e-05
2026_03,Water Planet,Adam,BW,0.0001,Water Planet,Water Planet,Water Planet [CSB TV],8.5e-05
2026_03,Polsat Film 2,Łukasz,BW,0.0004,Polsat Film 2,Polsat Film 2,Polsat Film 2,0.000489
2026_03,Polsat Reality,Rafał,BW,0.0005,Polsat Reality,Polsat Reality,Polsat Reality,0.000606
2026_03,Polsat X,Rafał,BW,0.0003,Polsat X,Polsat X,Polsat X,0.000371
2026_03,DaVinci,Dariusz,BW,0.0001,DaVinci,Da Vinci,Da Vinci [Da Vinci Learning],4.3e-05
2026_03,TVT,Adam,BW,0.0001,TVT,TVT,TVT,3.7e-05
2026_03,FILMBOX Premium,Łukasz,BW,0.0003,FILMBOX Premium,FILMBOX+ Hits,FILMBOX+ Hits [FILMBOX Premium],0.000166
2026_03,Ale Kino+,Agata,BW,0.0017,Ale Kino+,Ale Kino+,Ale Kino+ [Ale Kino],0.001408
2026_03,Canal+ Domo,Wiola,BW,0.0012,Canal+ Domo,CANAL+ DOMO,CANAL+ DOMO [Domo+],0.001092
2026_03,Planete+,Dariusz,BW,0.0014,Planete+,Planete+,Planete+ [Planete],0.001383
2026_03,MiniMini+,Dariusz,BW,0.0018,MiniMini+,MiniMini+,MiniMini+ [MiniMini],0.001211
2026_03,teleTOON+,Dariusz,BW,0.0004,teleTOON+,teleTOON+,teleTOON+ [ZigZap/Hyper],0.00036
2026_03,Novelas+,Agata,BW,0.0022,Novelas+,Novelas,Novelas,0.002136
2026_03,CANAL+ KUCHNIA,Wiola,BW,0.0011,CANAL+ KUCHNIA,CANAL+ KUCHNIA,CANAL+ KUCHNIA [kuchnia+],0.000921
2026_03,Canal+ 360,Rafał,BW,0.001,Canal+ 360,CANAL+ 360,Canal+ 360 [Canal+ Family],0.000968
2026_03,Canal+ Sport,Łukasz,BW,0.0009,Canal+ Sport,Canal+ Sport,CANAL+ SPORT [Canal+ Niebieski],0.000681
2026_03,Canal+ Sport2,Adam,BW,0.0008,Canal+ Sport2,Canal+ Sport2,CANAL+ SPORT2,0.000915
2026_03,Canal+ Sport3,Adam,BW,0.0018,Canal+ Sport3,CANAL+ SPORT3,CANAL+ SPORT3,0.002638
2026_03,Canal+ Sport4,Rafał,BW,0.0001,Canal+ Sport4,CANAL+ SPORT4,CANAL+ SPORT4,6.9e-05
2026_03,Canal+ Sport5,Rafał,BW,0.0003,Canal+ Sport5,Canal+ SPORT5,CANAL+ SPORT5 [nSport+],0.000644
2026_03,CANAL+ Extra1,Łukasz,BW,0.0004,CANAL+ Extra1,CANAL+ Extra 1,CANAL+ EXTRA 1,0.000914
2026_03,CANAL+ Extra2,Łukasz,BW,0.0001,CANAL+ Extra2,CANAL+ Extra 2,CANAL+ EXTRA 2,
2026_03,Viasat True Crime,Rafał,BW,0.0004,Viasat True Crime,Viasat True Crime,Viasat True Crime,0.00028
2026_03,Novelas+1,Agata,BW,0.0001,Novelas+1,Novelas+1,Novelas+1 [DIZI],0.000133
2026_03,Kabaret TV,Rafał,BW,0.0016,Kabaret TV,Kabaret TV,Kabaret TV,0.001431
2026_03,Polsat News Polityka,Dariusz,BW,0.0003,Polsat News Polityka,Polsat News Polityka,Polsat News Polityka,0.000626
2026_03,CANAL+ Seriale,Wiola,BW,0.0002,CANAL+ Seriale,Canal+ Seriale,Canal+ Seriale [Canal+ Film 2],0.000141
2026_03,CANAL+ Dokument,Wiola,BW,0.0003,CANAL+ Dokument,Canal+ Dokument,Canal+ Dokument [Canal+ Discovery],0.000398
2026_03,DocuBox,Dariusz,BW,0.0001,DocuBox,DocuBox,DocuBox,5.9e-05
2026_03,FILMBOX Action,Rafał,BW,0.0001,FILMBOX Action,FILMBOX+ Action,FILMBOX+ Action [FILMBOX Action],0.000278
2026_03,FILMBOX Extra,Rafał,BW,0.0001,FILMBOX Extra,FILMBOX+ Emotion,FILMBOX+ Emotion [FILMBOX Extra],0.000101
2026_03,FILMBOX Family,Rafał,BW,0.0001,FILMBOX Family,FILMBOX+ Comedy,FILMBOX+ Comedy [FILMBOX Family],0.000234
2026_03,TVN,,BW,0.0775,TVN,TVN,TVN,0.087623
2026_03,TVP1,,BW,0.047,TVP1,TVP1,TVP1,0.045358
2026_03,TVP2,,BW,0.0492,TVP2,TVP2,TVP2,0.049482
2026_03,Polsat,Maciej,KB,0.0765,Polsat,Polsat,Polsat,0.07951
2026_03,Fokus TV,Adam,KB,0.009,Fokus TV,Fokus TV,Fokus TV,0.008125
2026_03,Nowa TV,Adam,KB,0.0042,Nowa TV,Nowa TV,Nowa TV,0.003489
2026_03,Eleven Sports 1,Adam,KB,0.0026,Eleven Sports 1,Eleven Sports 1,Eleven Sports 1 [Eleven],0.002698
2026_03,Disco Polo Music,Adam,KB,0.0006,Disco Polo Music,Disco Polo Music,Disco Polo Music,0.000566
2026_03,Puls 2,Agata,KB,0.0184,Puls 2,Puls 2,Puls 2,0.015778
2026_03,Zoom TV,Agata,KB,0.0042,Zoom TV,ZOOM,ZOOM [Zoom TV],0.00431
2026_03,SPI Kino Polska,Agata,KB,0.003,SPI Kino Polska,Kino Polska,Kino Polska,0.002272
2026_03,History,Agata,KB,0.003,History,History,HISTORY,0.003112
2026_03,CI Polsat,Agata,KB,0.0012,CI Polsat,CI Polsat,CI Polsat [Polsat Crime & Investigation Network],0.001176
2026_03,Polsat News,Dariusz,KB,0.011,Polsat News,Polsat News,Polsat News,0.011432
2026_03,Stopklatka,Dariusz,KB,0.0115,Stopklatka,Stopklatka,Stopklatka,0.010947
2026_03,Wydarzenia24,Dariusz,KB,0.0112,Wydarzenia24,Wydarzenia24,Wydarzenia 24 [Superstacja],0.010766
2026_03,Puls,Łukasz,KB,0.0412,Puls,TV PULS,TV PULS [PULS],0.038554
2026_03,Polsat 2,Łukasz,KB,0.008,Polsat 2,Polsat2,Polsat2,0.006726
2026_03,Polsat Film,Łukasz,KB,0.0052,Polsat Film,Polsat Film,Polsat Film,0.005126
2026_03,Polsat Sport 1,Łukasz,KB,0.0039,Polsat Sport 1,Polsat Sport 1,Polsat Sport 1 [Polsat Sport],0.003798
2026_03,Polsat Viasat History,Łukasz,KB,0.0016,Polsat Viasat History,Polsat Viasat History,Polsat Viasat History [Viasat History],0.000907
2026_03,Polsat Viasat Explore,Łukasz,KB,0.0013,Polsat Viasat Explore,Polsat Viasat Explore,Polsat Viasat Explore [Polsat Viasat Explorer],0.000867
2026_03,Szóstka,Piotr,KB,0.0175,Szóstka,TV6,TV6,0.01909
2026_03,Super Polsat,Piotr,KB,0.0108,Super Polsat,Super Polsat,Super Polsat [Polsat Sport News],0.010909
2026_03,WPOLSCE24,Piotr,KB,0.0073,WPOLSCE24,wPolsce24,wPolsce24 [Telewizja WPOLSCE.PL],0.009624
2026_03,AXN,Piotr,KB,0.0032,AXN,AXN,AXN,0.002601
2026_03,BBC First,Piotr,KB,0.0017,BBC First,BBC First,BBC First [BBC HD],0.002588
2026_03,Polsat Play,Rafał,KB,0.0042,Polsat Play,Polsat Play,Polsat Play,0.002736
2026_03,Polo TV,Rafał,KB,0.0035,Polo TV,Polo TV,Polo TV,0.00254
2026_03,SPI Kino TV,Rafał,KB,0.003,SPI Kino TV,FILMBOX+ One,FILMBOX+ One [Kino TV],0.002812
2026_03,Eska TV,Rafał,KB,0.0028,Eska TV,Eska TV [8TV],Eska TV [8TV],0.003415
2026_03,AMC,Rafał,KB,0.002,AMC,AMC,AMC [MGM],0.001483
2026_03,Czwórka,Wiola,KB,0.0321,Czwórka,TV4 pl,TV4,0.032421
2026_03,TV Republika,Wiola,KB,0.0352,TV Republika,Republika,Republika [TV Republika],0.033482
2026_03,WP,Wiola,KB,0.0052,WP,WP,WP,0.004979
2026_03,Polsat Seriale,Wiola,KB,0.0038,Polsat Seriale,Polsat Seriale,Polsat Seriale [Polsat Romans],0.003912
2026_03,Polsat Cafe,Wiola,KB,0.0035,Polsat Cafe,Polsat Cafe,Polsat Cafe,0.002616
2026_03,NBCU 13 Ulica,Wiola,KB,0.0018,NBCU 13 Ulica,13 Ulica,13 Ulica [13th Street Universal],0.001865
2026_03,4FUN.TV,Wiola,KB,0.0018,4FUN.TV,4FUN.TV,4FUN.TV [4fun.tv],0.001762
2026_03,Stars.tv,Wiola,KB,0.0018,Stars.tv,Stars.tv,Stars.tv,0.002098
2026_03,BBC Earth,Piotr,KB,0.0014,BBC Earth,BBC Earth,BBC Earth [BBC Knowledge],0.00157
2026_03,AXN White,Piotr,KB,0.0008,AXN White,AXN White,AXN White [AXN Crime],0.000597
2026_03,History2,Agata,KB,0.002,History2,History2 [H2],HISTORY2 [H2],0.002234
2026_03,Polsat Doku,Dariusz,KB,0.0015,Polsat Doku,Polsat Doku,Polsat Doku,0.000745
2026_03,Polsat Sport 2,Adam,KB,0.0008,Polsat Sport 2,Polsat Sport 2,Polsat Sport 2 [Polsat Sport Extra],0.000876
2026_03,Polsat JimJam,Dariusz,KB,0.0012,Polsat JimJam,Polsat JimJam,Polsat JimJam [JimJam],0.000842
2026_03,Epic Drama,Łukasz,KB,0.0011,Epic Drama,Viasat Epic Drama,Viasat Epic Drama [Epic Drama],0.000666
2026_03,NBCU SciFi Universal,Łukasz,KB,0.0012,NBCU SciFi Universal,Scifi Universal,Scifi Universal,0.001061
2026_03,4FUN KIDS,Wiola,KB,0.0005,4FUN KIDS,4FUN KIDS,4FUN KIDS [4FUN GOLD],0.000247
2026_03,Polsat News 2,Dariusz,KB,0.0006,Polsat News 2,Polsat News 2,Polsat News 2 [Polsat Biznes],0.000828
2026_03,BBC CBeebies,Dariusz,KB,0.0014,BBC CBeebies,BBC CBeebies,BBC CBeebies,0.00134
2026_03,AXN Black,Piotr,KB,0.0017,AXN Black,AXN Black,AXN Black [AXN Sci-Fi],0.001824
2026_03,Polsat Rodzina,Piotr,KB,0.0008,Polsat Rodzina,Polsat Rodzina,Polsat Rodzina,0.001031
2026_03,SPI Kino Polska Muzyka,Agata,KB,0.0005,SPI Kino Polska Muzyka,Kino Polska Muzyka,Kino Polska Muzyka,0.000354
2026_03,Polsat Viasat Nature,Łukasz,KB,0.0005,Polsat Viasat Nature,Polsat Viasat Nature,Polsat Viasat Nature [Viasat Nature],0.000386
2026_03,TELE5,Adam,KB,0.0011,TELE5,Tele5,Tele5,0.000822
2026_03,BBC Brit,Piotr,KB,0.0007,BBC Brit,BBC Brit,BBC Brit [BBC Entertainment],0.000692
2026_03,Eska TV Extra,Adam,KB,0.0005,Eska TV Extra,Eska Extra [Eska TV],Eska TV Extra [Eska TV],0.000353
2026_03,BBC Lifestyle,Piotr,KB,0.0008,BBC Lifestyle,BBC Lifestyle,BBC Lifestyle,0.000455
2026_03,4FUN DANCE,Wiola,KB,0.0003,4FUN DANCE,4FUN DANCE,4FUN DANCE [4FUN FIT&DANCE],0.000433
2026_03,Polsat Music,Piotr,KB,0.0005,Polsat Music,Polsat Music HD,Polsat Music HD [Muzo.tv],0.000266
2026_03,Polsat Games,Łukasz,KB,0.0005,Polsat Games,Polsat Games,Polsat Games,0.000304
2026_03,Polsat Sport 3,Rafał,KB,0.0006,Polsat Sport 3,Polsat Sport 3,Polsat Sport 3 [Polsat Sport News HD],0.000443
2026_03,Extreme Sports,Łukasz,KB,0.0001,Extreme Sports,Extreme Sports,Extreme Sports,3.3e-05
2026_03,Vox Music TV,Adam,KB,0.0002,Vox Music TV,Vox Music TV,Vox Music TV,0.000255
2026_03,AXN Spin,Piotr,KB,0.0001,AXN Spin,AXN Spin,AXN Spin,0.000207
2026_03,Eska Rock TV,Adam,KB,0.0003,Eska Rock TV,Eska Rock TV,Eska Rock TV [HIP HOP TV],0.000352
2026_03,Eleven Sports 2,Łukasz,KB,0.0006,Eleven Sports 2,Eleven Sports 2,Eleven Sports 2 [Eleven Sports],0.000423
2026_03,NBCU E Entertainment,Wiola,KB,0.0001,NBCU E Entertainment,E!Entertainment,E!Entertainment [E!],7.8e-05
2026_03,POLONIA1,Adam,KB,0.0001,POLONIA1,Polonia 1,Polonia1,0.000245
2026_03,Sundance TV,Agata,KB,0.0001,Sundance TV,Sundance Channel,Sundance Channel,0.000153
2026_03,Novela TV,Dariusz,KB,0.0001,Novela TV,Novela TV,Novela TV,0.000117
2026_03,SPI Gametoon,Agata,KB,0.0001,SPI Gametoon,Gametoon,Gametoon,2.5e-05
2026_03,Golf Zone,Agata,KB,0.0001,Golf Zone,Golf Zone,Golf Zone [Golf Channel Polska],4.8e-05
2026_03,Water Planet,Adam,KB,0.0001,Water Planet,Water Planet,Water Planet [CSB TV],8.5e-05
2026_03,Polsat Film 2,Łukasz,KB,0.0004,Polsat Film 2,Polsat Film 2,Polsat Film 2,0.000489
2026_03,Polsat Reality,Rafał,KB,0.0003,Polsat Reality,Polsat Reality,Polsat Reality,0.000606
2026_03,Polsat X,Rafał,KB,0.0003,Polsat X,Polsat X,Polsat X,0.000371
2026_03,DaVinci,Dariusz,KB,0.0001,DaVinci,Da Vinci,Da Vinci [Da Vinci Learning],4.3e-05
2026_03,TVT,Adam,KB,0.0001,TVT,TVT,TVT,3.7e-05
2026_03,FILMBOX Premium,Łukasz,KB,0.0003,FILMBOX Premium,FILMBOX+ Hits,FILMBOX+ Hits [FILMBOX Premium],0.000166
2026_03,Ale Kino+,Agata,KB,0.0013,Ale Kino+,Ale Kino+,Ale Kino+ [Ale Kino],0.001408
2026_03,Canal+ Domo,Wiola,KB,0.0012,Canal+ Domo,CANAL+ DOMO,CANAL+ DOMO [Domo+],0.001092
2026_03,Planete+,Dariusz,KB,0.0013,Planete+,Planete+,Planete+ [Planete],0.001383
2026_03,MiniMini+,Dariusz,KB,0.002,MiniMini+,MiniMini+,MiniMini+ [MiniMini],0.001211
2026_03,teleTOON+,Dariusz,KB,0.0005,teleTOON+,teleTOON+,teleTOON+ [ZigZap/Hyper],0.00036
2026_03,Novelas+,Agata,KB,0.002,Novelas+,Novelas,Novelas,0.002136
2026_03,CANAL+ KUCHNIA,Wiola,KB,0.0011,CANAL+ KUCHNIA,CANAL+ KUCHNIA,CANAL+ KUCHNIA [kuchnia+],0.000921
2026_03,Canal+ 360,Rafał,KB,0.001,Canal+ 360,CANAL+ 360,Canal+ 360 [Canal+ Family],0.000968
2026_03,Canal+ Sport,Łukasz,KB,0.0008,Canal+ Sport,Canal+ Sport,CANAL+ SPORT [Canal+ Niebieski],0.000681
2026_03,Canal+ Sport2,Adam,KB,0.0009,Canal+ Sport2,Canal+ Sport2,CANAL+ SPORT2,0.000915
2026_03,Canal+ Sport3,Adam,KB,0.002,Canal+ Sport3,CANAL+ SPORT3,CANAL+ SPORT3,0.002638
2026_03,Canal+ Sport4,Rafał,KB,0.0001,Canal+ Sport4,CANAL+ SPORT4,CANAL+ SPORT4,6.9e-05
2026_03,Canal+ Sport5,Rafał,KB,0.0005,Canal+ Sport5,Canal+ SPORT5,CANAL+ SPORT5 [nSport+],0.000644
2026_03,CANAL+ Extra1,Łukasz,KB,0.0008,CANAL+ Extra1,CANAL+ Extra 1,CANAL+ EXTRA 1,0.000914
2026_03,CANAL+ Extra2,Łukasz,KB,0.0001,CANAL+ Extra2,CANAL+ Extra 2,CANAL+ EXTRA 2,
2026_03,Viasat True Crime,Rafał,KB,0.0003,Viasat True Crime,Viasat True Crime,Viasat True Crime,0.00028
2026_03,Novelas+1,Agata,KB,0.0001,Novelas+1,Novelas+1,Novelas+1 [DIZI],0.000133
2026_03,Kabaret TV,Rafał,KB,0.002,Kabaret TV,Kabaret TV,Kabaret TV,0.001431
2026_03,Polsat News Polityka,Dariusz,KB,0.0004,Polsat News Polityka,Polsat News Polityka,Polsat News Polityka,0.000626
2026_03,CANAL+ Seriale,Wiola,KB,0.0002,CANAL+ Seriale,Canal+ Seriale,Canal+ Seriale [Canal+ Film 2],0.000141
2026_03,CANAL+ Dokument,Wiola,KB,0.0002,CANAL+ Dokument,Canal+ Dokument,Canal+ Dokument [Canal+ Discovery],0.000398
2026_03,DocuBox,Dariusz,KB,0.0001,DocuBox,DocuBox,DocuBox,5.9e-05
2026_03,FILMBOX Action,Rafał,KB,0.0001,FILMBOX Action,FILMBOX+ Action,FILMBOX+ Action [FILMBOX Action],0.000278
2026_03,FILMBOX Extra,Rafał,KB,0.0001,FILMBOX Extra,FILMBOX+ Emotion,FILMBOX+ Emotion [FILMBOX Extra],0.000101
2026_03,FILMBOX Family,Rafał,KB,0.0001,FILMBOX Family,FILMBOX+ Comedy,FILMBOX+ Comedy [FILMBOX Family],0.000234
2026_03,TVN,,KB,0.075,TVN,TVN,TVN,0.087623
2026_03,TVP1,,KB,0.0452,TVP1,TVP1,TVP1,0.045358
2026_03,TVP2,,KB,0.0485,TVP2,TVP2,TVP2,0.049482
2026_03,Polsat,Maciej,BD,0.07770286017521,Polsat,Polsat,Polsat,0.07951
2026_03,Fokus TV,Adam,BD,0.008854554121246892,Fokus TV,Fokus TV,Fokus TV,0.008125
2026_03,Nowa TV,Adam,BD,0.00429162878154772,Nowa TV,Nowa TV,Nowa TV,0.003489
2026_03,Eleven Sports 1,Adam,BD,0.00268581434986821,Eleven Sports 1,Eleven Sports 1,Eleven Sports 1 [Eleven],0.002698
2026_03,Disco Polo Music,Adam,BD,0.0006607471835361773,Disco Polo Music,Disco Polo Music,Disco Polo Music,0.000566
2026_03,Puls 2,Agata,BD,0.018567092835679262,Puls 2,Puls 2,Puls 2,0.015778
2026_03,Zoom TV,Agata,BD,0.00401224120575849,Zoom TV,ZOOM,ZOOM [Zoom TV],0.00431
2026_03,SPI Kino Polska,Agata,BD,0.0027915237258148845,SPI Kino Polska,Kino Polska,Kino Polska,0.002272
2026_03,History,Agata,BD,0.0031149,History,History,HISTORY,0.003112
2026_03,CI Polsat,Agata,BD,0.00133013598017464,CI Polsat,CI Polsat,CI Polsat [Polsat Crime & Investigation Network],0.001176
2026_03,Polsat News,Dariusz,BD,0.0118618095022801,Polsat News,Polsat News,Polsat News,0.011432
2026_03,Stopklatka,Dariusz,BD,0.0114409902493359,Stopklatka,Stopklatka,Stopklatka,0.010947
2026_03,Wydarzenia24,Dariusz,BD,0.0115452796376591,Wydarzenia24,Wydarzenia24,Wydarzenia 24 [Superstacja],0.010766
2026_03,Puls,Łukasz,BD,0.0400718968679304,Puls,TV PULS,TV PULS [PULS],0.038554
2026_03,Polsat 2,Łukasz,BD,0.00802936359922159,Polsat 2,Polsat2,Polsat2,0.006726
2026_03,Polsat Film,Łukasz,BD,0.004956035720529632,Polsat Film,Polsat Film,Polsat Film,0.005126
2026_03,Polsat Sport 1,Łukasz,BD,0.004388859695218077,Polsat Sport 1,Polsat Sport 1,Polsat Sport 1 [Polsat Sport],0.003798
2026_03,Polsat Viasat History,Łukasz,BD,0.001317677738800868,Polsat Viasat History,Polsat Viasat History,Polsat Viasat History [Viasat History],0.000907
2026_03,Polsat Viasat Explore,Łukasz,BD,0.001079513247073321,Polsat Viasat Explore,Polsat Viasat Explore,Polsat Viasat Explore [Polsat Viasat Explorer],0.000867
2026_03,Szóstka,Piotr,BD,0.017641239561984,Szóstka,TV6,TV6,0.01909
2026_03,Super Polsat,Piotr,BD,0.010503679710639717,Super Polsat,Super Polsat,Super Polsat [Polsat Sport News],0.010909
2026_03,WPOLSCE24,Piotr,BD,0.00850233812005551,WPOLSCE24,wPolsce24,wPolsce24 [Telewizja WPOLSCE.PL],0.009624
2026_03,AXN,Piotr,BD,0.00340022067268253,AXN,AXN,AXN,0.002601
2026_03,BBC First,Piotr,BD,0.001953589057697108,BBC First,BBC First,BBC First [BBC HD],0.002588
2026_03,Polsat Play,Rafał,BD,0.00373283917828229,Polsat Play,Polsat Play,Polsat Play,0.002736
2026_03,Polo TV,Rafał,BD,0.00325404503976324,Polo TV,Polo TV,Polo TV,0.00254
2026_03,SPI Kino TV,Rafał,BD,0.002930157665213016,SPI Kino TV,FILMBOX+ One,FILMBOX+ One [Kino TV],0.002812
2026_03,Eska TV,Rafał,BD,0.0025171841276796945,Eska TV,Eska TV [8TV],Eska TV [8TV],0.003415
2026_03,AMC,Rafał,BD,0.00210746752767527,AMC,AMC,AMC [MGM],0.001483
2026_03,Czwórka,Wiola,BD,0.0316709200239545,Czwórka,TV4 pl,TV4,0.032421
2026_03,TV Republika,Wiola,BD,0.0350573853412069,TV Republika,Republika,Republika [TV Republika],0.033482
2026_03,WP,Wiola,BD,0.0053244575052647,WP,WP,WP,0.004979
2026_03,Polsat Seriale,Wiola,BD,0.003934322302981921,Polsat Seriale,Polsat Seriale,Polsat Seriale [Polsat Romans],0.003912
2026_03,Polsat Cafe,Wiola,BD,0.0030768803157491327,Polsat Cafe,Polsat Cafe,Polsat Cafe,0.002616
2026_03,NBCU 13 Ulica,Wiola,BD,0.00155036797106397,NBCU 13 Ulica,13 Ulica,13 Ulica [13th Street Universal],0.001865
2026_03,4FUN.TV,Wiola,BD,0.001439598308934394,4FUN.TV,4FUN.TV,4FUN.TV [4fun.tv],0.001762
2026_03,Stars.tv,Wiola,BD,0.0019180161943319841,Stars.tv,Stars.tv,Stars.tv,0.002098
2026_03,BBC Earth,Piotr,BD,0.0016428918104091285,BBC Earth,BBC Earth,BBC Earth [BBC Knowledge],0.00157
2026_03,AXN White,Piotr,BD,0.0005118543307086615,AXN White,AXN White,AXN White [AXN Crime],0.000597
2026_03,History2,Agata,BD,0.0018327839724037764,History2,History2 [H2],HISTORY2 [H2],0.002234
2026_03,Polsat Doku,Dariusz,BD,0.0013851480605746,Polsat Doku,Polsat Doku,Polsat Doku,0.000745
2026_03,Polsat Sport 2,Adam,BD,0.0012070499999999999,Polsat Sport 2,Polsat Sport 2,Polsat Sport 2 [Polsat Sport Extra],0.000876
2026_03,Polsat JimJam,Dariusz,BD,0.00130035096417864,Polsat JimJam,Polsat JimJam,Polsat JimJam [JimJam],0.000842
2026_03,Epic Drama,Łukasz,BD,0.0009031939398651234,Epic Drama,Viasat Epic Drama,Viasat Epic Drama [Epic Drama],0.000666
2026_03,NBCU SciFi Universal,Łukasz,BD,0.00119823,NBCU SciFi Universal,Scifi Universal,Scifi Universal,0.001061
2026_03,4FUN KIDS,Wiola,BD,0.0002091787549971445,4FUN KIDS,4FUN KIDS,4FUN KIDS [4FUN GOLD],0.000247
2026_03,Polsat News 2,Dariusz,BD,0.0007445767460628589,Polsat News 2,Polsat News 2,Polsat News 2 [Polsat Biznes],0.000828
2026_03,BBC CBeebies,Dariusz,BD,0.00180005,BBC CBeebies,BBC CBeebies,BBC CBeebies,0.00134
2026_03,AXN Black,Piotr,BD,0.0019134999999999998,AXN Black,AXN Black,AXN Black [AXN Sci-Fi],0.001824
2026_03,Polsat Rodzina,Piotr,BD,0.0008288827896442193,Polsat Rodzina,Polsat Rodzina,Polsat Rodzina,0.001031
2026_03,SPI Kino Polska Muzyka,Agata,BD,0.00029913376191107415,SPI Kino Polska Muzyka,Kino Polska Muzyka,Kino Polska Muzyka,0.000354
2026_03,Polsat Viasat Nature,Łukasz,BD,0.00043793815660856576,Polsat Viasat Nature,Polsat Viasat Nature,Polsat Viasat Nature [Viasat Nature],0.000386
2026_03,TELE5,Adam,BD,0.000848929961089494,TELE5,Tele5,Tele5,0.000822
2026_03,BBC Brit,Piotr,BD,0.000612421331213339,BBC Brit,BBC Brit,BBC Brit [BBC Entertainment],0.000692
2026_03,Eska TV Extra,Adam,BD,0.0005493933781848827,Eska TV Extra,Eska Extra [Eska TV],Eska TV Extra [Eska TV],0.000353
2026_03,BBC Lifestyle,Piotr,BD,0.00068942222731778,BBC Lifestyle,BBC Lifestyle,BBC Lifestyle,0.000455
2026_03,4FUN DANCE,Wiola,BD,0.00037869814078755724,4FUN DANCE,4FUN DANCE,4FUN DANCE [4FUN FIT&DANCE],0.000433
2026_03,Polsat Music,Piotr,BD,0.0003085406073613774,Polsat Music,Polsat Music HD,Polsat Music HD [Muzo.tv],0.000266
2026_03,Polsat Games,Łukasz,BD,0.00035372154068639164,Polsat Games,Polsat Games,Polsat Games,0.000304
2026_03,Polsat Sport 3,Rafał,BD,0.0005238422955569946,Polsat Sport 3,Polsat Sport 3,Polsat Sport 3 [Polsat Sport News HD],0.000443
2026_03,Extreme Sports,Łukasz,BD,4.840666666666668e-05,Extreme Sports,Extreme Sports,Extreme Sports,3.3e-05
2026_03,Vox Music TV,Adam,BD,0.0003157200034042502,Vox Music TV,Vox Music TV,Vox Music TV,0.000255
2026_03,AXN Spin,Piotr,BD,0.00012714933307682189,AXN Spin,AXN Spin,AXN Spin,0.000207
2026_03,Eska Rock TV,Adam,BD,0.0003401711229946524,Eska Rock TV,Eska Rock TV,Eska Rock TV [HIP HOP TV],0.000352
2026_03,Eleven Sports 2,Łukasz,BD,0.000571838961038961,Eleven Sports 2,Eleven Sports 2,Eleven Sports 2 [Eleven Sports],0.000423
2026_03,NBCU E Entertainment,Wiola,BD,0.00010389640529729912,NBCU E Entertainment,E!Entertainment,E!Entertainment [E!],7.8e-05
2026_03,POLONIA1,Adam,BD,0.00017832843851725935,POLONIA1,Polonia 1,Polonia1,0.000245
2026_03,Sundance TV,Agata,BD,0.00012562014717542447,Sundance TV,Sundance Channel,Sundance Channel,0.000153
2026_03,Novela TV,Dariusz,BD,3.741620111731843e-05,Novela TV,Novela TV,Novela TV,0.000117
2026_03,SPI Gametoon,Agata,BD,6.22e-05,SPI Gametoon,Gametoon,Gametoon,2.5e-05
2026_03,Golf Zone,Agata,BD,6.0637500000000003e-05,Golf Zone,Golf Zone,Golf Zone [Golf Channel Polska],4.8e-05
2026_03,Water Planet,Adam,BD,5.250003800009282e-05,Water Planet,Water Planet,Water Planet [CSB TV],8.5e-05
2026_03,Polsat Film 2,Łukasz,BD,0.0005195,Polsat Film 2,Polsat Film 2,Polsat Film 2,0.000489
2026_03,Polsat Reality,Rafał,BD,0.0005833218,Polsat Reality,Polsat Reality,Polsat Reality,0.000606
2026_03,Polsat X,Rafał,BD,0.0003125,Polsat X,Polsat X,Polsat X,0.000371
2026_03,DaVinci,Dariusz,BD,0.00013003187154898838,DaVinci,Da Vinci,Da Vinci [Da Vinci Learning],4.3e-05
2026_03,TVT,Adam,BD,5.67809123e-05,TVT,TVT,TVT,3.7e-05
2026_03,FILMBOX Premium,Łukasz,BD,0.00026931248955581924,FILMBOX Premium,FILMBOX+ Hits,FILMBOX+ Hits [FILMBOX Premium],0.000166
2026_03,Ale Kino+,Agata,BD,0.001956454134743815,Ale Kino+,Ale Kino+,Ale Kino+ [Ale Kino],0.001408
2026_03,Canal+ Domo,Wiola,BD,0.001318290169,Canal+ Domo,CANAL+ DOMO,CANAL+ DOMO [Domo+],0.001092
2026_03,Planete+,Dariusz,BD,0.00153315,Planete+,Planete+,Planete+ [Planete],0.001383
2026_03,MiniMini+,Dariusz,BD,0.0016820955388416434,MiniMini+,MiniMini+,MiniMini+ [MiniMini],0.001211
2026_03,teleTOON+,Dariusz,BD,0.00032672947105946617,teleTOON+,teleTOON+,teleTOON+ [ZigZap/Hyper],0.00036
2026_03,Novelas+,Agata,BD,0.0018985469555182,Novelas+,Novelas,Novelas,0.002136
2026_03,CANAL+ KUCHNIA,Wiola,BD,0.0011074666128723458,CANAL+ KUCHNIA,CANAL+ KUCHNIA,CANAL+ KUCHNIA [kuchnia+],0.000921
2026_03,Canal+ 360,Rafał,BD,0.0010211034571840302,Canal+ 360,CANAL+ 360,Canal+ 360 [Canal+ Family],0.000968
2026_03,Canal+ Sport,Łukasz,BD,0.0011483544560396224,Canal+ Sport,Canal+ Sport,CANAL+ SPORT [Canal+ Niebieski],0.000681
2026_03,Canal+ Sport2,Adam,BD,0.0004634130866936713,Canal+ Sport2,Canal+ Sport2,CANAL+ SPORT2,0.000915
2026_03,Canal+ Sport3,Adam,BD,0.00223272012257406,Canal+ Sport3,CANAL+ SPORT3,CANAL+ SPORT3,0.002638
2026_03,Canal+ Sport4,Rafał,BD,0.00010781333849329205,Canal+ Sport4,CANAL+ SPORT4,CANAL+ SPORT4,6.9e-05
2026_03,Canal+ Sport5,Rafał,BD,0.0003422527225954616,Canal+ Sport5,Canal+ SPORT5,CANAL+ SPORT5 [nSport+],0.000644
2026_03,CANAL+ Extra1,Łukasz,BD,0.001061536378943637,CANAL+ Extra1,CANAL+ Extra 1,CANAL+ EXTRA 1,0.000914
2026_03,CANAL+ Extra2,Łukasz,BD,0.000187615786538,CANAL+ Extra2,CANAL+ Extra 2,CANAL+ EXTRA 2,
2026_03,Viasat True Crime,Rafał,BD,0.0002540057636887608,Viasat True Crime,Viasat True Crime,Viasat True Crime,0.00028
2026_03,Novelas+1,Agata,BD,0.000147,Novelas+1,Novelas+1,Novelas+1 [DIZI],0.000133
2026_03,Kabaret TV,Rafał,BD,0.0016450102224894768,Kabaret TV,Kabaret TV,Kabaret TV,0.001431
2026_03,Polsat News Polityka,Dariusz,BD,0.0005172504402756277,Polsat News Polityka,Polsat News Polityka,Polsat News Polityka,0.000626
2026_03,CANAL+ Seriale,Wiola,BD,0.0002256492,CANAL+ Seriale,Canal+ Seriale,Canal+ Seriale [Canal+ Film 2],0.000141
2026_03,CANAL+ Dokument,Wiola,BD,0.000321124,CANAL+ Dokument,Canal+ Dokument,Canal+ Dokument [Canal+ Discovery],0.000398
2026_03,DocuBox,Dariusz,BD,7.6e-05,DocuBox,DocuBox,DocuBox,5.9e-05
2026_03,FILMBOX Action,Rafał,BD,8.325e-05,FILMBOX Action,FILMBOX+ Action,FILMBOX+ Action [FILMBOX Action],0.000278
2026_03,FILMBOX Extra,Rafał,BD,0.00016745,FILMBOX Extra,FILMBOX+ Emotion,FILMBOX+ Emotion [FILMBOX Extra],0.000101
2026_03,FILMBOX Family,Rafał,BD,0.00015425,FILMBOX Family,FILMBOX+ Comedy,FILMBOX+ Comedy [FILMBOX Family],0.000234
2026_03,TVN,,BD,0.07512217007,TVN,TVN,TVN,0.087623
2026_03,TVP1,,BD,0.04634949,TVP1,TVP1,TVP1,0.045358
2026_03,TVP2,,BD,0.0490121419917,TVP2,TVP2,TVP2,0.049482
2026_03,Polsat,Maciej,AK,0.076374533715925,Polsat,Polsat,Polsat,0.07951
2026_03,Fokus TV,Adam,AK,0.00880278789007688,Fokus TV,Fokus TV,Fokus TV,0.008125
2026_03,Nowa TV,Adam,AK,0.00336027530057676,Nowa TV,Nowa TV,Nowa TV,0.003489
2026_03,Eleven Sports 1,Adam,AK,0.00274994470632744,Eleven Sports 1,Eleven Sports 1,Eleven Sports 1 [Eleven],0.002698
2026_03,Disco Polo Music,Adam,AK,0.000872675126914491,Disco Polo Music,Disco Polo Music,Disco Polo Music,0.000566
2026_03,Puls 2,Agata,AK,0.0199178506719519,Puls 2,Puls 2,Puls 2,0.015778
2026_03,Zoom TV,Agata,AK,0.003304895430822045,Zoom TV,ZOOM,ZOOM [Zoom TV],0.00431
2026_03,SPI Kino Polska,Agata,AK,0.0025323455094727336,SPI Kino Polska,Kino Polska,Kino Polska,0.002272
2026_03,History,Agata,AK,0.0031080441914964844,History,History,HISTORY,0.003112
2026_03,CI Polsat,Agata,AK,0.0009730359281437131,CI Polsat,CI Polsat,CI Polsat [Polsat Crime & Investigation Network],0.001176
2026_03,Polsat News,Dariusz,AK,0.0110115662884033,Polsat News,Polsat News,Polsat News,0.011432
2026_03,Stopklatka,Dariusz,AK,0.0103072147219799,Stopklatka,Stopklatka,Stopklatka,0.010947
2026_03,Wydarzenia24,Dariusz,AK,0.0112509928424117,Wydarzenia24,Wydarzenia24,Wydarzenia 24 [Superstacja],0.010766
2026_03,Puls,Łukasz,AK,0.04250818706165886,Puls,TV PULS,TV PULS [PULS],0.038554
2026_03,Polsat 2,Łukasz,AK,0.00776196783349101,Polsat 2,Polsat2,Polsat2,0.006726
2026_03,Polsat Film,Łukasz,AK,0.005218555792034,Polsat Film,Polsat Film,Polsat Film,0.005126
2026_03,Polsat Sport 1,Łukasz,AK,0.0043888596952180794,Polsat Sport 1,Polsat Sport 1,Polsat Sport 1 [Polsat Sport],0.003798
2026_03,Polsat Viasat History,Łukasz,AK,0.001044846932849068,Polsat Viasat History,Polsat Viasat History,Polsat Viasat History [Viasat History],0.000907
2026_03,Polsat Viasat Explore,Łukasz,AK,0.0009557549120992761,Polsat Viasat Explore,Polsat Viasat Explore,Polsat Viasat Explore [Polsat Viasat Explorer],0.000867
2026_03,Szóstka,Piotr,AK,0.017184675138149,Szóstka,TV6,TV6,0.01909
2026_03,Super Polsat,Piotr,AK,0.010248621365723,Super Polsat,Super Polsat,Super Polsat [Polsat Sport News],0.010909
2026_03,WPOLSCE24,Piotr,AK,0.006755596815613765,WPOLSCE24,wPolsce24,wPolsce24 [Telewizja WPOLSCE.PL],0.009624
2026_03,AXN,Piotr,AK,0.0033672718773373215,AXN,AXN,AXN,0.002601
2026_03,BBC First,Piotr,AK,0.0019114474226804123,BBC First,BBC First,BBC First [BBC HD],0.002588
2026_03,Polsat Play,Rafał,AK,0.0031028903980007405,Polsat Play,Polsat Play,Polsat Play,0.002736
2026_03,Polo TV,Rafał,AK,0.0033401207115629,Polo TV,Polo TV,Polo TV,0.00254
2026_03,SPI Kino TV,Rafał,AK,0.0028094047456868696,SPI Kino TV,FILMBOX+ One,FILMBOX+ One [Kino TV],0.002812
2026_03,Eska TV,Rafał,AK,0.00264768818650858,Eska TV,Eska TV [8TV],Eska TV [8TV],0.003415
2026_03,AMC,Rafał,AK,0.0015465376833586242,AMC,AMC,AMC [MGM],0.001483
2026_03,Czwórka,Wiola,AK,0.032203073448343604,Czwórka,TV4 pl,TV4,0.032421
2026_03,TV Republika,Wiola,AK,0.0348253157462696,TV Republika,Republika,Republika [TV Republika],0.033482
2026_03,WP,Wiola,AK,0.005246047100176762,WP,WP,WP,0.004979
2026_03,Polsat Seriale,Wiola,AK,0.0038821558542877,Polsat Seriale,Polsat Seriale,Polsat Seriale [Polsat Romans],0.003912
2026_03,Polsat Cafe,Wiola,AK,0.003040026394422311,Polsat Cafe,Polsat Cafe,Polsat Cafe,0.002616
2026_03,NBCU 13 Ulica,Wiola,AK,0.00215113612735543,NBCU 13 Ulica,13 Ulica,13 Ulica [13th Street Universal],0.001865
2026_03,4FUN.TV,Wiola,AK,0.0014505410465674507,4FUN.TV,4FUN.TV,4FUN.TV [4fun.tv],0.001762
2026_03,Stars.tv,Wiola,AK,0.002249983324068927,Stars.tv,Stars.tv,Stars.tv,0.002098
2026_03,BBC Earth,Piotr,AK,0.0015720594013028941,BBC Earth,BBC Earth,BBC Earth [BBC Knowledge],0.00157
2026_03,AXN White,Piotr,AK,0.00034318296892980405,AXN White,AXN White,AXN White [AXN Crime],0.000597
2026_03,History2,Agata,AK,0.0017991434316353891,History2,History2 [H2],HISTORY2 [H2],0.002234
2026_03,Polsat Doku,Dariusz,AK,0.0010657894736842105,Polsat Doku,Polsat Doku,Polsat Doku,0.000745
2026_03,Polsat Sport 2,Adam,AK,0.00106512770137524,Polsat Sport 2,Polsat Sport 2,Polsat Sport 2 [Polsat Sport Extra],0.000876
2026_03,Polsat JimJam,Dariusz,AK,0.00121313752379403,Polsat JimJam,Polsat JimJam,Polsat JimJam [JimJam],0.000842
2026_03,Epic Drama,Łukasz,AK,0.0008586609657947687,Epic Drama,Viasat Epic Drama,Viasat Epic Drama [Epic Drama],0.000666
2026_03,NBCU SciFi Universal,Łukasz,AK,0.0014068206229860367,NBCU SciFi Universal,Scifi Universal,Scifi Universal,0.001061
2026_03,4FUN KIDS,Wiola,AK,0.0003105456558334218,4FUN KIDS,4FUN KIDS,4FUN KIDS [4FUN GOLD],0.000247
2026_03,Polsat News 2,Dariusz,AK,0.0006705173423981836,Polsat News 2,Polsat News 2,Polsat News 2 [Polsat Biznes],0.000828
2026_03,BBC CBeebies,Dariusz,AK,0.001633044117647059,BBC CBeebies,BBC CBeebies,BBC CBeebies,0.00134
2026_03,AXN Black,Piotr,AK,0.002088948925082929,AXN Black,AXN Black,AXN Black [AXN Sci-Fi],0.001824
2026_03,Polsat Rodzina,Piotr,AK,0.0009163679551835292,Polsat Rodzina,Polsat Rodzina,Polsat Rodzina,0.001031
2026_03,SPI Kino Polska Muzyka,Agata,AK,0.00033790396447223,SPI Kino Polska Muzyka,Kino Polska Muzyka,Kino Polska Muzyka,0.000354
2026_03,Polsat Viasat Nature,Łukasz,AK,0.000548072165468404,Polsat Viasat Nature,Polsat Viasat Nature,Polsat Viasat Nature [Viasat Nature],0.000386
2026_03,TELE5,Adam,AK,0.001037987951807229,TELE5,Tele5,Tele5,0.000822
2026_03,BBC Brit,Piotr,AK,0.000665438497208607,BBC Brit,BBC Brit,BBC Brit [BBC Entertainment],0.000692
2026_03,Eska TV Extra,Adam,AK,0.00045477486910994766,Eska TV Extra,Eska Extra [Eska TV],Eska TV Extra [Eska TV],0.000353
2026_03,BBC Lifestyle,Piotr,AK,0.000587336585365854,BBC Lifestyle,BBC Lifestyle,BBC Lifestyle,0.000455
2026_03,4FUN DANCE,Wiola,AK,0.00049785838942907,4FUN DANCE,4FUN DANCE,4FUN DANCE [4FUN FIT&DANCE],0.000433
2026_03,Polsat Music,Piotr,AK,0.00029984210526315787,Polsat Music,Polsat Music HD,Polsat Music HD [Muzo.tv],0.000266
2026_03,Polsat Games,Łukasz,AK,0.00039437076082557675,Polsat Games,Polsat Games,Polsat Games,0.000304
2026_03,Polsat Sport 3,Rafał,AK,0.000509807142857143,Polsat Sport 3,Polsat Sport 3,Polsat Sport 3 [Polsat Sport News HD],0.000443
2026_03,Extreme Sports,Łukasz,AK,1.872340425531915e-05,Extreme Sports,Extreme Sports,Extreme Sports,3.3e-05
2026_03,Vox Music TV,Adam,AK,0.0002938994413407821,Vox Music TV,Vox Music TV,Vox Music TV,0.000255
2026_03,AXN Spin,Piotr,AK,0.00012798165137614678,AXN Spin,AXN Spin,AXN Spin,0.000207
2026_03,Eska Rock TV,Adam,AK,0.00054774869109948,Eska Rock TV,Eska Rock TV,Eska Rock TV [HIP HOP TV],0.000352
2026_03,Eleven Sports 2,Łukasz,AK,0.00107377440347072,Eleven Sports 2,Eleven Sports 2,Eleven Sports 2 [Eleven Sports],0.000423
2026_03,NBCU E Entertainment,Wiola,AK,5.094929723358277e-05,NBCU E Entertainment,E!Entertainment,E!Entertainment [E!],7.8e-05
2026_03,POLONIA1,Adam,AK,0.0002218099547511312,POLONIA1,Polonia 1,Polonia1,0.000245
2026_03,Sundance TV,Agata,AK,0.00011495238095238096,Sundance TV,Sundance Channel,Sundance Channel,0.000153
2026_03,Novela TV,Dariusz,AK,6.324060874590638e-05,Novela TV,Novela TV,Novela TV,0.000117
2026_03,SPI Gametoon,Agata,AK,2.3854368932038835e-05,SPI Gametoon,Gametoon,Gametoon,2.5e-05
2026_03,Golf Zone,Agata,AK,3.243243243243243e-05,Golf Zone,Golf Zone,Golf Zone [Golf Channel Polska],4.8e-05
2026_03,Water Planet,Adam,AK,4.7185185185185176e-05,Water Planet,Water Planet,Water Planet [CSB TV],8.5e-05
2026_03,Polsat Film 2,Łukasz,AK,0.000558,Polsat Film 2,Polsat Film 2,Polsat Film 2,0.000489
2026_03,Polsat Reality,Rafał,AK,0.0005711000000000001,Polsat Reality,Polsat Reality,Polsat Reality,0.000606
2026_03,Polsat X,Rafał,AK,0.00031099999999999997,Polsat X,Polsat X,Polsat X,0.000371
2026_03,DaVinci,Dariusz,AK,0.00010082434640522876,DaVinci,Da Vinci,Da Vinci [Da Vinci Learning],4.3e-05
2026_03,TVT,Adam,AK,6.4e-05,TVT,TVT,TVT,3.7e-05
2026_03,FILMBOX Premium,Łukasz,AK,0.00018953546542412403,FILMBOX Premium,FILMBOX+ Hits,FILMBOX+ Hits [FILMBOX Premium],0.000166
2026_03,Ale Kino+,Agata,AK,0.0014582429338547104,Ale Kino+,Ale Kino+,Ale Kino+ [Ale Kino],0.001408
2026_03,Canal+ Domo,Wiola,AK,0.00105716357206012,Canal+ Domo,CANAL+ DOMO,CANAL+ DOMO [Domo+],0.001092
2026_03,Planete+,Dariusz,AK,0.0017438564624037301,Planete+,Planete+,Planete+ [Planete],0.001383
2026_03,MiniMini+,Dariusz,AK,0.0020965663507109002,MiniMini+,MiniMini+,MiniMini+ [MiniMini],0.001211
2026_03,teleTOON+,Dariusz,AK,0.00028844412741304697,teleTOON+,teleTOON+,teleTOON+ [ZigZap/Hyper],0.00036
2026_03,Novelas+,Agata,AK,0.002498537735849056,Novelas+,Novelas,Novelas,0.002136
2026_03,CANAL+ KUCHNIA,Wiola,AK,0.0011305454545454546,CANAL+ KUCHNIA,CANAL+ KUCHNIA,CANAL+ KUCHNIA [kuchnia+],0.000921
2026_03,Canal+ 360,Rafał,AK,0.0011085097192224621,Canal+ 360,CANAL+ 360,Canal+ 360 [Canal+ Family],0.000968
2026_03,Canal+ Sport,Łukasz,AK,0.0011473494983277592,Canal+ Sport,Canal+ Sport,CANAL+ SPORT [Canal+ Niebieski],0.000681
2026_03,Canal+ Sport2,Adam,AK,0.00121447328244274,Canal+ Sport2,Canal+ Sport2,CANAL+ SPORT2,0.000915
2026_03,Canal+ Sport3,Adam,AK,0.0018500884955752,Canal+ Sport3,CANAL+ SPORT3,CANAL+ SPORT3,0.002638
2026_03,Canal+ Sport4,Rafał,AK,0.000142228070175438,Canal+ Sport4,CANAL+ SPORT4,CANAL+ SPORT4,6.9e-05
2026_03,Canal+ Sport5,Rafał,AK,0.00035457854030501083,Canal+ Sport5,Canal+ SPORT5,CANAL+ SPORT5 [nSport+],0.000644
2026_03,CANAL+ Extra1,Łukasz,AK,0.00085971428571429,CANAL+ Extra1,CANAL+ Extra 1,CANAL+ EXTRA 1,0.000914
2026_03,CANAL+ Extra2,Łukasz,AK,0.00038760000000000004,CANAL+ Extra2,CANAL+ Extra 2,CANAL+ EXTRA 2,
2026_03,Viasat True Crime,Rafał,AK,0.0002613,Viasat True Crime,Viasat True Crime,Viasat True Crime,0.00028
2026_03,Novelas+1,Agata,AK,6.032090816672315e-05,Novelas+1,Novelas+1,Novelas+1 [DIZI],0.000133
2026_03,Kabaret TV,Rafał,AK,0.0016450102224894766,Kabaret TV,Kabaret TV,Kabaret TV,0.001431
2026_03,Polsat News Polityka,Dariusz,AK,0.00041770292397660816,Polsat News Polityka,Polsat News Polityka,Polsat News Polityka,0.000626
2026_03,CANAL+ Seriale,Wiola,AK,0.00017219999999999998,CANAL+ Seriale,Canal+ Seriale,Canal+ Seriale [Canal+ Film 2],0.000141
2026_03,CANAL+ Dokument,Wiola,AK,0.0002991,CANAL+ Dokument,Canal+ Dokument,Canal+ Dokument [Canal+ Discovery],0.000398
2026_03,DocuBox,Dariusz,AK,8.099999999999999e-05,DocuBox,DocuBox,DocuBox,5.9e-05
2026_03,FILMBOX Action,Rafał,AK,0.00020150000000000002,FILMBOX Action,FILMBOX+ Action,FILMBOX+ Action [FILMBOX Action],0.000278
2026_03,FILMBOX Extra,Rafał,AK,0.00018769999999999998,FILMBOX Extra,FILMBOX+ Emotion,FILMBOX+ Emotion [FILMBOX Extra],0.000101
2026_03,FILMBOX Family,Rafał,AK,0.0001528,FILMBOX Family,FILMBOX+ Comedy,FILMBOX+ Comedy [FILMBOX Family],0.000234
2026_03,TVN,,AK,0.078791916541867,TVN,TVN,TVN,0.087623
2026_03,TVP1,,AK,0.046644505448504764,TVP1,TVP1,TVP1,0.045358
2026_03,TVP2,,AK,0.0528265898958333,TVP2,TVP2,TVP2,0.049482
2026_03,Polsat,Maciej,RD,0.0768,Polsat,Polsat,Polsat,0.07951
2026_03,Fokus TV,Adam,RD,0.00884,Fokus TV,Fokus TV,Fokus TV,0.008125
2026_03,Nowa TV,Adam,RD,0.0040999999999999995,Nowa TV,Nowa TV,Nowa TV,0.003489
2026_03,Eleven Sports 1,Adam,RD,0.0027,Eleven Sports 1,Eleven Sports 1,Eleven Sports 1 [Eleven],0.002698
2026_03,Disco Polo Music,Adam,RD,0.000776,Disco Polo Music,Disco Polo Music,Disco Polo Music,0.000566
2026_03,Puls 2,Agata,RD,0.01685,Puls 2,Puls 2,Puls 2,0.015778
2026_03,Zoom TV,Agata,RD,0.0040999999999999995,Zoom TV,ZOOM,ZOOM [Zoom TV],0.00431
2026_03,SPI Kino Polska,Agata,RD,0.00295,SPI Kino Polska,Kino Polska,Kino Polska,0.002272
2026_03,History,Agata,RD,0.002827,History,History,HISTORY,0.003112
2026_03,CI Polsat,Agata,RD,0.001225,CI Polsat,CI Polsat,CI Polsat [Polsat Crime & Investigation Network],0.001176
2026_03,Polsat News,Dariusz,RD,0.0108,Polsat News,Polsat News,Polsat News,0.011432
2026_03,Stopklatka,Dariusz,RD,0.010700000000000001,Stopklatka,Stopklatka,Stopklatka,0.010947
2026_03,Wydarzenia24,Dariusz,RD,0.0108,Wydarzenia24,Wydarzenia24,Wydarzenia 24 [Superstacja],0.010766
2026_03,Puls,Łukasz,RD,0.0417,Puls,TV PULS,TV PULS [PULS],0.038554
2026_03,Polsat 2,Łukasz,RD,0.00813,Polsat 2,Polsat2,Polsat2,0.006726
2026_03,Polsat Film,Łukasz,RD,0.0053300000000000005,Polsat Film,Polsat Film,Polsat Film,0.005126
2026_03,Polsat Sport 1,Łukasz,RD,0.00415,Polsat Sport 1,Polsat Sport 1,Polsat Sport 1 [Polsat Sport],0.003798
2026_03,Polsat Viasat History,Łukasz,RD,0.001465,Polsat Viasat History,Polsat Viasat History,Polsat Viasat History [Viasat History],0.000907
2026_03,Polsat Viasat Explore,Łukasz,RD,0.001138,Polsat Viasat Explore,Polsat Viasat Explore,Polsat Viasat Explore [Polsat Viasat Explorer],0.000867
2026_03,Szóstka,Piotr,RD,0.0182,Szóstka,TV6,TV6,0.01909
2026_03,Super Polsat,Piotr,RD,0.011200000000000002,Super Polsat,Super Polsat,Super Polsat [Polsat Sport News],0.010909
2026_03,WPOLSCE24,Piotr,RD,0.0077,WPOLSCE24,wPolsce24,wPolsce24 [Telewizja WPOLSCE.PL],0.009624
2026_03,AXN,Piotr,RD,0.0029,AXN,AXN,AXN,0.002601
2026_03,BBC First,Piotr,RD,0.001971,BBC First,BBC First,BBC First [BBC HD],0.002588
2026_03,Polsat Play,Rafał,RD,0.00386,Polsat Play,Polsat Play,Polsat Play,0.002736
2026_03,Polo TV,Rafał,RD,0.0034999999999999996,Polo TV,Polo TV,Polo TV,0.00254
2026_03,SPI Kino TV,Rafał,RD,0.00252287652237478,SPI Kino TV,FILMBOX+ One,FILMBOX+ One [Kino TV],0.002812
2026_03,Eska TV,Rafał,RD,0.0029749999999999998,Eska TV,Eska TV [8TV],Eska TV [8TV],0.003415
2026_03,AMC,Rafał,RD,0.0028000000000000004,AMC,AMC,AMC [MGM],0.001483
2026_03,Czwórka,Wiola,RD,0.0325,Czwórka,TV4 pl,TV4,0.032421
2026_03,TV Republika,Wiola,RD,0.034459,TV Republika,Republika,Republika [TV Republika],0.033482
2026_03,WP,Wiola,RD,0.005600000000000001,WP,WP,WP,0.004979
2026_03,Polsat Seriale,Wiola,RD,0.004222,Polsat Seriale,Polsat Seriale,Polsat Seriale [Polsat Romans],0.003912
2026_03,Polsat Cafe,Wiola,RD,0.0033,Polsat Cafe,Polsat Cafe,Polsat Cafe,0.002616
2026_03,NBCU 13 Ulica,Wiola,RD,0.001685,NBCU 13 Ulica,13 Ulica,13 Ulica [13th Street Universal],0.001865
2026_03,4FUN.TV,Wiola,RD,0.001794,4FUN.TV,4FUN.TV,4FUN.TV [4fun.tv],0.001762
2026_03,Stars.tv,Wiola,RD,0.0022459999999999997,Stars.tv,Stars.tv,Stars.tv,0.002098
2026_03,BBC Earth,Piotr,RD,0.001574,BBC Earth,BBC Earth,BBC Earth [BBC Knowledge],0.00157
2026_03,AXN White,Piotr,RD,0.000549,AXN White,AXN White,AXN White [AXN Crime],0.000597
2026_03,History2,Agata,RD,0.001874,History2,History2 [H2],HISTORY2 [H2],0.002234
2026_03,Polsat Doku,Dariusz,RD,0.001148,Polsat Doku,Polsat Doku,Polsat Doku,0.000745
2026_03,Polsat Sport 2,Adam,RD,0.0012,Polsat Sport 2,Polsat Sport 2,Polsat Sport 2 [Polsat Sport Extra],0.000876
2026_03,Polsat JimJam,Dariusz,RD,0.001202,Polsat JimJam,Polsat JimJam,Polsat JimJam [JimJam],0.000842
2026_03,Epic Drama,Łukasz,RD,0.000899,Epic Drama,Viasat Epic Drama,Viasat Epic Drama [Epic Drama],0.000666
2026_03,NBCU SciFi Universal,Łukasz,RD,0.001699,NBCU SciFi Universal,Scifi Universal,Scifi Universal,0.001061
2026_03,4FUN KIDS,Wiola,RD,0.000228,4FUN KIDS,4FUN KIDS,4FUN KIDS [4FUN GOLD],0.000247
2026_03,Polsat News 2,Dariusz,RD,0.0008210000000000001,Polsat News 2,Polsat News 2,Polsat News 2 [Polsat Biznes],0.000828
2026_03,BBC CBeebies,Dariusz,RD,0.002172,BBC CBeebies,BBC CBeebies,BBC CBeebies,0.00134
2026_03,AXN Black,Piotr,RD,0.001824,AXN Black,AXN Black,AXN Black [AXN Sci-Fi],0.001824
2026_03,Polsat Rodzina,Piotr,RD,0.000893,Polsat Rodzina,Polsat Rodzina,Polsat Rodzina,0.001031
2026_03,SPI Kino Polska Muzyka,Agata,RD,0.00028199999999999997,SPI Kino Polska Muzyka,Kino Polska Muzyka,Kino Polska Muzyka,0.000354
2026_03,Polsat Viasat Nature,Łukasz,RD,0.000498,Polsat Viasat Nature,Polsat Viasat Nature,Polsat Viasat Nature [Viasat Nature],0.000386
2026_03,TELE5,Adam,RD,0.001131,TELE5,Tele5,Tele5,0.000822
2026_03,BBC Brit,Piotr,RD,0.0005920000000000001,BBC Brit,BBC Brit,BBC Brit [BBC Entertainment],0.000692
2026_03,Eska TV Extra,Adam,RD,0.000484,Eska TV Extra,Eska Extra [Eska TV],Eska TV Extra [Eska TV],0.000353
2026_03,BBC Lifestyle,Piotr,RD,0.0006090000000000001,BBC Lifestyle,BBC Lifestyle,BBC Lifestyle,0.000455
2026_03,4FUN DANCE,Wiola,RD,0.000449,4FUN DANCE,4FUN DANCE,4FUN DANCE [4FUN FIT&DANCE],0.000433
2026_03,Polsat Music,Piotr,RD,0.00031,Polsat Music,Polsat Music HD,Polsat Music HD [Muzo.tv],0.000266
2026_03,Polsat Games,Łukasz,RD,0.000433,Polsat Games,Polsat Games,Polsat Games,0.000304
2026_03,Polsat Sport 3,Rafał,RD,0.0006,Polsat Sport 3,Polsat Sport 3,Polsat Sport 3 [Polsat Sport News HD],0.000443
2026_03,Extreme Sports,Łukasz,RD,7.3e-05,Extreme Sports,Extreme Sports,Extreme Sports,3.3e-05
2026_03,Vox Music TV,Adam,RD,0.00038899999999999997,Vox Music TV,Vox Music TV,Vox Music TV,0.000255
2026_03,AXN Spin,Piotr,RD,0.000135,AXN Spin,AXN Spin,AXN Spin,0.000207
2026_03,Eska Rock TV,Adam,RD,0.00046199999999999995,Eska Rock TV,Eska Rock TV,Eska Rock TV [HIP HOP TV],0.000352
2026_03,Eleven Sports 2,Łukasz,RD,0.001,Eleven Sports 2,Eleven Sports 2,Eleven Sports 2 [Eleven Sports],0.000423
2026_03,NBCU E Entertainment,Wiola,RD,6.9e-05,NBCU E Entertainment,E!Entertainment,E!Entertainment [E!],7.8e-05
2026_03,POLONIA1,Adam,RD,0.000193,POLONIA1,Polonia 1,Polonia1,0.000245
2026_03,Sundance TV,Agata,RD,0.00013299999999999998,Sundance TV,Sundance Channel,Sundance Channel,0.000153
2026_03,Novela TV,Dariusz,RD,8.7e-05,Novela TV,Novela TV,Novela TV,0.000117
2026_03,SPI Gametoon,Agata,RD,2.2000000000000003e-05,SPI Gametoon,Gametoon,Gametoon,2.5e-05
2026_03,Golf Zone,Agata,RD,5e-05,Golf Zone,Golf Zone,Golf Zone [Golf Channel Polska],4.8e-05
2026_03,Water Planet,Adam,RD,6.5e-05,Water Planet,Water Planet,Water Planet [CSB TV],8.5e-05
2026_03,Polsat Film 2,Łukasz,RD,0.000443,Polsat Film 2,Polsat Film 2,Polsat Film 2,0.000489
2026_03,Polsat Reality,Rafał,RD,0.0006,Polsat Reality,Polsat Reality,Polsat Reality,0.000606
2026_03,Polsat X,Rafał,RD,0.00032,Polsat X,Polsat X,Polsat X,0.000371
2026_03,DaVinci,Dariusz,RD,0.000121,DaVinci,Da Vinci,Da Vinci [Da Vinci Learning],4.3e-05
2026_03,TVT,Adam,RD,6.8457e-05,TVT,TVT,TVT,3.7e-05
2026_03,FILMBOX Premium,Łukasz,RD,0.00025,FILMBOX Premium,FILMBOX+ Hits,FILMBOX+ Hits [FILMBOX Premium],0.000166
2026_03,Ale Kino+,Agata,RD,0.001796,Ale Kino+,Ale Kino+,Ale Kino+ [Ale Kino],0.001408
2026_03,Canal+ Domo,Wiola,RD,0.001248,Canal+ Domo,CANAL+ DOMO,CANAL+ DOMO [Domo+],0.001092
2026_03,Planete+,Dariusz,RD,0.0016200000000000001,Planete+,Planete+,Planete+ [Planete],0.001383
2026_03,MiniMini+,Dariusz,RD,0.00155,MiniMini+,MiniMini+,MiniMini+ [MiniMini],0.001211
2026_03,teleTOON+,Dariusz,RD,0.000383,teleTOON+,teleTOON+,teleTOON+ [ZigZap/Hyper],0.00036
2026_03,Novelas+,Agata,RD,0.002441,Novelas+,Novelas,Novelas,0.002136
2026_03,CANAL+ KUCHNIA,Wiola,RD,0.0009379999999999999,CANAL+ KUCHNIA,CANAL+ KUCHNIA,CANAL+ KUCHNIA [kuchnia+],0.000921
2026_03,Canal+ 360,Rafał,RD,0.001,Canal+ 360,CANAL+ 360,Canal+ 360 [Canal+ Family],0.000968
2026_03,Canal+ Sport,Łukasz,RD,0.001,Canal+ Sport,Canal+ Sport,CANAL+ SPORT [Canal+ Niebieski],0.000681
2026_03,Canal+ Sport2,Adam,RD,0.0013,Canal+ Sport2,Canal+ Sport2,CANAL+ SPORT2,0.000915
2026_03,Canal+ Sport3,Adam,RD,0.002,Canal+ Sport3,CANAL+ SPORT3,CANAL+ SPORT3,0.002638
2026_03,Canal+ Sport4,Rafał,RD,0.00014000000000000001,Canal+ Sport4,CANAL+ SPORT4,CANAL+ SPORT4,6.9e-05
2026_03,Canal+ Sport5,Rafał,RD,0.0004,Canal+ Sport5,Canal+ SPORT5,CANAL+ SPORT5 [nSport+],0.000644
2026_03,CANAL+ Extra1,Łukasz,RD,0.00075,CANAL+ Extra1,CANAL+ Extra 1,CANAL+ EXTRA 1,0.000914
2026_03,CANAL+ Extra2,Łukasz,RD,0.0003,CANAL+ Extra2,CANAL+ Extra 2,CANAL+ EXTRA 2,
2026_03,Viasat True Crime,Rafał,RD,0.0003,Viasat True Crime,Viasat True Crime,Viasat True Crime,0.00028
2026_03,Novelas+1,Agata,RD,5.9e-05,Novelas+1,Novelas+1,Novelas+1 [DIZI],0.000133
2026_03,Kabaret TV,Rafał,RD,0.00155,Kabaret TV,Kabaret TV,Kabaret TV,0.001431
2026_03,Polsat News Polityka,Dariusz,RD,0.00041799999999999997,Polsat News Polityka,Polsat News Polityka,Polsat News Polityka,0.000626
2026_03,CANAL+ Seriale,Wiola,RD,0.0001992,CANAL+ Seriale,Canal+ Seriale,Canal+ Seriale [Canal+ Film 2],0.000141
2026_03,CANAL+ Dokument,Wiola,RD,0.00030230000000000003,CANAL+ Dokument,Canal+ Dokument,Canal+ Dokument [Canal+ Discovery],0.000398
2026_03,DocuBox,Dariusz,RD,9.48e-05,DocuBox,DocuBox,DocuBox,5.9e-05
2026_03,FILMBOX Action,Rafał,RD,0.00015144000000000003,FILMBOX Action,FILMBOX+ Action,FILMBOX+ Action [FILMBOX Action],0.000278
2026_03,FILMBOX Extra,Rafał,RD,0.00013694500000000002,FILMBOX Extra,FILMBOX+ Emotion,FILMBOX+ Emotion [FILMBOX Extra],0.000101
2026_03,FILMBOX Family,Rafał,RD,0.0001297,FILMBOX Family,FILMBOX+ Comedy,FILMBOX+ Comedy [FILMBOX Family],0.000234
2026_03,TVN,,RD,0.0758,TVN,TVN,TVN,0.087623
2026_03,TVP1,,RD,0.045700000000000005,TVP1,TVP1,TVP1,0.045358
2026_03,TVP2,,RD,0.0481,TVP2,TVP2,TVP2,0.049482
2026_04,Polsat,Maciej,DT,0.07719101,Polsat,Polsat,Polsat,0.08024
2026_04,Fokus TV,Adam,DT,0.0075196925,Fokus TV,Fokus TV,Fokus TV,0.007369
2026_04,Nowa TV,Adam,DT,0.00378081,Nowa TV,Nowa TV,Nowa TV,0.003468
2026_04,Eleven Sports 1,Adam,DT,0.003005255,Eleven Sports 1,Eleven Sports 1,Eleven Sports 1 [Eleven],0.001933
2026_04,Disco Polo Music,Adam,DT,0.0008026975,Disco Polo Music,Disco Polo Music,Disco Polo Music,0.000578
2026_04,Puls 2,Agata,DT,0.015104345,Puls 2,Puls 2,Puls 2,0.018984
2026_04,Zoom TV,Agata,DT,0.0044860875,Zoom TV,ZOOM,ZOOM [Zoom TV],0.004185
2026_04,SPI Kino Polska,Agata,DT,0.002507935,SPI Kino Polska,Kino Polska,Kino Polska,0.002887
2026_04,History,Agata,DT,0.0031271625,History,History,HISTORY,0.003571
2026_04,CI Polsat,Agata,DT,0.0012491325,CI Polsat,CI Polsat,CI Polsat [Polsat Crime & Investigation Network],0.001147
2026_04,Polsat News,Dariusz,DT,0.01073339,Polsat News,Polsat News,Polsat News,0.011153
2026_04,Stopklatka,Dariusz,DT,0.010340235000000001,Stopklatka,Stopklatka,Stopklatka,0.011638
2026_04,Wydarzenia24,Dariusz,DT,0.01066095,Wydarzenia24,Wydarzenia24,Wydarzenia 24 [Superstacja],0.010886
2026_04,Puls,Łukasz,DT,0.03835919999999999,Puls,TV PULS,TV PULS [PULS],0.040049
2026_04,Polsat 2,Łukasz,DT,0.007532415000000001,Polsat 2,Polsat2,Polsat2,0.006587
2026_04,Polsat Film,Łukasz,DT,0.005310075,Polsat Film,Polsat Film,Polsat Film,0.005718
2026_04,Polsat Sport 1,Łukasz,DT,0.0035838000000000003,Polsat Sport 1,Polsat Sport 1,Polsat Sport 1 [Polsat Sport],0.00276
2026_04,Polsat Viasat History,Łukasz,DT,0.00127908,Polsat Viasat History,Polsat Viasat History,Polsat Viasat History [Viasat History],0.001312
2026_04,Polsat Viasat Explore,Łukasz,DT,0.0011229075,Polsat Viasat Explore,Polsat Viasat Explore,Polsat Viasat Explore [Polsat Viasat Explorer],0.000918
2026_04,Szóstka,Piotr,DT,0.0175878875,Szóstka,TV6,TV6,0.016708
2026_04,Super Polsat,Piotr,DT,0.011529047499999999,Super Polsat,Super Polsat,Super Polsat [Polsat Sport News],0.011981
2026_04,WPOLSCE24,Piotr,DT,0.0089978125,WPOLSCE24,wPolsce24,wPolsce24 [Telewizja WPOLSCE.PL],0.007797
2026_04,AXN,Piotr,DT,0.0027850500000000003,AXN,AXN,AXN,0.003103
2026_04,BBC First,Piotr,DT,0.0018386774999999999,BBC First,BBC First,BBC First [BBC HD],0.003053
2026_04,Polsat Play,Rafał,DT,0.003328995,Polsat Play,Polsat Play,Polsat Play,0.003223
2026_04,Polo TV,Rafał,DT,0.0033542125,Polo TV,Polo TV,Polo TV,0.002596
2026_04,SPI Kino TV,Rafał,DT,0.0033903925,SPI Kino TV,FILMBOX+ One,FILMBOX+ One [Kino TV],0.00237
2026_04,Eska TV,Rafał,DT,0.0030930400000000005,Eska TV,Eska TV [8TV],Eska TV [8TV],0.003174
2026_04,AMC,Rafał,DT,0.0019243125,AMC,AMC,AMC [MGM],0.002359
2026_04,Czwórka,Wiola,DT,0.031564520000000006,Czwórka,TV4 pl,TV4,0.031915
2026_04,TV Republika,Wiola,DT,0.034580885000000006,TV Republika,Republika,Republika [TV Republika],0.031812
2026_04,WP,Wiola,DT,0.004953855,WP,WP,WP,0.004906
2026_04,Polsat Seriale,Wiola,DT,0.0038598499999999997,Polsat Seriale,Polsat Seriale,Polsat Seriale [Polsat Romans],0.004315
2026_04,Polsat Cafe,Wiola,DT,0.0031853499999999996,Polsat Cafe,Polsat Cafe,Polsat Cafe,0.002385
2026_04,NBCU 13 Ulica,Wiola,DT,0.001992625,NBCU 13 Ulica,13 Ulica,13 Ulica [13th Street Universal],0.001539
2026_04,4FUN.TV,Wiola,DT,0.0017159175,4FUN.TV,4FUN.TV,4FUN.TV [4fun.tv],0.001837
2026_04,Stars.tv,Wiola,DT,0.0019911375,Stars.tv,Stars.tv,Stars.tv,0.002444
2026_04,BBC Earth,Piotr,DT,0.00167409,BBC Earth,BBC Earth,BBC Earth [BBC Knowledge],0.001575
2026_04,AXN White,Piotr,DT,0.00055044,AXN White,AXN White,AXN White [AXN Crime],0.000591
2026_04,History2,Agata,DT,0.0017230949999999998,History2,History2 [H2],HISTORY2 [H2],0.001998
2026_04,Polsat Doku,Dariusz,DT,0.00124032,Polsat Doku,Polsat Doku,Polsat Doku,0.000927
2026_04,Polsat Sport 2,Adam,DT,0.00091102,Polsat Sport 2,Polsat Sport 2,Polsat Sport 2 [Polsat Sport Extra],0.000733
2026_04,Polsat JimJam,Dariusz,DT,0.0009080999999999999,Polsat JimJam,Polsat JimJam,Polsat JimJam [JimJam],0.000712
2026_04,Epic Drama,Łukasz,DT,0.0009224325,Epic Drama,Viasat Epic Drama,Viasat Epic Drama [Epic Drama],0.000694
2026_04,NBCU SciFi Universal,Łukasz,DT,0.00102069,NBCU SciFi Universal,Scifi Universal,Scifi Universal,0.000762
2026_04,4FUN KIDS,Wiola,DT,0.000347125,4FUN KIDS,4FUN KIDS,4FUN KIDS [4FUN GOLD],0.000285
2026_04,Polsat News 2,Dariusz,DT,0.0007193725,Polsat News 2,Polsat News 2,Polsat News 2 [Polsat Biznes],0.000819
2026_04,BBC CBeebies,Dariusz,DT,0.0014019500000000001,BBC CBeebies,BBC CBeebies,BBC CBeebies,0.000742
2026_04,AXN Black,Piotr,DT,0.0018790200000000001,AXN Black,AXN Black,AXN Black [AXN Sci-Fi],0.001196
2026_04,Polsat Rodzina,Piotr,DT,0.0009228449999999999,Polsat Rodzina,Polsat Rodzina,Polsat Rodzina,0.000978
2026_04,SPI Kino Polska Muzyka,Agata,DT,0.000337875,SPI Kino Polska Muzyka,Kino Polska Muzyka,Kino Polska Muzyka,0.000364
2026_04,Polsat Viasat Nature,Łukasz,DT,0.0005096025,Polsat Viasat Nature,Polsat Viasat Nature,Polsat Viasat Nature [Viasat Nature],0.00035
2026_04,TELE5,Adam,DT,0.0008478950000000001,TELE5,Tele5,Tele5,0.000746
2026_04,BBC Brit,Piotr,DT,0.0006833475,BBC Brit,BBC Brit,BBC Brit [BBC Entertainment],0.00085
2026_04,Eska TV Extra,Adam,DT,0.0003615975,Eska TV Extra,Eska Extra [Eska TV],Eska TV Extra [Eska TV],0.000382
2026_04,BBC Lifestyle,Piotr,DT,0.0007397775,BBC Lifestyle,BBC Lifestyle,BBC Lifestyle,0.000403
2026_04,4FUN DANCE,Wiola,DT,0.000441875,4FUN DANCE,4FUN DANCE,4FUN DANCE [4FUN FIT&DANCE],0.000483
2026_04,Polsat Music,Piotr,DT,0.0003002175,Polsat Music,Polsat Music HD,Polsat Music HD [Muzo.tv],0.000344
2026_04,Polsat Games,Łukasz,DT,0.0004087975,Polsat Games,Polsat Games,Polsat Games,0.000216
2026_04,Polsat Sport 3,Rafał,DT,0.00046777499999999997,Polsat Sport 3,Polsat Sport 3,Polsat Sport 3 [Polsat Sport News HD],0.000382
2026_04,Extreme Sports,Łukasz,DT,4.5509999999999996e-05,Extreme Sports,Extreme Sports,Extreme Sports,2.9e-05
2026_04,Vox Music TV,Adam,DT,0.00025492500000000003,Vox Music TV,Vox Music TV,Vox Music TV,0.000253
2026_04,AXN Spin,Piotr,DT,0.00012927999999999998,AXN Spin,AXN Spin,AXN Spin,0.000159
2026_04,Eska Rock TV,Adam,DT,0.00023558249999999998,Eska Rock TV,Eska Rock TV,Eska Rock TV [HIP HOP TV],0.000306
2026_04,Eleven Sports 2,Łukasz,DT,0.0007271999999999999,Eleven Sports 2,Eleven Sports 2,Eleven Sports 2 [Eleven Sports],0.000403
2026_04,NBCU E Entertainment,Wiola,DT,0.0001052925,NBCU E Entertainment,E!Entertainment,E!Entertainment [E!],6.8e-05
2026_04,POLONIA1,Adam,DT,0.00023987500000000002,POLONIA1,Polonia 1,Polonia1,0.000275
2026_04,Sundance TV,Agata,DT,0.0001328,Sundance TV,Sundance Channel,Sundance Channel,0.000168
2026_04,Novela TV,Dariusz,DT,8.2315e-05,Novela TV,Novela TV,Novela TV,6.3e-05
2026_04,SPI Gametoon,Agata,DT,3.58875e-05,SPI Gametoon,Gametoon,Gametoon,1.2e-05
2026_04,Golf Zone,Agata,DT,5.32125e-05,Golf Zone,Golf Zone,Golf Zone [Golf Channel Polska],6.4e-05
2026_04,Water Planet,Adam,DT,5.32775e-05,Water Planet,Water Planet,Water Planet [CSB TV],4.2e-05
2026_04,Polsat Film 2,Łukasz,DT,0.00048649999999999995,Polsat Film 2,Polsat Film 2,Polsat Film 2,0.000433
2026_04,Polsat Reality,Rafał,DT,0.000480675,Polsat Reality,Polsat Reality,Polsat Reality,0.000444
2026_04,Polsat X,Rafał,DT,0.000413,Polsat X,Polsat X,Polsat X,0.000325
2026_04,DaVinci,Dariusz,DT,7.7265e-05,DaVinci,Da Vinci,Da Vinci [Da Vinci Learning],0.000187
2026_04,TVT,Adam,DT,4.3065e-05,TVT,TVT,TVT,2.1e-05
2026_04,FILMBOX Premium,Łukasz,DT,0.0002689125,FILMBOX Premium,FILMBOX+ Hits,FILMBOX+ Hits [FILMBOX Premium],0.00023
2026_04,Ale Kino+,Agata,DT,0.0015634350000000002,Ale Kino+,Ale Kino+,Ale Kino+ [Ale Kino],0.001161
2026_04,Canal+ Domo,Wiola,DT,0.0011390275,Canal+ Domo,CANAL+ DOMO,CANAL+ DOMO [Domo+],0.000981
2026_04,Planete+,Dariusz,DT,0.0014700750000000002,Planete+,Planete+,Planete+ [Planete],0.001375
2026_04,MiniMini+,Dariusz,DT,0.00098595,MiniMini+,MiniMini+,MiniMini+ [MiniMini],0.001465
2026_04,teleTOON+,Dariusz,DT,0.000355905,teleTOON+,teleTOON+,teleTOON+ [ZigZap/Hyper],0.000268
2026_04,Novelas+,Agata,DT,0.00213985,Novelas+,Novelas,Novelas,0.001664
2026_04,CANAL+ KUCHNIA,Wiola,DT,0.0008810999999999999,CANAL+ KUCHNIA,CANAL+ KUCHNIA,CANAL+ KUCHNIA [kuchnia+],0.000927
2026_04,Canal+ 360,Rafał,DT,0.0010526725,Canal+ 360,CANAL+ 360,Canal+ 360 [Canal+ Family],0.001015
2026_04,Canal+ Sport,Łukasz,DT,0.0006912,Canal+ Sport,Canal+ Sport,CANAL+ SPORT [Canal+ Niebieski],0.0019
2026_04,Canal+ Sport2,Adam,DT,0.000746,Canal+ Sport2,Canal+ Sport2,CANAL+ SPORT2,0.000865
2026_04,Canal+ Sport3,Adam,DT,0.002993115,Canal+ Sport3,CANAL+ SPORT3,CANAL+ SPORT3,0.002997
2026_04,Canal+ Sport4,Rafał,DT,0.00010276750000000001,Canal+ Sport4,CANAL+ SPORT4,CANAL+ SPORT4,0.000229
2026_04,Canal+ Sport5,Rafał,DT,0.0006894,Canal+ Sport5,Canal+ SPORT5,CANAL+ SPORT5 [nSport+],0.002111
2026_04,CANAL+ Extra1,Łukasz,DT,0.000850725,CANAL+ Extra1,CANAL+ Extra 1,CANAL+ EXTRA 1,0.002026
2026_04,CANAL+ Extra2,Łukasz,DT,0.00027124999999999995,CANAL+ Extra2,CANAL+ Extra 2,CANAL+ EXTRA 2,
2026_04,Viasat True Crime,Rafał,DT,0.00031335250000000004,Viasat True Crime,Viasat True Crime,Viasat True Crime,0.000248
2026_04,Novelas+1,Agata,DT,0.00014947999999999999,Novelas+1,Novelas+1,Novelas+1 [DIZI],0.0001
2026_04,Kabaret TV,Rafał,DT,0.0016091825,Kabaret TV,Kabaret TV,Kabaret TV,0.001864
2026_04,Polsat News Polityka,Dariusz,DT,0.0006165000000000001,Polsat News Polityka,Polsat News Polityka,Polsat News Polityka,0.000578
2026_04,Kanał Zero,Wiola,DT,0.0003,Kanał Zero,ZERO,ZERO,
2026_04,CANAL+ Seriale,Wiola,DT,0.000154,CANAL+ Seriale,Canal+ Seriale,Canal+ Seriale [Canal+ Film 2],0.000134
2026_04,CANAL+ Dokument,Wiola,DT,0.000313,CANAL+ Dokument,Canal+ Dokument,Canal+ Dokument [Canal+ Discovery],0.000279
2026_04,DocuBox,Dariusz,DT,6.2e-05,DocuBox,DocuBox,DocuBox,9.2e-05
2026_04,FILMBOX Action,Rafał,DT,0.00020025,FILMBOX Action,FILMBOX+ Action,FILMBOX+ Action [FILMBOX Action],0.000282
2026_04,FILMBOX Extra,Rafał,DT,8.25e-05,FILMBOX Extra,FILMBOX+ Emotion,FILMBOX+ Emotion [FILMBOX Extra],0.000155
2026_04,FILMBOX Family,Rafał,DT,0.000194,FILMBOX Family,FILMBOX+ Comedy,FILMBOX+ Comedy [FILMBOX Family],0.000166
2026_04,TVN,,DT,0.08026277999999999,TVN,TVN,TVN,0.087802
2026_04,TVP1,,DT,0.0455339825,TVP1,TVP1,TVP1,0.044136
2026_04,TVP2,,DT,0.0489943425,TVP2,TVP2,TVP2,0.046537
2026_04,Polsat,Maciej,MJ,0.0765,Polsat,Polsat,Polsat,0.08024
2026_04,Fokus TV,Adam,MJ,0.0069,Fokus TV,Fokus TV,Fokus TV,0.007369
2026_04,Nowa TV,Adam,MJ,0.003753242864296445,Nowa TV,Nowa TV,Nowa TV,0.003468
2026_04,Eleven Sports 1,Adam,MJ,0.00343,Eleven Sports 1,Eleven Sports 1,Eleven Sports 1 [Eleven],0.001933
2026_04,Disco Polo Music,Adam,MJ,0.00077,Disco Polo Music,Disco Polo Music,Disco Polo Music,0.000578
2026_04,Puls 2,Agata,MJ,0.013367766615931,Puls 2,Puls 2,Puls 2,0.018984
2026_04,Zoom TV,Agata,MJ,0.004114478228507629,Zoom TV,ZOOM,ZOOM [Zoom TV],0.004185
2026_04,SPI Kino Polska,Agata,MJ,0.002696549012010849,SPI Kino Polska,Kino Polska,Kino Polska,0.002887
2026_04,History,Agata,MJ,0.002937990249498136,History,History,HISTORY,0.003571
2026_04,CI Polsat,Agata,MJ,0.0012877607113985449,CI Polsat,CI Polsat,CI Polsat [Polsat Crime & Investigation Network],0.001147
2026_04,Polsat News,Dariusz,MJ,0.011009396185064935,Polsat News,Polsat News,Polsat News,0.011153
2026_04,Stopklatka,Dariusz,MJ,0.011321639806173725,Stopklatka,Stopklatka,Stopklatka,0.011638
2026_04,Wydarzenia24,Dariusz,MJ,0.010340827281648675,Wydarzenia24,Wydarzenia24,Wydarzenia 24 [Superstacja],0.010886
2026_04,Puls,Łukasz,MJ,0.0392,Puls,TV PULS,TV PULS [PULS],0.040049
2026_04,Polsat 2,Łukasz,MJ,0.007,Polsat 2,Polsat2,Polsat2,0.006587
2026_04,Polsat Film,Łukasz,MJ,0.00543,Polsat Film,Polsat Film,Polsat Film,0.005718
2026_04,Polsat Sport 1,Łukasz,MJ,0.0045,Polsat Sport 1,Polsat Sport 1,Polsat Sport 1 [Polsat Sport],0.00276
2026_04,Polsat Viasat History,Łukasz,MJ,0.00100434584295612,Polsat Viasat History,Polsat Viasat History,Polsat Viasat History [Viasat History],0.001312
2026_04,Polsat Viasat Explore,Łukasz,MJ,0.0013448692579505301,Polsat Viasat Explore,Polsat Viasat Explore,Polsat Viasat Explore [Polsat Viasat Explorer],0.000918
2026_04,Szóstka,Piotr,MJ,0.01823,Szóstka,TV6,TV6,0.016708
2026_04,Super Polsat,Piotr,MJ,0.0125,Super Polsat,Super Polsat,Super Polsat [Polsat Sport News],0.011981
2026_04,WPOLSCE24,Piotr,MJ,0.010904444400708521,WPOLSCE24,wPolsce24,wPolsce24 [Telewizja WPOLSCE.PL],0.007797
2026_04,AXN,Piotr,MJ,0.0033,AXN,AXN,AXN,0.003103
2026_04,BBC First,Piotr,MJ,0.00197,BBC First,BBC First,BBC First [BBC HD],0.003053
2026_04,Polsat Play,Rafał,MJ,0.0030091250246889203,Polsat Play,Polsat Play,Polsat Play,0.003223
2026_04,Polo TV,Rafał,MJ,0.00276,Polo TV,Polo TV,Polo TV,0.002596
2026_04,SPI Kino TV,Rafał,MJ,0.00372,SPI Kino TV,FILMBOX+ One,FILMBOX+ One [Kino TV],0.00237
2026_04,Eska TV,Rafał,MJ,0.00358,Eska TV,Eska TV [8TV],Eska TV [8TV],0.003174
2026_04,AMC,Rafał,MJ,0.00176,AMC,AMC,AMC [MGM],0.002359
2026_04,Czwórka,Wiola,MJ,0.03392602852646734,Czwórka,TV4 pl,TV4,0.031915
2026_04,TV Republika,Wiola,MJ,0.035,TV Republika,Republika,Republika [TV Republika],0.031812
2026_04,WP,Wiola,MJ,0.0045,WP,WP,WP,0.004906
2026_04,Polsat Seriale,Wiola,MJ,0.003668393186003683,Polsat Seriale,Polsat Seriale,Polsat Seriale [Polsat Romans],0.004315
2026_04,Polsat Cafe,Wiola,MJ,0.002871609022556391,Polsat Cafe,Polsat Cafe,Polsat Cafe,0.002385
2026_04,NBCU 13 Ulica,Wiola,MJ,0.0021093966136480247,NBCU 13 Ulica,13 Ulica,13 Ulica [13th Street Universal],0.001539
2026_04,4FUN.TV,Wiola,MJ,0.00165,4FUN.TV,4FUN.TV,4FUN.TV [4fun.tv],0.001837
2026_04,Stars.tv,Wiola,MJ,0.00218354371201496,Stars.tv,Stars.tv,Stars.tv,0.002444
2026_04,BBC Earth,Piotr,MJ,0.00162,BBC Earth,BBC Earth,BBC Earth [BBC Knowledge],0.001575
2026_04,AXN White,Piotr,MJ,0.0007905103448275862,AXN White,AXN White,AXN White [AXN Crime],0.000591
2026_04,History2,Agata,MJ,0.00185,History2,History2 [H2],HISTORY2 [H2],0.001998
2026_04,Polsat Doku,Dariusz,MJ,0.0007692532800912721,Polsat Doku,Polsat Doku,Polsat Doku,0.000927
2026_04,Polsat Sport 2,Adam,MJ,0.0007261566401816118,Polsat Sport 2,Polsat Sport 2,Polsat Sport 2 [Polsat Sport Extra],0.000733
2026_04,Polsat JimJam,Dariusz,MJ,0.0005362672750977835,Polsat JimJam,Polsat JimJam,Polsat JimJam [JimJam],0.000712
2026_04,Epic Drama,Łukasz,MJ,0.0010398192771084336,Epic Drama,Viasat Epic Drama,Viasat Epic Drama [Epic Drama],0.000694
2026_04,NBCU SciFi Universal,Łukasz,MJ,0.00103,NBCU SciFi Universal,Scifi Universal,Scifi Universal,0.000762
2026_04,4FUN KIDS,Wiola,MJ,0.00017657749469214434,4FUN KIDS,4FUN KIDS,4FUN KIDS [4FUN GOLD],0.000285
2026_04,Polsat News 2,Dariusz,MJ,0.0006804000000000001,Polsat News 2,Polsat News 2,Polsat News 2 [Polsat Biznes],0.000819
2026_04,BBC CBeebies,Dariusz,MJ,0.00113,BBC CBeebies,BBC CBeebies,BBC CBeebies,0.000742
2026_04,AXN Black,Piotr,MJ,0.002063720216606498,AXN Black,AXN Black,AXN Black [AXN Sci-Fi],0.001196
2026_04,Polsat Rodzina,Piotr,MJ,0.0013159342105263157,Polsat Rodzina,Polsat Rodzina,Polsat Rodzina,0.000978
2026_04,SPI Kino Polska Muzyka,Agata,MJ,0.0003584967602591793,SPI Kino Polska Muzyka,Kino Polska Muzyka,Kino Polska Muzyka,0.000364
2026_04,Polsat Viasat Nature,Łukasz,MJ,0.0004858216783216783,Polsat Viasat Nature,Polsat Viasat Nature,Polsat Viasat Nature [Viasat Nature],0.00035
2026_04,TELE5,Adam,MJ,0.0005809433573635426,TELE5,Tele5,Tele5,0.000746
2026_04,BBC Brit,Piotr,MJ,0.0005562850122850123,BBC Brit,BBC Brit,BBC Brit [BBC Entertainment],0.00085
2026_04,Eska TV Extra,Adam,MJ,0.0003071924119241192,Eska TV Extra,Eska Extra [Eska TV],Eska TV Extra [Eska TV],0.000382
2026_04,BBC Lifestyle,Piotr,MJ,0.0008675930232558139,BBC Lifestyle,BBC Lifestyle,BBC Lifestyle,0.000403
2026_04,4FUN DANCE,Wiola,MJ,0.0003239415448851774,4FUN DANCE,4FUN DANCE,4FUN DANCE [4FUN FIT&DANCE],0.000483
2026_04,Polsat Music,Piotr,MJ,0.0001443284671532847,Polsat Music,Polsat Music HD,Polsat Music HD [Muzo.tv],0.000344
2026_04,Polsat Games,Łukasz,MJ,0.00029,Polsat Games,Polsat Games,Polsat Games,0.000216
2026_04,Polsat Sport 3,Rafał,MJ,0.00035177618069815196,Polsat Sport 3,Polsat Sport 3,Polsat Sport 3 [Polsat Sport News HD],0.000382
2026_04,Extreme Sports,Łukasz,MJ,0.00011052631578947368,Extreme Sports,Extreme Sports,Extreme Sports,2.9e-05
2026_04,Vox Music TV,Adam,MJ,0.00017,Vox Music TV,Vox Music TV,Vox Music TV,0.000253
2026_04,AXN Spin,Piotr,MJ,0.00015,AXN Spin,AXN Spin,AXN Spin,0.000159
2026_04,Eska Rock TV,Adam,MJ,0.00023496236559139786,Eska Rock TV,Eska Rock TV,Eska Rock TV [HIP HOP TV],0.000306
2026_04,Eleven Sports 2,Łukasz,MJ,0.00085,Eleven Sports 2,Eleven Sports 2,Eleven Sports 2 [Eleven Sports],0.000403
2026_04,NBCU E Entertainment,Wiola,MJ,7.546853146853147e-05,NBCU E Entertainment,E!Entertainment,E!Entertainment [E!],6.8e-05
2026_04,POLONIA1,Adam,MJ,0.0003561428571428571,POLONIA1,Polonia 1,Polonia1,0.000275
2026_04,Sundance TV,Agata,MJ,0.00025,Sundance TV,Sundance Channel,Sundance Channel,0.000168
2026_04,Novela TV,Dariusz,MJ,2.6793103448275864e-05,Novela TV,Novela TV,Novela TV,6.3e-05
2026_04,SPI Gametoon,Agata,MJ,5.884615384615385e-06,SPI Gametoon,Gametoon,Gametoon,1.2e-05
2026_04,Golf Zone,Agata,MJ,4.2947368421052625e-05,Golf Zone,Golf Zone,Golf Zone [Golf Channel Polska],6.4e-05
2026_04,Water Planet,Adam,MJ,0.0001,Water Planet,Water Planet,Water Planet [CSB TV],4.2e-05
2026_04,Polsat Film 2,Łukasz,MJ,0.00052,Polsat Film 2,Polsat Film 2,Polsat Film 2,0.000433
2026_04,Polsat Reality,Rafał,MJ,0.00065,Polsat Reality,Polsat Reality,Polsat Reality,0.000444
2026_04,Polsat X,Rafał,MJ,0.00043,Polsat X,Polsat X,Polsat X,0.000325
2026_04,DaVinci,Dariusz,MJ,4.103846153846154e-05,DaVinci,Da Vinci,Da Vinci [Da Vinci Learning],0.000187
2026_04,TVT,Adam,MJ,5.5e-05,TVT,TVT,TVT,2.1e-05
2026_04,FILMBOX Premium,Łukasz,MJ,0.0003,FILMBOX Premium,FILMBOX+ Hits,FILMBOX+ Hits [FILMBOX Premium],0.00023
2026_04,Ale Kino+,Agata,MJ,0.00135,Ale Kino+,Ale Kino+,Ale Kino+ [Ale Kino],0.001161
2026_04,Canal+ Domo,Wiola,MJ,0.0010679016393442624,Canal+ Domo,CANAL+ DOMO,CANAL+ DOMO [Domo+],0.000981
2026_04,Planete+,Dariusz,MJ,0.001555571849668386,Planete+,Planete+,Planete+ [Planete],0.001375
2026_04,MiniMini+,Dariusz,MJ,0.0009560871959614501,MiniMini+,MiniMini+,MiniMini+ [MiniMini],0.001465
2026_04,teleTOON+,Dariusz,MJ,0.00029976986301369867,teleTOON+,teleTOON+,teleTOON+ [ZigZap/Hyper],0.000268
2026_04,Novelas+,Agata,MJ,0.0025237223042836043,Novelas+,Novelas,Novelas,0.001664
2026_04,CANAL+ KUCHNIA,Wiola,MJ,0.001169385257301808,CANAL+ KUCHNIA,CANAL+ KUCHNIA,CANAL+ KUCHNIA [kuchnia+],0.000927
2026_04,Canal+ 360,Rafał,MJ,0.0011,Canal+ 360,CANAL+ 360,Canal+ 360 [Canal+ Family],0.001015
2026_04,Canal+ Sport,Łukasz,MJ,0.00112,Canal+ Sport,Canal+ Sport,CANAL+ SPORT [Canal+ Niebieski],0.0019
2026_04,Canal+ Sport2,Adam,MJ,0.00075,Canal+ Sport2,Canal+ Sport2,CANAL+ SPORT2,0.000865
2026_04,Canal+ Sport3,Adam,MJ,0.0032,Canal+ Sport3,CANAL+ SPORT3,CANAL+ SPORT3,0.002997
2026_04,Canal+ Sport4,Rafał,MJ,0.00014126966292134831,Canal+ Sport4,CANAL+ SPORT4,CANAL+ SPORT4,0.000229
2026_04,Canal+ Sport5,Rafał,MJ,0.0015533246753246755,Canal+ Sport5,Canal+ SPORT5,CANAL+ SPORT5 [nSport+],0.002111
2026_04,CANAL+ Extra1,Łukasz,MJ,0.001,CANAL+ Extra1,CANAL+ Extra 1,CANAL+ EXTRA 1,0.002026
2026_04,CANAL+ Extra2,Łukasz,MJ,0.0004,CANAL+ Extra2,CANAL+ Extra 2,CANAL+ EXTRA 2,
2026_04,Viasat True Crime,Rafał,MJ,0.00035,Viasat True Crime,Viasat True Crime,Viasat True Crime,0.000248
2026_04,Novelas+1,Agata,MJ,0.00012725714285714287,Novelas+1,Novelas+1,Novelas+1 [DIZI],0.0001
2026_04,Kabaret TV,Rafał,MJ,0.0016,Kabaret TV,Kabaret TV,Kabaret TV,0.001864
2026_04,Polsat News Polityka,Dariusz,MJ,0.00053,Polsat News Polityka,Polsat News Polityka,Polsat News Polityka,0.000578
2026_04,Kanał Zero,Wiola,MJ,0.00035,Kanał Zero,ZERO,ZERO,
2026_04,CANAL+ Seriale,Wiola,MJ,0.0002,CANAL+ Seriale,Canal+ Seriale,Canal+ Seriale [Canal+ Film 2],0.000134
2026_04,CANAL+ Dokument,Wiola,MJ,0.0003,CANAL+ Dokument,Canal+ Dokument,Canal+ Dokument [Canal+ Discovery],0.000279
2026_04,DocuBox,Dariusz,MJ,7e-05,DocuBox,DocuBox,DocuBox,9.2e-05
2026_04,FILMBOX Action,Rafał,MJ,0.00025,FILMBOX Action,FILMBOX+ Action,FILMBOX+ Action [FILMBOX Action],0.000282
2026_04,FILMBOX Extra,Rafał,MJ,0.00017,FILMBOX Extra,FILMBOX+ Emotion,FILMBOX+ Emotion [FILMBOX Extra],0.000155
2026_04,FILMBOX Family,Rafał,MJ,0.00024,FILMBOX Family,FILMBOX+ Comedy,FILMBOX+ Comedy [FILMBOX Family],0.000166
2026_04,TVN,,MJ,0.08663863613623243,TVN,TVN,TVN,0.087802
2026_04,TVP1,,MJ,0.04694566892119632,TVP1,TVP1,TVP1,0.044136
2026_04,TVP2,,MJ,0.048244992362051445,TVP2,TVP2,TVP2,0.046537
2026_04,Polsat,Maciej,BW,0.0755,Polsat,Polsat,Polsat,0.08024
2026_04,Fokus TV,Adam,BW,0.0082,Fokus TV,Fokus TV,Fokus TV,0.007369
2026_04,Nowa TV,Adam,BW,0.0036,Nowa TV,Nowa TV,Nowa TV,0.003468
2026_04,Eleven Sports 1,Adam,BW,0.003439,Eleven Sports 1,Eleven Sports 1,Eleven Sports 1 [Eleven],0.001933
2026_04,Disco Polo Music,Adam,BW,0.000676,Disco Polo Music,Disco Polo Music,Disco Polo Music,0.000578
2026_04,Puls 2,Agata,BW,0.015,Puls 2,Puls 2,Puls 2,0.018984
2026_04,Zoom TV,Agata,BW,0.004456000000000001,Zoom TV,ZOOM,ZOOM [Zoom TV],0.004185
2026_04,SPI Kino Polska,Agata,BW,0.0024,SPI Kino Polska,Kino Polska,Kino Polska,0.002887
2026_04,History,Agata,BW,0.0032010000000000003,History,History,HISTORY,0.003571
2026_04,CI Polsat,Agata,BW,0.001354,CI Polsat,CI Polsat,CI Polsat [Polsat Crime & Investigation Network],0.001147
2026_04,Polsat News,Dariusz,BW,0.0115,Polsat News,Polsat News,Polsat News,0.011153
2026_04,Stopklatka,Dariusz,BW,0.010616,Stopklatka,Stopklatka,Stopklatka,0.011638
2026_04,Wydarzenia24,Dariusz,BW,0.0112,Wydarzenia24,Wydarzenia24,Wydarzenia 24 [Superstacja],0.010886
2026_04,Puls,Łukasz,BW,0.04,Puls,TV PULS,TV PULS [PULS],0.040049
2026_04,Polsat 2,Łukasz,BW,0.007568999999999999,Polsat 2,Polsat2,Polsat2,0.006587
2026_04,Polsat Film,Łukasz,BW,0.005684999999999999,Polsat Film,Polsat Film,Polsat Film,0.005718
2026_04,Polsat Sport 1,Łukasz,BW,0.003055000000000001,Polsat Sport 1,Polsat Sport 1,Polsat Sport 1 [Polsat Sport],0.00276
2026_04,Polsat Viasat History,Łukasz,BW,0.000772,Polsat Viasat History,Polsat Viasat History,Polsat Viasat History [Viasat History],0.001312
2026_04,Polsat Viasat Explore,Łukasz,BW,0.001,Polsat Viasat Explore,Polsat Viasat Explore,Polsat Viasat Explore [Polsat Viasat Explorer],0.000918
2026_04,Szóstka,Piotr,BW,0.0189,Szóstka,TV6,TV6,0.016708
2026_04,Super Polsat,Piotr,BW,0.0112,Super Polsat,Super Polsat,Super Polsat [Polsat Sport News],0.011981
2026_04,WPOLSCE24,Piotr,BW,0.008135,WPOLSCE24,wPolsce24,wPolsce24 [Telewizja WPOLSCE.PL],0.007797
2026_04,AXN,Piotr,BW,0.0028,AXN,AXN,AXN,0.003103
2026_04,BBC First,Piotr,BW,0.002267,BBC First,BBC First,BBC First [BBC HD],0.003053
2026_04,Polsat Play,Rafał,BW,0.003197,Polsat Play,Polsat Play,Polsat Play,0.003223
2026_04,Polo TV,Rafał,BW,0.002915,Polo TV,Polo TV,Polo TV,0.002596
2026_04,SPI Kino TV,Rafał,BW,0.0042,SPI Kino TV,FILMBOX+ One,FILMBOX+ One [Kino TV],0.00237
2026_04,Eska TV,Rafał,BW,0.003008,Eska TV,Eska TV [8TV],Eska TV [8TV],0.003174
2026_04,AMC,Rafał,BW,0.0014,AMC,AMC,AMC [MGM],0.002359
2026_04,Czwórka,Wiola,BW,0.0318,Czwórka,TV4 pl,TV4,0.031915
2026_04,TV Republika,Wiola,BW,0.0351,TV Republika,Republika,Republika [TV Republika],0.031812
2026_04,WP,Wiola,BW,0.0058850000000000005,WP,WP,WP,0.004906
2026_04,Polsat Seriale,Wiola,BW,0.004,Polsat Seriale,Polsat Seriale,Polsat Seriale [Polsat Romans],0.004315
2026_04,Polsat Cafe,Wiola,BW,0.003,Polsat Cafe,Polsat Cafe,Polsat Cafe,0.002385
2026_04,NBCU 13 Ulica,Wiola,BW,0.0025580000000000004,NBCU 13 Ulica,13 Ulica,13 Ulica [13th Street Universal],0.001539
2026_04,4FUN.TV,Wiola,BW,0.001789,4FUN.TV,4FUN.TV,4FUN.TV [4fun.tv],0.001837
2026_04,Stars.tv,Wiola,BW,0.0021,Stars.tv,Stars.tv,Stars.tv,0.002444
2026_04,BBC Earth,Piotr,BW,0.0017,BBC Earth,BBC Earth,BBC Earth [BBC Knowledge],0.001575
2026_04,AXN White,Piotr,BW,0.000704,AXN White,AXN White,AXN White [AXN Crime],0.000591
2026_04,History2,Agata,BW,0.0019,History2,History2 [H2],HISTORY2 [H2],0.001998
2026_04,Polsat Doku,Dariusz,BW,0.0008590000000000001,Polsat Doku,Polsat Doku,Polsat Doku,0.000927
2026_04,Polsat Sport 2,Adam,BW,0.0005479999999999999,Polsat Sport 2,Polsat Sport 2,Polsat Sport 2 [Polsat Sport Extra],0.000733
2026_04,Polsat JimJam,Dariusz,BW,0.0008,Polsat JimJam,Polsat JimJam,Polsat JimJam [JimJam],0.000712
2026_04,Epic Drama,Łukasz,BW,0.0008,Epic Drama,Viasat Epic Drama,Viasat Epic Drama [Epic Drama],0.000694
2026_04,NBCU SciFi Universal,Łukasz,BW,0.001027,NBCU SciFi Universal,Scifi Universal,Scifi Universal,0.000762
2026_04,4FUN KIDS,Wiola,BW,0.0004,4FUN KIDS,4FUN KIDS,4FUN KIDS [4FUN GOLD],0.000285
2026_04,Polsat News 2,Dariusz,BW,0.0008260000000000001,Polsat News 2,Polsat News 2,Polsat News 2 [Polsat Biznes],0.000819
2026_04,BBC CBeebies,Dariusz,BW,0.0014,BBC CBeebies,BBC CBeebies,BBC CBeebies,0.000742
2026_04,AXN Black,Piotr,BW,0.0018590000000000002,AXN Black,AXN Black,AXN Black [AXN Sci-Fi],0.001196
2026_04,Polsat Rodzina,Piotr,BW,0.001243,Polsat Rodzina,Polsat Rodzina,Polsat Rodzina,0.000978
2026_04,SPI Kino Polska Muzyka,Agata,BW,0.0004,SPI Kino Polska Muzyka,Kino Polska Muzyka,Kino Polska Muzyka,0.000364
2026_04,Polsat Viasat Nature,Łukasz,BW,0.0005039999999999999,Polsat Viasat Nature,Polsat Viasat Nature,Polsat Viasat Nature [Viasat Nature],0.00035
2026_04,TELE5,Adam,BW,0.001,TELE5,Tele5,Tele5,0.000746
2026_04,BBC Brit,Piotr,BW,0.0009069999999999999,BBC Brit,BBC Brit,BBC Brit [BBC Entertainment],0.00085
2026_04,Eska TV Extra,Adam,BW,0.000377,Eska TV Extra,Eska Extra [Eska TV],Eska TV Extra [Eska TV],0.000382
2026_04,BBC Lifestyle,Piotr,BW,0.00048799999999999994,BBC Lifestyle,BBC Lifestyle,BBC Lifestyle,0.000403
2026_04,4FUN DANCE,Wiola,BW,0.000581,4FUN DANCE,4FUN DANCE,4FUN DANCE [4FUN FIT&DANCE],0.000483
2026_04,Polsat Music,Piotr,BW,0.00025,Polsat Music,Polsat Music HD,Polsat Music HD [Muzo.tv],0.000344
2026_04,Polsat Games,Łukasz,BW,0.000419,Polsat Games,Polsat Games,Polsat Games,0.000216
2026_04,Polsat Sport 3,Rafał,BW,0.0003,Polsat Sport 3,Polsat Sport 3,Polsat Sport 3 [Polsat Sport News HD],0.000382
2026_04,Extreme Sports,Łukasz,BW,0.0001,Extreme Sports,Extreme Sports,Extreme Sports,2.9e-05
2026_04,Vox Music TV,Adam,BW,0.000232,Vox Music TV,Vox Music TV,Vox Music TV,0.000253
2026_04,AXN Spin,Piotr,BW,0.0002,AXN Spin,AXN Spin,AXN Spin,0.000159
2026_04,Eska Rock TV,Adam,BW,0.00028,Eska Rock TV,Eska Rock TV,Eska Rock TV [HIP HOP TV],0.000306
2026_04,Eleven Sports 2,Łukasz,BW,0.0008,Eleven Sports 2,Eleven Sports 2,Eleven Sports 2 [Eleven Sports],0.000403
2026_04,NBCU E Entertainment,Wiola,BW,0.00011999999999999999,NBCU E Entertainment,E!Entertainment,E!Entertainment [E!],6.8e-05
2026_04,POLONIA1,Adam,BW,0.000222,POLONIA1,Polonia 1,Polonia1,0.000275
2026_04,Sundance TV,Agata,BW,0.00019,Sundance TV,Sundance Channel,Sundance Channel,0.000168
2026_04,Novela TV,Dariusz,BW,0.000191,Novela TV,Novela TV,Novela TV,6.3e-05
2026_04,SPI Gametoon,Agata,BW,5.4999999999999995e-05,SPI Gametoon,Gametoon,Gametoon,1.2e-05
2026_04,Golf Zone,Agata,BW,6.1e-05,Golf Zone,Golf Zone,Golf Zone [Golf Channel Polska],6.4e-05
2026_04,Water Planet,Adam,BW,0.0001,Water Planet,Water Planet,Water Planet [CSB TV],4.2e-05
2026_04,Polsat Film 2,Łukasz,BW,0.00049,Polsat Film 2,Polsat Film 2,Polsat Film 2,0.000433
2026_04,Polsat Reality,Rafał,BW,0.000468,Polsat Reality,Polsat Reality,Polsat Reality,0.000444
2026_04,Polsat X,Rafał,BW,0.000495,Polsat X,Polsat X,Polsat X,0.000325
2026_04,DaVinci,Dariusz,BW,5.1e-05,DaVinci,Da Vinci,Da Vinci [Da Vinci Learning],0.000187
2026_04,TVT,Adam,BW,0.0001,TVT,TVT,TVT,2.1e-05
2026_04,FILMBOX Premium,Łukasz,BW,0.0002,FILMBOX Premium,FILMBOX+ Hits,FILMBOX+ Hits [FILMBOX Premium],0.00023
2026_04,Ale Kino+,Agata,BW,0.001728,Ale Kino+,Ale Kino+,Ale Kino+ [Ale Kino],0.001161
2026_04,Canal+ Domo,Wiola,BW,0.001018,Canal+ Domo,CANAL+ DOMO,CANAL+ DOMO [Domo+],0.000981
2026_04,Planete+,Dariusz,BW,0.0015,Planete+,Planete+,Planete+ [Planete],0.001375
2026_04,MiniMini+,Dariusz,BW,0.0010800000000000002,MiniMini+,MiniMini+,MiniMini+ [MiniMini],0.001465
2026_04,teleTOON+,Dariusz,BW,0.000529,teleTOON+,teleTOON+,teleTOON+ [ZigZap/Hyper],0.000268
2026_04,Novelas+,Agata,BW,0.0021079999999999996,Novelas+,Novelas,Novelas,0.001664
2026_04,CANAL+ KUCHNIA,Wiola,BW,0.0008129999999999999,CANAL+ KUCHNIA,CANAL+ KUCHNIA,CANAL+ KUCHNIA [kuchnia+],0.000927
2026_04,Canal+ 360,Rafał,BW,0.0011,Canal+ 360,CANAL+ 360,Canal+ 360 [Canal+ Family],0.001015
2026_04,Canal+ Sport,Łukasz,BW,0.0008,Canal+ Sport,Canal+ Sport,CANAL+ SPORT [Canal+ Niebieski],0.0019
2026_04,Canal+ Sport2,Adam,BW,0.0009,Canal+ Sport2,Canal+ Sport2,CANAL+ SPORT2,0.000865
2026_04,Canal+ Sport3,Adam,BW,0.002859,Canal+ Sport3,CANAL+ SPORT3,CANAL+ SPORT3,0.002997
2026_04,Canal+ Sport4,Rafał,BW,0.0001,Canal+ Sport4,CANAL+ SPORT4,CANAL+ SPORT4,0.000229
2026_04,Canal+ Sport5,Rafał,BW,0.0006,Canal+ Sport5,Canal+ SPORT5,CANAL+ SPORT5 [nSport+],0.002111
2026_04,CANAL+ Extra1,Łukasz,BW,0.0008,CANAL+ Extra1,CANAL+ Extra 1,CANAL+ EXTRA 1,0.002026
2026_04,CANAL+ Extra2,Łukasz,BW,0.000361,CANAL+ Extra2,CANAL+ Extra 2,CANAL+ EXTRA 2,
2026_04,Viasat True Crime,Rafał,BW,0.00035099999999999997,Viasat True Crime,Viasat True Crime,Viasat True Crime,0.000248
2026_04,Novelas+1,Agata,BW,4.9999999999999996e-05,Novelas+1,Novelas+1,Novelas+1 [DIZI],0.0001
2026_04,Kabaret TV,Rafał,BW,0.0017749999999999999,Kabaret TV,Kabaret TV,Kabaret TV,0.001864
2026_04,Polsat News Polityka,Dariusz,BW,0.000546,Polsat News Polityka,Polsat News Polityka,Polsat News Polityka,0.000578
2026_04,Kanał Zero,Wiola,BW,0.0002,Kanał Zero,ZERO,ZERO,
2026_04,CANAL+ Seriale,Wiola,BW,0.000171,CANAL+ Seriale,Canal+ Seriale,Canal+ Seriale [Canal+ Film 2],0.000134
2026_04,CANAL+ Dokument,Wiola,BW,0.000332,CANAL+ Dokument,Canal+ Dokument,Canal+ Dokument [Canal+ Discovery],0.000279
2026_04,DocuBox,Dariusz,BW,0.0001,DocuBox,DocuBox,DocuBox,9.2e-05
2026_04,FILMBOX Action,Rafał,BW,0.000229,FILMBOX Action,FILMBOX+ Action,FILMBOX+ Action [FILMBOX Action],0.000282
2026_04,FILMBOX Extra,Rafał,BW,0.000105,FILMBOX Extra,FILMBOX+ Emotion,FILMBOX+ Emotion [FILMBOX Extra],0.000155
2026_04,FILMBOX Family,Rafał,BW,0.000175,FILMBOX Family,FILMBOX+ Comedy,FILMBOX+ Comedy [FILMBOX Family],0.000166
2026_04,TVN,,BW,0.085,TVN,TVN,TVN,0.087802
2026_04,TVP1,,BW,0.046,TVP1,TVP1,TVP1,0.044136
2026_04,TVP2,,BW,0.047,TVP2,TVP2,TVP2,0.046537
2026_04,Polsat,Maciej,KB,0.0751,Polsat,Polsat,Polsat,0.08024
2026_04,Fokus TV,Adam,KB,0.0073,Fokus TV,Fokus TV,Fokus TV,0.007369
2026_04,Nowa TV,Adam,KB,0.004,Nowa TV,Nowa TV,Nowa TV,0.003468
2026_04,Eleven Sports 1,Adam,KB,0.0035,Eleven Sports 1,Eleven Sports 1,Eleven Sports 1 [Eleven],0.001933
2026_04,Disco Polo Music,Adam,KB,0.0006,Disco Polo Music,Disco Polo Music,Disco Polo Music,0.000578
2026_04,Puls 2,Agata,KB,0.0142,Puls 2,Puls 2,Puls 2,0.018984
2026_04,Zoom TV,Agata,KB,0.0042,Zoom TV,ZOOM,ZOOM [Zoom TV],0.004185
2026_04,SPI Kino Polska,Agata,KB,0.0028,SPI Kino Polska,Kino Polska,Kino Polska,0.002887
2026_04,History,Agata,KB,0.003,History,History,HISTORY,0.003571
2026_04,CI Polsat,Agata,KB,0.0011,CI Polsat,CI Polsat,CI Polsat [Polsat Crime & Investigation Network],0.001147
2026_04,Polsat News,Dariusz,KB,0.0115,Polsat News,Polsat News,Polsat News,0.011153
2026_04,Stopklatka,Dariusz,KB,0.011,Stopklatka,Stopklatka,Stopklatka,0.011638
2026_04,Wydarzenia24,Dariusz,KB,0.0112,Wydarzenia24,Wydarzenia24,Wydarzenia 24 [Superstacja],0.010886
2026_04,Puls,Łukasz,KB,0.0402,Puls,TV PULS,TV PULS [PULS],0.040049
2026_04,Polsat 2,Łukasz,KB,0.0075,Polsat 2,Polsat2,Polsat2,0.006587
2026_04,Polsat Film,Łukasz,KB,0.0057,Polsat Film,Polsat Film,Polsat Film,0.005718
2026_04,Polsat Sport 1,Łukasz,KB,0.0042,Polsat Sport 1,Polsat Sport 1,Polsat Sport 1 [Polsat Sport],0.00276
2026_04,Polsat Viasat History,Łukasz,KB,0.0015,Polsat Viasat History,Polsat Viasat History,Polsat Viasat History [Viasat History],0.001312
2026_04,Polsat Viasat Explore,Łukasz,KB,0.0012,Polsat Viasat Explore,Polsat Viasat Explore,Polsat Viasat Explore [Polsat Viasat Explorer],0.000918
2026_04,Szóstka,Piotr,KB,0.0183,Szóstka,TV6,TV6,0.016708
2026_04,Super Polsat,Piotr,KB,0.012,Super Polsat,Super Polsat,Super Polsat [Polsat Sport News],0.011981
2026_04,WPOLSCE24,Piotr,KB,0.0082,WPOLSCE24,wPolsce24,wPolsce24 [Telewizja WPOLSCE.PL],0.007797
2026_04,AXN,Piotr,KB,0.0032,AXN,AXN,AXN,0.003103
2026_04,BBC First,Piotr,KB,0.0017,BBC First,BBC First,BBC First [BBC HD],0.003053
2026_04,Polsat Play,Rafał,KB,0.0037,Polsat Play,Polsat Play,Polsat Play,0.003223
2026_04,Polo TV,Rafał,KB,0.0031,Polo TV,Polo TV,Polo TV,0.002596
2026_04,SPI Kino TV,Rafał,KB,0.0035,SPI Kino TV,FILMBOX+ One,FILMBOX+ One [Kino TV],0.00237
2026_04,Eska TV,Rafał,KB,0.003,Eska TV,Eska TV [8TV],Eska TV [8TV],0.003174
2026_04,AMC,Rafał,KB,0.002,AMC,AMC,AMC [MGM],0.002359
2026_04,Czwórka,Wiola,KB,0.033,Czwórka,TV4 pl,TV4,0.031915
2026_04,TV Republika,Wiola,KB,0.0352,TV Republika,Republika,Republika [TV Republika],0.031812
2026_04,WP,Wiola,KB,0.0052,WP,WP,WP,0.004906
2026_04,Polsat Seriale,Wiola,KB,0.0038,Polsat Seriale,Polsat Seriale,Polsat Seriale [Polsat Romans],0.004315
2026_04,Polsat Cafe,Wiola,KB,0.0031,Polsat Cafe,Polsat Cafe,Polsat Cafe,0.002385
2026_04,NBCU 13 Ulica,Wiola,KB,0.0018,NBCU 13 Ulica,13 Ulica,13 Ulica [13th Street Universal],0.001539
2026_04,4FUN.TV,Wiola,KB,0.0018,4FUN.TV,4FUN.TV,4FUN.TV [4fun.tv],0.001837
2026_04,Stars.tv,Wiola,KB,0.0018,Stars.tv,Stars.tv,Stars.tv,0.002444
2026_04,BBC Earth,Piotr,KB,0.0018,BBC Earth,BBC Earth,BBC Earth [BBC Knowledge],0.001575
2026_04,AXN White,Piotr,KB,0.0007,AXN White,AXN White,AXN White [AXN Crime],0.000591
2026_04,History2,Agata,KB,0.0019,History2,History2 [H2],HISTORY2 [H2],0.001998
2026_04,Polsat Doku,Dariusz,KB,0.0011,Polsat Doku,Polsat Doku,Polsat Doku,0.000927
2026_04,Polsat Sport 2,Adam,KB,0.001,Polsat Sport 2,Polsat Sport 2,Polsat Sport 2 [Polsat Sport Extra],0.000733
2026_04,Polsat JimJam,Dariusz,KB,0.0007,Polsat JimJam,Polsat JimJam,Polsat JimJam [JimJam],0.000712
2026_04,Epic Drama,Łukasz,KB,0.0009,Epic Drama,Viasat Epic Drama,Viasat Epic Drama [Epic Drama],0.000694
2026_04,NBCU SciFi Universal,Łukasz,KB,0.001,NBCU SciFi Universal,Scifi Universal,Scifi Universal,0.000762
2026_04,4FUN KIDS,Wiola,KB,0.0005,4FUN KIDS,4FUN KIDS,4FUN KIDS [4FUN GOLD],0.000285
2026_04,Polsat News 2,Dariusz,KB,0.0006,Polsat News 2,Polsat News 2,Polsat News 2 [Polsat Biznes],0.000819
2026_04,BBC CBeebies,Dariusz,KB,0.0014,BBC CBeebies,BBC CBeebies,BBC CBeebies,0.000742
2026_04,AXN Black,Piotr,KB,0.0019,AXN Black,AXN Black,AXN Black [AXN Sci-Fi],0.001196
2026_04,Polsat Rodzina,Piotr,KB,0.0011,Polsat Rodzina,Polsat Rodzina,Polsat Rodzina,0.000978
2026_04,SPI Kino Polska Muzyka,Agata,KB,0.0005,SPI Kino Polska Muzyka,Kino Polska Muzyka,Kino Polska Muzyka,0.000364
2026_04,Polsat Viasat Nature,Łukasz,KB,0.0005,Polsat Viasat Nature,Polsat Viasat Nature,Polsat Viasat Nature [Viasat Nature],0.00035
2026_04,TELE5,Adam,KB,0.0008,TELE5,Tele5,Tele5,0.000746
2026_04,BBC Brit,Piotr,KB,0.0006,BBC Brit,BBC Brit,BBC Brit [BBC Entertainment],0.00085
2026_04,Eska TV Extra,Adam,KB,0.0004,Eska TV Extra,Eska Extra [Eska TV],Eska TV Extra [Eska TV],0.000382
2026_04,BBC Lifestyle,Piotr,KB,0.0006,BBC Lifestyle,BBC Lifestyle,BBC Lifestyle,0.000403
2026_04,4FUN DANCE,Wiola,KB,0.0004,4FUN DANCE,4FUN DANCE,4FUN DANCE [4FUN FIT&DANCE],0.000483
2026_04,Polsat Music,Piotr,KB,0.0003,Polsat Music,Polsat Music HD,Polsat Music HD [Muzo.tv],0.000344
2026_04,Polsat Games,Łukasz,KB,0.0004,Polsat Games,Polsat Games,Polsat Games,0.000216
2026_04,Polsat Sport 3,Rafał,KB,0.0006,Polsat Sport 3,Polsat Sport 3,Polsat Sport 3 [Polsat Sport News HD],0.000382
2026_04,Extreme Sports,Łukasz,KB,0.0001,Extreme Sports,Extreme Sports,Extreme Sports,2.9e-05
2026_04,Vox Music TV,Adam,KB,0.0002,Vox Music TV,Vox Music TV,Vox Music TV,0.000253
2026_04,AXN Spin,Piotr,KB,0.0001,AXN Spin,AXN Spin,AXN Spin,0.000159
2026_04,Eska Rock TV,Adam,KB,0.0003,Eska Rock TV,Eska Rock TV,Eska Rock TV [HIP HOP TV],0.000306
2026_04,Eleven Sports 2,Łukasz,KB,0.001,Eleven Sports 2,Eleven Sports 2,Eleven Sports 2 [Eleven Sports],0.000403
2026_04,NBCU E Entertainment,Wiola,KB,0.0001,NBCU E Entertainment,E!Entertainment,E!Entertainment [E!],6.8e-05
2026_04,POLONIA1,Adam,KB,0.0002,POLONIA1,Polonia 1,Polonia1,0.000275
2026_04,Sundance TV,Agata,KB,0.0002,Sundance TV,Sundance Channel,Sundance Channel,0.000168
2026_04,Novela TV,Dariusz,KB,0.0001,Novela TV,Novela TV,Novela TV,6.3e-05
2026_04,SPI Gametoon,Agata,KB,0.0001,SPI Gametoon,Gametoon,Gametoon,1.2e-05
2026_04,Golf Zone,Agata,KB,0.0001,Golf Zone,Golf Zone,Golf Zone [Golf Channel Polska],6.4e-05
2026_04,Water Planet,Adam,KB,0.0001,Water Planet,Water Planet,Water Planet [CSB TV],4.2e-05
2026_04,Polsat Film 2,Łukasz,KB,0.0005,Polsat Film 2,Polsat Film 2,Polsat Film 2,0.000433
2026_04,Polsat Reality,Rafał,KB,0.0005,Polsat Reality,Polsat Reality,Polsat Reality,0.000444
2026_04,Polsat X,Rafał,KB,0.0004,Polsat X,Polsat X,Polsat X,0.000325
2026_04,DaVinci,Dariusz,KB,0.0001,DaVinci,Da Vinci,Da Vinci [Da Vinci Learning],0.000187
2026_04,TVT,Adam,KB,0.0001,TVT,TVT,TVT,2.1e-05
2026_04,FILMBOX Premium,Łukasz,KB,0.0003,FILMBOX Premium,FILMBOX+ Hits,FILMBOX+ Hits [FILMBOX Premium],0.00023
2026_04,Ale Kino+,Agata,KB,0.0014,Ale Kino+,Ale Kino+,Ale Kino+ [Ale Kino],0.001161
2026_04,Canal+ Domo,Wiola,KB,0.0011,Canal+ Domo,CANAL+ DOMO,CANAL+ DOMO [Domo+],0.000981
2026_04,Planete+,Dariusz,KB,0.0014,Planete+,Planete+,Planete+ [Planete],0.001375
2026_04,MiniMini+,Dariusz,KB,0.001,MiniMini+,MiniMini+,MiniMini+ [MiniMini],0.001465
2026_04,teleTOON+,Dariusz,KB,0.0005,teleTOON+,teleTOON+,teleTOON+ [ZigZap/Hyper],0.000268
2026_04,Novelas+,Agata,KB,0.0021,Novelas+,Novelas,Novelas,0.001664
2026_04,CANAL+ KUCHNIA,Wiola,KB,0.001,CANAL+ KUCHNIA,CANAL+ KUCHNIA,CANAL+ KUCHNIA [kuchnia+],0.000927
2026_04,Canal+ 360,Rafał,KB,0.001,Canal+ 360,CANAL+ 360,Canal+ 360 [Canal+ Family],0.001015
2026_04,Canal+ Sport,Łukasz,KB,0.0006,Canal+ Sport,Canal+ Sport,CANAL+ SPORT [Canal+ Niebieski],0.0019
2026_04,Canal+ Sport2,Adam,KB,0.001,Canal+ Sport2,Canal+ Sport2,CANAL+ SPORT2,0.000865
2026_04,Canal+ Sport3,Adam,KB,0.0035,Canal+ Sport3,CANAL+ SPORT3,CANAL+ SPORT3,0.002997
2026_04,Canal+ Sport4,Rafał,KB,0.0001,Canal+ Sport4,CANAL+ SPORT4,CANAL+ SPORT4,0.000229
2026_04,Canal+ Sport5,Rafał,KB,0.0009,Canal+ Sport5,Canal+ SPORT5,CANAL+ SPORT5 [nSport+],0.002111
2026_04,CANAL+ Extra1,Łukasz,KB,0.001,CANAL+ Extra1,CANAL+ Extra 1,CANAL+ EXTRA 1,0.002026
2026_04,CANAL+ Extra2,Łukasz,KB,0.0005,CANAL+ Extra2,CANAL+ Extra 2,CANAL+ EXTRA 2,
2026_04,Viasat True Crime,Rafał,KB,0.0003,Viasat True Crime,Viasat True Crime,Viasat True Crime,0.000248
2026_04,Novelas+1,Agata,KB,0.0001,Novelas+1,Novelas+1,Novelas+1 [DIZI],0.0001
2026_04,Kabaret TV,Rafał,KB,0.002,Kabaret TV,Kabaret TV,Kabaret TV,0.001864
2026_04,Polsat News Polityka,Dariusz,KB,0.0005,Polsat News Polityka,Polsat News Polityka,Polsat News Polityka,0.000578
2026_04,Kanał Zero,Wiola,KB,0.0002,Kanał Zero,ZERO,ZERO,
2026_04,CANAL+ Seriale,Wiola,KB,0.0003,CANAL+ Seriale,Canal+ Seriale,Canal+ Seriale [Canal+ Film 2],0.000134
2026_04,CANAL+ Dokument,Wiola,KB,0.0001,CANAL+ Dokument,Canal+ Dokument,Canal+ Dokument [Canal+ Discovery],0.000279
2026_04,DocuBox,Dariusz,KB,0.0002,DocuBox,DocuBox,DocuBox,9.2e-05
2026_04,FILMBOX Action,Rafał,KB,0.0002,FILMBOX Action,FILMBOX+ Action,FILMBOX+ Action [FILMBOX Action],0.000282
2026_04,FILMBOX Extra,Rafał,KB,0.0002,FILMBOX Extra,FILMBOX+ Emotion,FILMBOX+ Emotion [FILMBOX Extra],0.000155
2026_04,FILMBOX Family,Rafał,KB,0.0002,FILMBOX Family,FILMBOX+ Comedy,FILMBOX+ Comedy [FILMBOX Family],0.000166
2026_04,TVN,,KB,0.0852,TVN,TVN,TVN,0.087802
2026_04,TVP1,,KB,0.0459,TVP1,TVP1,TVP1,0.044136
2026_04,TVP2,,KB,0.0465,TVP2,TVP2,TVP2,0.046537
2026_04,Polsat,Maciej,BD,0.0765956053255998,Polsat,Polsat,Polsat,0.08024
2026_04,Fokus TV,Adam,BD,0.00800171579070877,Fokus TV,Fokus TV,Fokus TV,0.007369
2026_04,Nowa TV,Adam,BD,0.003944142702514622,Nowa TV,Nowa TV,Nowa TV,0.003468
2026_04,Eleven Sports 1,Adam,BD,0.003253279348467511,Eleven Sports 1,Eleven Sports 1,Eleven Sports 1 [Eleven],0.001933
2026_04,Disco Polo Music,Adam,BD,0.000750156922674292,Disco Polo Music,Disco Polo Music,Disco Polo Music,0.000578
2026_04,Puls 2,Agata,BD,0.0148727169793838,Puls 2,Puls 2,Puls 2,0.018984
2026_04,Zoom TV,Agata,BD,0.004456742574656655,Zoom TV,ZOOM,ZOOM [Zoom TV],0.004185
2026_04,SPI Kino Polska,Agata,BD,0.002631927512569222,SPI Kino Polska,Kino Polska,Kino Polska,0.002887
2026_04,History,Agata,BD,0.00334451922772429,History,History,HISTORY,0.003571
2026_04,CI Polsat,Agata,BD,0.0012237428763184597,CI Polsat,CI Polsat,CI Polsat [Polsat Crime & Investigation Network],0.001147
2026_04,Polsat News,Dariusz,BD,0.01212155,Polsat News,Polsat News,Polsat News,0.011153
2026_04,Stopklatka,Dariusz,BD,0.010685266799521722,Stopklatka,Stopklatka,Stopklatka,0.011638
2026_04,Wydarzenia24,Dariusz,BD,0.010704300013257324,Wydarzenia24,Wydarzenia24,Wydarzenia 24 [Superstacja],0.010886
2026_04,Puls,Łukasz,BD,0.0402150818706165,Puls,TV PULS,TV PULS [PULS],0.040049
2026_04,Polsat 2,Łukasz,BD,0.007726334195550957,Polsat 2,Polsat2,Polsat2,0.006587
2026_04,Polsat Film,Łukasz,BD,0.005060678656121944,Polsat Film,Polsat Film,Polsat Film,0.005718
2026_04,Polsat Sport 1,Łukasz,BD,0.0036947711815041957,Polsat Sport 1,Polsat Sport 1,Polsat Sport 1 [Polsat Sport],0.00276
2026_04,Polsat Viasat History,Łukasz,BD,0.0010890007351357978,Polsat Viasat History,Polsat Viasat History,Polsat Viasat History [Viasat History],0.001312
2026_04,Polsat Viasat Explore,Łukasz,BD,0.0010743898623279098,Polsat Viasat Explore,Polsat Viasat Explore,Polsat Viasat Explore [Polsat Viasat Explorer],0.000918
2026_04,Szóstka,Piotr,BD,0.019061332683254602,Szóstka,TV6,TV6,0.016708
2026_04,Super Polsat,Piotr,BD,0.012565523655723776,Super Polsat,Super Polsat,Super Polsat [Polsat Sport News],0.011981
2026_04,WPOLSCE24,Piotr,BD,0.008992952380952381,WPOLSCE24,wPolsce24,wPolsce24 [Telewizja WPOLSCE.PL],0.007797
2026_04,AXN,Piotr,BD,0.00327265330042956,AXN,AXN,AXN,0.003103
2026_04,BBC First,Piotr,BD,0.00197510382600718,BBC First,BBC First,BBC First [BBC HD],0.003053
2026_04,Polsat Play,Rafał,BD,0.0032328141986315683,Polsat Play,Polsat Play,Polsat Play,0.003223
2026_04,Polo TV,Rafał,BD,0.0033055027194643367,Polo TV,Polo TV,Polo TV,0.002596
2026_04,SPI Kino TV,Rafał,BD,0.00280772249743228,SPI Kino TV,FILMBOX+ One,FILMBOX+ One [Kino TV],0.00237
2026_04,Eska TV,Rafał,BD,0.00285466994838991,Eska TV,Eska TV [8TV],Eska TV [8TV],0.003174
2026_04,AMC,Rafał,BD,0.0019000905422472375,AMC,AMC,AMC [MGM],0.002359
2026_04,Czwórka,Wiola,BD,0.032579197436381956,Czwórka,TV4 pl,TV4,0.031915
2026_04,TV Republika,Wiola,BD,0.03448033866266314,TV Republika,Republika,Republika [TV Republika],0.031812
2026_04,WP,Wiola,BD,0.0051414888183981,WP,WP,WP,0.004906
2026_04,Polsat Seriale,Wiola,BD,0.003766734161317052,Polsat Seriale,Polsat Seriale,Polsat Seriale [Polsat Romans],0.004315
2026_04,Polsat Cafe,Wiola,BD,0.0029889416811438455,Polsat Cafe,Polsat Cafe,Polsat Cafe,0.002385
2026_04,NBCU 13 Ulica,Wiola,BD,0.0021276805399325083,NBCU 13 Ulica,13 Ulica,13 Ulica [13th Street Universal],0.001539
2026_04,4FUN.TV,Wiola,BD,0.0017831069743368,4FUN.TV,4FUN.TV,4FUN.TV [4fun.tv],0.001837
2026_04,Stars.tv,Wiola,BD,0.002121420184101741,Stars.tv,Stars.tv,Stars.tv,0.002444
2026_04,BBC Earth,Piotr,BD,0.0015845850879609223,BBC Earth,BBC Earth,BBC Earth [BBC Knowledge],0.001575
2026_04,AXN White,Piotr,BD,0.0006142105954392706,AXN White,AXN White,AXN White [AXN Crime],0.000591
2026_04,History2,Agata,BD,0.001856,History2,History2 [H2],HISTORY2 [H2],0.001998
2026_04,Polsat Doku,Dariusz,BD,0.0009660494321977289,Polsat Doku,Polsat Doku,Polsat Doku,0.000927
2026_04,Polsat Sport 2,Adam,BD,0.001017,Polsat Sport 2,Polsat Sport 2,Polsat Sport 2 [Polsat Sport Extra],0.000733
2026_04,Polsat JimJam,Dariusz,BD,0.0008775959012086179,Polsat JimJam,Polsat JimJam,Polsat JimJam [JimJam],0.000712
2026_04,Epic Drama,Łukasz,BD,0.0009320880687572354,Epic Drama,Viasat Epic Drama,Viasat Epic Drama [Epic Drama],0.000694
2026_04,NBCU SciFi Universal,Łukasz,BD,0.001248895758175168,NBCU SciFi Universal,Scifi Universal,Scifi Universal,0.000762
2026_04,4FUN KIDS,Wiola,BD,0.0002236437989029326,4FUN KIDS,4FUN KIDS,4FUN KIDS [4FUN GOLD],0.000285
2026_04,Polsat News 2,Dariusz,BD,0.0006842,Polsat News 2,Polsat News 2,Polsat News 2 [Polsat Biznes],0.000819
2026_04,BBC CBeebies,Dariusz,BD,0.0014132609742852876,BBC CBeebies,BBC CBeebies,BBC CBeebies,0.000742
2026_04,AXN Black,Piotr,BD,0.0020298446917909954,AXN Black,AXN Black,AXN Black [AXN Sci-Fi],0.001196
2026_04,Polsat Rodzina,Piotr,BD,0.0008064,Polsat Rodzina,Polsat Rodzina,Polsat Rodzina,0.000978
2026_04,SPI Kino Polska Muzyka,Agata,BD,0.00036354361121644933,SPI Kino Polska Muzyka,Kino Polska Muzyka,Kino Polska Muzyka,0.000364
2026_04,Polsat Viasat Nature,Łukasz,BD,0.0004983117384985524,Polsat Viasat Nature,Polsat Viasat Nature,Polsat Viasat Nature [Viasat Nature],0.00035
2026_04,TELE5,Adam,BD,0.0008492720445289792,TELE5,Tele5,Tele5,0.000746
2026_04,BBC Brit,Piotr,BD,0.0006721691872893987,BBC Brit,BBC Brit,BBC Brit [BBC Entertainment],0.00085
2026_04,Eska TV Extra,Adam,BD,0.00039080905055656267,Eska TV Extra,Eska Extra [Eska TV],Eska TV Extra [Eska TV],0.000382
2026_04,BBC Lifestyle,Piotr,BD,0.0006444201932738653,BBC Lifestyle,BBC Lifestyle,BBC Lifestyle,0.000403
2026_04,4FUN DANCE,Wiola,BD,0.00047770000000000006,4FUN DANCE,4FUN DANCE,4FUN DANCE [4FUN FIT&DANCE],0.000483
2026_04,Polsat Music,Piotr,BD,0.00024504113096599704,Polsat Music,Polsat Music HD,Polsat Music HD [Muzo.tv],0.000344
2026_04,Polsat Games,Łukasz,BD,0.0003480101573827819,Polsat Games,Polsat Games,Polsat Games,0.000216
2026_04,Polsat Sport 3,Rafał,BD,0.0003578287446917618,Polsat Sport 3,Polsat Sport 3,Polsat Sport 3 [Polsat Sport News HD],0.000382
2026_04,Extreme Sports,Łukasz,BD,0.00012982962931888743,Extreme Sports,Extreme Sports,Extreme Sports,2.9e-05
2026_04,Vox Music TV,Adam,BD,0.00023340317858503592,Vox Music TV,Vox Music TV,Vox Music TV,0.000253
2026_04,AXN Spin,Piotr,BD,0.00015188565688661543,AXN Spin,AXN Spin,AXN Spin,0.000159
2026_04,Eska Rock TV,Adam,BD,0.0003576638609984751,Eska Rock TV,Eska Rock TV,Eska Rock TV [HIP HOP TV],0.000306
2026_04,Eleven Sports 2,Łukasz,BD,0.001007642656098474,Eleven Sports 2,Eleven Sports 2,Eleven Sports 2 [Eleven Sports],0.000403
2026_04,NBCU E Entertainment,Wiola,BD,0.00011585770788960483,NBCU E Entertainment,E!Entertainment,E!Entertainment [E!],6.8e-05
2026_04,POLONIA1,Adam,BD,0.00018026335055986223,POLONIA1,Polonia 1,Polonia1,0.000275
2026_04,Sundance TV,Agata,BD,0.00013773972141950674,Sundance TV,Sundance Channel,Sundance Channel,0.000168
2026_04,Novela TV,Dariusz,BD,7.043289571592756e-05,Novela TV,Novela TV,Novela TV,6.3e-05
2026_04,SPI Gametoon,Agata,BD,1.5968990246565726e-05,SPI Gametoon,Gametoon,Gametoon,1.2e-05
2026_04,Golf Zone,Agata,BD,6.965114638447972e-05,Golf Zone,Golf Zone,Golf Zone [Golf Channel Polska],6.4e-05
2026_04,Water Planet,Adam,BD,0.00010429601147476536,Water Planet,Water Planet,Water Planet [CSB TV],4.2e-05
2026_04,Polsat Film 2,Łukasz,BD,0.000487,Polsat Film 2,Polsat Film 2,Polsat Film 2,0.000433
2026_04,Polsat Reality,Rafał,BD,0.00061,Polsat Reality,Polsat Reality,Polsat Reality,0.000444
2026_04,Polsat X,Rafał,BD,0.000398266666666666,Polsat X,Polsat X,Polsat X,0.000325
2026_04,DaVinci,Dariusz,BD,6.29746318311815e-05,DaVinci,Da Vinci,Da Vinci [Da Vinci Learning],0.000187
2026_04,TVT,Adam,BD,7.133333333333334e-05,TVT,TVT,TVT,2.1e-05
2026_04,FILMBOX Premium,Łukasz,BD,0.00027335577019587314,FILMBOX Premium,FILMBOX+ Hits,FILMBOX+ Hits [FILMBOX Premium],0.00023
2026_04,Ale Kino+,Agata,BD,0.0016525036519422077,Ale Kino+,Ale Kino+,Ale Kino+ [Ale Kino],0.001161
2026_04,Canal+ Domo,Wiola,BD,0.0012350999999999998,Canal+ Domo,CANAL+ DOMO,CANAL+ DOMO [Domo+],0.000981
2026_04,Planete+,Dariusz,BD,0.0015136114769364111,Planete+,Planete+,Planete+ [Planete],0.001375
2026_04,MiniMini+,Dariusz,BD,0.0012210011049441471,MiniMini+,MiniMini+,MiniMini+ [MiniMini],0.001465
2026_04,teleTOON+,Dariusz,BD,0.00033206841598056193,teleTOON+,teleTOON+,teleTOON+ [ZigZap/Hyper],0.000268
2026_04,Novelas+,Agata,BD,0.0020001709090909,Novelas+,Novelas,Novelas,0.001664
2026_04,CANAL+ KUCHNIA,Wiola,BD,0.0010930993694432663,CANAL+ KUCHNIA,CANAL+ KUCHNIA,CANAL+ KUCHNIA [kuchnia+],0.000927
2026_04,Canal+ 360,Rafał,BD,0.001126696768065427,Canal+ 360,CANAL+ 360,Canal+ 360 [Canal+ Family],0.001015
2026_04,Canal+ Sport,Łukasz,BD,0.0007600762162707559,Canal+ Sport,Canal+ Sport,CANAL+ SPORT [Canal+ Niebieski],0.0019
2026_04,Canal+ Sport2,Adam,BD,0.0008446805460635202,Canal+ Sport2,Canal+ Sport2,CANAL+ SPORT2,0.000865
2026_04,Canal+ Sport3,Adam,BD,0.003451907321594069,Canal+ Sport3,CANAL+ SPORT3,CANAL+ SPORT3,0.002997
2026_04,Canal+ Sport4,Rafał,BD,0.00011165985396695139,Canal+ Sport4,CANAL+ SPORT4,CANAL+ SPORT4,0.000229
2026_04,Canal+ Sport5,Rafał,BD,0.001400565,Canal+ Sport5,Canal+ SPORT5,CANAL+ SPORT5 [nSport+],0.002111
2026_04,CANAL+ Extra1,Łukasz,BD,0.00076,CANAL+ Extra1,CANAL+ Extra 1,CANAL+ EXTRA 1,0.002026
2026_04,CANAL+ Extra2,Łukasz,BD,0.000403,CANAL+ Extra2,CANAL+ Extra 2,CANAL+ EXTRA 2,
2026_04,Viasat True Crime,Rafał,BD,0.0002757131202201674,Viasat True Crime,Viasat True Crime,Viasat True Crime,0.000248
2026_04,Novelas+1,Agata,BD,0.0001510882954128389,Novelas+1,Novelas+1,Novelas+1 [DIZI],0.0001
2026_04,Kabaret TV,Rafał,BD,0.0015493363819996323,Kabaret TV,Kabaret TV,Kabaret TV,0.001864
2026_04,Polsat News Polityka,Dariusz,BD,0.0005992767324458253,Polsat News Polityka,Polsat News Polityka,Polsat News Polityka,0.000578
2026_04,Kanał Zero,Wiola,BD,0.00031891,Kanał Zero,ZERO,ZERO,
2026_04,CANAL+ Seriale,Wiola,BD,0.00016933333333333332,CANAL+ Seriale,Canal+ Seriale,Canal+ Seriale [Canal+ Film 2],0.000134
2026_04,CANAL+ Dokument,Wiola,BD,0.0003226666666666667,CANAL+ Dokument,Canal+ Dokument,Canal+ Dokument [Canal+ Discovery],0.000279
2026_04,DocuBox,Dariusz,BD,7.2e-05,DocuBox,DocuBox,DocuBox,9.2e-05
2026_04,FILMBOX Action,Rafał,BD,0.0002466666666666667,FILMBOX Action,FILMBOX+ Action,FILMBOX+ Action [FILMBOX Action],0.000282
2026_04,FILMBOX Extra,Rafał,BD,0.00015733333333333335,FILMBOX Extra,FILMBOX+ Emotion,FILMBOX+ Emotion [FILMBOX Extra],0.000155
2026_04,FILMBOX Family,Rafał,BD,0.00018099999999999998,FILMBOX Family,FILMBOX+ Comedy,FILMBOX+ Comedy [FILMBOX Family],0.000166
2026_04,TVN,,BD,0.08495855,TVN,TVN,TVN,0.087802
2026_04,TVP1,,BD,0.04516727996787893,TVP1,TVP1,TVP1,0.044136
2026_04,TVP2,,BD,0.048790094863208074,TVP2,TVP2,TVP2,0.046537
2026_04,Polsat,Maciej,AK,0.0776691478302913,Polsat,Polsat,Polsat,0.08024
2026_04,Fokus TV,Adam,AK,0.008152610441767067,Fokus TV,Fokus TV,Fokus TV,0.007369
2026_04,Nowa TV,Adam,AK,0.00396131159301434,Nowa TV,Nowa TV,Nowa TV,0.003468
2026_04,Eleven Sports 1,Adam,AK,0.00289830642868623,Eleven Sports 1,Eleven Sports 1,Eleven Sports 1 [Eleven],0.001933
2026_04,Disco Polo Music,Adam,AK,0.000872105211406096,Disco Polo Music,Disco Polo Music,Disco Polo Music,0.000578
2026_04,Puls 2,Agata,AK,0.014892839352269737,Puls 2,Puls 2,Puls 2,0.018984
2026_04,Zoom TV,Agata,AK,0.0043312937834224605,Zoom TV,ZOOM,ZOOM [Zoom TV],0.004185
2026_04,SPI Kino Polska,Agata,AK,0.0025174578896850603,SPI Kino Polska,Kino Polska,Kino Polska,0.002887
2026_04,History,Agata,AK,0.0030004351767905705,History,History,HISTORY,0.003571
2026_04,CI Polsat,Agata,AK,0.0011819604519774014,CI Polsat,CI Polsat,CI Polsat [Polsat Crime & Investigation Network],0.001147
2026_04,Polsat News,Dariusz,AK,0.0116439365258199,Polsat News,Polsat News,Polsat News,0.011153
2026_04,Stopklatka,Dariusz,AK,0.0102804556161996,Stopklatka,Stopklatka,Stopklatka,0.011638
2026_04,Wydarzenia24,Dariusz,AK,0.0103007427213309,Wydarzenia24,Wydarzenia24,Wydarzenia 24 [Superstacja],0.010886
2026_04,Puls,Łukasz,AK,0.04013172826610296,Puls,TV PULS,TV PULS [PULS],0.040049
2026_04,Polsat 2,Łukasz,AK,0.007166378862523334,Polsat 2,Polsat2,Polsat2,0.006587
2026_04,Polsat Film,Łukasz,AK,0.0053315522296884495,Polsat Film,Polsat Film,Polsat Film,0.005718
2026_04,Polsat Sport 1,Łukasz,AK,0.004586927272913929,Polsat Sport 1,Polsat Sport 1,Polsat Sport 1 [Polsat Sport],0.00276
2026_04,Polsat Viasat History,Łukasz,AK,0.0010572478729438458,Polsat Viasat History,Polsat Viasat History,Polsat Viasat History [Viasat History],0.001312
2026_04,Polsat Viasat Explore,Łukasz,AK,0.00106774679394812,Polsat Viasat Explore,Polsat Viasat Explore,Polsat Viasat Explore [Polsat Viasat Explorer],0.000918
2026_04,Szóstka,Piotr,AK,0.018084000117116587,Szóstka,TV6,TV6,0.016708
2026_04,Super Polsat,Piotr,AK,0.012068551075519136,Super Polsat,Super Polsat,Super Polsat [Polsat Sport News],0.011981
2026_04,WPOLSCE24,Piotr,AK,0.009155532865347798,WPOLSCE24,wPolsce24,wPolsce24 [Telewizja WPOLSCE.PL],0.007797
2026_04,AXN,Piotr,AK,0.00294892938209332,AXN,AXN,AXN,0.003103
2026_04,BBC First,Piotr,AK,0.0018102497636105427,BBC First,BBC First,BBC First [BBC HD],0.003053
2026_04,Polsat Play,Rafał,AK,0.00274995951417004,Polsat Play,Polsat Play,Polsat Play,0.003223
2026_04,Polo TV,Rafał,AK,0.00309318195413759,Polo TV,Polo TV,Polo TV,0.002596
2026_04,SPI Kino TV,Rafał,AK,0.003502701397480447,SPI Kino TV,FILMBOX+ One,FILMBOX+ One [Kino TV],0.00237
2026_04,Eska TV,Rafał,AK,0.0035909072301885197,Eska TV,Eska TV [8TV],Eska TV [8TV],0.003174
2026_04,AMC,Rafał,AK,0.0016719599465954598,AMC,AMC,AMC [MGM],0.002359
2026_04,Czwórka,Wiola,AK,0.032884675138149,Czwórka,TV4 pl,TV4,0.031915
2026_04,TV Republika,Wiola,AK,0.035390387629641,TV Republika,Republika,Republika [TV Republika],0.031812
2026_04,WP,Wiola,AK,0.004648260197991594,WP,WP,WP,0.004906
2026_04,Polsat Seriale,Wiola,AK,0.00370288352393054,Polsat Seriale,Polsat Seriale,Polsat Seriale [Polsat Romans],0.004315
2026_04,Polsat Cafe,Wiola,AK,0.0028796937287311627,Polsat Cafe,Polsat Cafe,Polsat Cafe,0.002385
2026_04,NBCU 13 Ulica,Wiola,AK,0.002160207808007612,NBCU 13 Ulica,13 Ulica,13 Ulica [13th Street Universal],0.001539
2026_04,4FUN.TV,Wiola,AK,0.0017675236547683602,4FUN.TV,4FUN.TV,4FUN.TV [4fun.tv],0.001837
2026_04,Stars.tv,Wiola,AK,0.00216224470684039,Stars.tv,Stars.tv,Stars.tv,0.002444
2026_04,BBC Earth,Piotr,AK,0.00174493103448276,BBC Earth,BBC Earth,BBC Earth [BBC Knowledge],0.001575
2026_04,AXN White,Piotr,AK,0.00038284700742682393,AXN White,AXN White,AXN White [AXN Crime],0.000591
2026_04,History2,Agata,AK,0.0017369122440087145,History2,History2 [H2],HISTORY2 [H2],0.001998
2026_04,Polsat Doku,Dariusz,AK,0.0009207158956109133,Polsat Doku,Polsat Doku,Polsat Doku,0.000927
2026_04,Polsat Sport 2,Adam,AK,0.0006839956915881861,Polsat Sport 2,Polsat Sport 2,Polsat Sport 2 [Polsat Sport Extra],0.000733
2026_04,Polsat JimJam,Dariusz,AK,0.0008889921677581475,Polsat JimJam,Polsat JimJam,Polsat JimJam [JimJam],0.000712
2026_04,Epic Drama,Łukasz,AK,0.0009192857548445662,Epic Drama,Viasat Epic Drama,Viasat Epic Drama [Epic Drama],0.000694
2026_04,NBCU SciFi Universal,Łukasz,AK,0.0009909865470852,NBCU SciFi Universal,Scifi Universal,Scifi Universal,0.000762
2026_04,4FUN KIDS,Wiola,AK,0.00019252191641182468,4FUN KIDS,4FUN KIDS,4FUN KIDS [4FUN GOLD],0.000285
2026_04,Polsat News 2,Dariusz,AK,0.0007043276762402089,Polsat News 2,Polsat News 2,Polsat News 2 [Polsat Biznes],0.000819
2026_04,BBC CBeebies,Dariusz,AK,0.00092661778110584,BBC CBeebies,BBC CBeebies,BBC CBeebies,0.000742
2026_04,AXN Black,Piotr,AK,0.00199451084614307,AXN Black,AXN Black,AXN Black [AXN Sci-Fi],0.001196
2026_04,Polsat Rodzina,Piotr,AK,0.000986867265434493,Polsat Rodzina,Polsat Rodzina,Polsat Rodzina,0.000978
2026_04,SPI Kino Polska Muzyka,Agata,AK,0.00026477419354838707,SPI Kino Polska Muzyka,Kino Polska Muzyka,Kino Polska Muzyka,0.000364
2026_04,Polsat Viasat Nature,Łukasz,AK,0.00048411963120772246,Polsat Viasat Nature,Polsat Viasat Nature,Polsat Viasat Nature [Viasat Nature],0.00035
2026_04,TELE5,Adam,AK,0.0007877611940298508,TELE5,Tele5,Tele5,0.000746
2026_04,BBC Brit,Piotr,AK,0.0005586949084689012,BBC Brit,BBC Brit,BBC Brit [BBC Entertainment],0.00085
2026_04,Eska TV Extra,Adam,AK,0.00036094117647058797,Eska TV Extra,Eska Extra [Eska TV],Eska TV Extra [Eska TV],0.000382
2026_04,BBC Lifestyle,Piotr,AK,0.0008317157894736841,BBC Lifestyle,BBC Lifestyle,BBC Lifestyle,0.000403
2026_04,4FUN DANCE,Wiola,AK,0.0004116973089518842,4FUN DANCE,4FUN DANCE,4FUN DANCE [4FUN FIT&DANCE],0.000483
2026_04,Polsat Music,Piotr,AK,0.00021749557000978536,Polsat Music,Polsat Music HD,Polsat Music HD [Muzo.tv],0.000344
2026_04,Polsat Games,Łukasz,AK,0.0002365421133231241,Polsat Games,Polsat Games,Polsat Games,0.000216
2026_04,Polsat Sport 3,Rafał,AK,0.00037926583655798624,Polsat Sport 3,Polsat Sport 3,Polsat Sport 3 [Polsat Sport News HD],0.000382
2026_04,Extreme Sports,Łukasz,AK,6.357534246575343e-05,Extreme Sports,Extreme Sports,Extreme Sports,2.9e-05
2026_04,Vox Music TV,Adam,AK,0.00021840860894600095,Vox Music TV,Vox Music TV,Vox Music TV,0.000253
2026_04,AXN Spin,Piotr,AK,0.000167941496598639,AXN Spin,AXN Spin,AXN Spin,0.000159
2026_04,Eska Rock TV,Adam,AK,0.00015766310160427802,Eska Rock TV,Eska Rock TV,Eska Rock TV [HIP HOP TV],0.000306
2026_04,Eleven Sports 2,Łukasz,AK,0.0011219764205223962,Eleven Sports 2,Eleven Sports 2,Eleven Sports 2 [Eleven Sports],0.000403
2026_04,NBCU E Entertainment,Wiola,AK,9.032968574635241e-05,NBCU E Entertainment,E!Entertainment,E!Entertainment [E!],6.8e-05
2026_04,POLONIA1,Adam,AK,0.000276697674418605,POLONIA1,Polonia 1,Polonia1,0.000275
2026_04,Sundance TV,Agata,AK,0.0001620765765765766,Sundance TV,Sundance Channel,Sundance Channel,0.000168
2026_04,Novela TV,Dariusz,AK,6.4046511627907e-05,Novela TV,Novela TV,Novela TV,6.3e-05
2026_04,SPI Gametoon,Agata,AK,1.1687500000000001e-05,SPI Gametoon,Gametoon,Gametoon,1.2e-05
2026_04,Golf Zone,Agata,AK,4.8452380952381006e-05,Golf Zone,Golf Zone,Golf Zone [Golf Channel Polska],6.4e-05
2026_04,Water Planet,Adam,AK,7.6e-05,Water Planet,Water Planet,Water Planet [CSB TV],4.2e-05
2026_04,Polsat Film 2,Łukasz,AK,0.000468,Polsat Film 2,Polsat Film 2,Polsat Film 2,0.000433
2026_04,Polsat Reality,Rafał,AK,0.000543,Polsat Reality,Polsat Reality,Polsat Reality,0.000444
2026_04,Polsat X,Rafał,AK,0.00034875000000000005,Polsat X,Polsat X,Polsat X,0.000325
2026_04,DaVinci,Dariusz,AK,4.728684794672586e-05,DaVinci,Da Vinci,Da Vinci [Da Vinci Learning],0.000187
2026_04,TVT,Adam,AK,0.000136,TVT,TVT,TVT,2.1e-05
2026_04,FILMBOX Premium,Łukasz,AK,0.00029980204778157,FILMBOX Premium,FILMBOX+ Hits,FILMBOX+ Hits [FILMBOX Premium],0.00023
2026_04,Ale Kino+,Agata,AK,0.001478178452727165,Ale Kino+,Ale Kino+,Ale Kino+ [Ale Kino],0.001161
2026_04,Canal+ Domo,Wiola,AK,0.001170882972323388,Canal+ Domo,CANAL+ DOMO,CANAL+ DOMO [Domo+],0.000981
2026_04,Planete+,Dariusz,AK,0.0015792347544881199,Planete+,Planete+,Planete+ [Planete],0.001375
2026_04,MiniMini+,Dariusz,AK,0.0008807002207505518,MiniMini+,MiniMini+,MiniMini+ [MiniMini],0.001465
2026_04,teleTOON+,Dariusz,AK,0.000335496471433401,teleTOON+,teleTOON+,teleTOON+ [ZigZap/Hyper],0.000268
2026_04,Novelas+,Agata,AK,0.00228251182313571,Novelas+,Novelas,Novelas,0.001664
2026_04,CANAL+ KUCHNIA,Wiola,AK,0.0010532279855247288,CANAL+ KUCHNIA,CANAL+ KUCHNIA,CANAL+ KUCHNIA [kuchnia+],0.000927
2026_04,Canal+ 360,Rafał,AK,0.0009784106983985767,Canal+ 360,CANAL+ 360,Canal+ 360 [Canal+ Family],0.001015
2026_04,Canal+ Sport,Łukasz,AK,0.00106981959229291,Canal+ Sport,Canal+ Sport,CANAL+ SPORT [Canal+ Niebieski],0.0019
2026_04,Canal+ Sport2,Adam,AK,0.0005255724158653846,Canal+ Sport2,Canal+ Sport2,CANAL+ SPORT2,0.000865
2026_04,Canal+ Sport3,Adam,AK,0.0032519073215940704,Canal+ Sport3,CANAL+ SPORT3,CANAL+ SPORT3,0.002997
2026_04,Canal+ Sport4,Rafał,AK,0.000129870588235294,Canal+ Sport4,CANAL+ SPORT4,CANAL+ SPORT4,0.000229
2026_04,Canal+ Sport5,Rafał,AK,0.00152896621947024,Canal+ Sport5,Canal+ SPORT5,CANAL+ SPORT5 [nSport+],0.002111
2026_04,CANAL+ Extra1,Łukasz,AK,0.00147354838709677,CANAL+ Extra1,CANAL+ Extra 1,CANAL+ EXTRA 1,0.002026
2026_04,CANAL+ Extra2,Łukasz,AK,0.000431,CANAL+ Extra2,CANAL+ Extra 2,CANAL+ EXTRA 2,
2026_04,Viasat True Crime,Rafał,AK,0.00027925072046109506,Viasat True Crime,Viasat True Crime,Viasat True Crime,0.000248
2026_04,Novelas+1,Agata,AK,6.0151864978902964e-05,Novelas+1,Novelas+1,Novelas+1 [DIZI],0.0001
2026_04,Kabaret TV,Rafał,AK,0.0015579529524724,Kabaret TV,Kabaret TV,Kabaret TV,0.001864
2026_04,Polsat News Polityka,Dariusz,AK,0.0005749717892425911,Polsat News Polityka,Polsat News Polityka,Polsat News Polityka,0.000578
2026_04,Kanał Zero,Wiola,AK,8.325e-05,Kanał Zero,ZERO,ZERO,
2026_04,CANAL+ Seriale,Wiola,AK,0.00018475,CANAL+ Seriale,Canal+ Seriale,Canal+ Seriale [Canal+ Film 2],0.000134
2026_04,CANAL+ Dokument,Wiola,AK,0.00025824,CANAL+ Dokument,Canal+ Dokument,Canal+ Dokument [Canal+ Discovery],0.000279
2026_04,DocuBox,Dariusz,AK,6.36e-05,DocuBox,DocuBox,DocuBox,9.2e-05
2026_04,FILMBOX Action,Rafał,AK,0.00028345,FILMBOX Action,FILMBOX+ Action,FILMBOX+ Action [FILMBOX Action],0.000282
2026_04,FILMBOX Extra,Rafał,AK,0.00014923,FILMBOX Extra,FILMBOX+ Emotion,FILMBOX+ Emotion [FILMBOX Extra],0.000155
2026_04,FILMBOX Family,Rafał,AK,0.00019724100000000002,FILMBOX Family,FILMBOX+ Comedy,FILMBOX+ Comedy [FILMBOX Family],0.000166
2026_04,TVN,,AK,0.080675560376309,TVN,TVN,TVN,0.087802
2026_04,TVP1,,AK,0.0469248399816387,TVP1,TVP1,TVP1,0.044136
2026_04,TVP2,,AK,0.05017956461381454,TVP2,TVP2,TVP2,0.046537
2026_04,Polsat,Maciej,RD,0.0767,Polsat,Polsat,Polsat,0.08024
2026_04,Fokus TV,Adam,RD,0.00803,Fokus TV,Fokus TV,Fokus TV,0.007369
2026_04,Nowa TV,Adam,RD,0.003791,Nowa TV,Nowa TV,Nowa TV,0.003468
2026_04,Eleven Sports 1,Adam,RD,0.0028499999999999997,Eleven Sports 1,Eleven Sports 1,Eleven Sports 1 [Eleven],0.001933
2026_04,Disco Polo Music,Adam,RD,0.000611,Disco Polo Music,Disco Polo Music,Disco Polo Music,0.000578
2026_04,Puls 2,Agata,RD,0.015,Puls 2,Puls 2,Puls 2,0.018984
2026_04,Zoom TV,Agata,RD,0.00404,Zoom TV,ZOOM,ZOOM [Zoom TV],0.004185
2026_04,SPI Kino Polska,Agata,RD,0.0023,SPI Kino Polska,Kino Polska,Kino Polska,0.002887
2026_04,History,Agata,RD,0.0030399999999999997,History,History,HISTORY,0.003571
2026_04,CI Polsat,Agata,RD,0.001535,CI Polsat,CI Polsat,CI Polsat [Polsat Crime & Investigation Network],0.001147
2026_04,Polsat News,Dariusz,RD,0.0103,Polsat News,Polsat News,Polsat News,0.011153
2026_04,Stopklatka,Dariusz,RD,0.010837282660687807,Stopklatka,Stopklatka,Stopklatka,0.011638
2026_04,Wydarzenia24,Dariusz,RD,0.0103,Wydarzenia24,Wydarzenia24,Wydarzenia 24 [Superstacja],0.010886
2026_04,Puls,Łukasz,RD,0.03997,Puls,TV PULS,TV PULS [PULS],0.040049
2026_04,Polsat 2,Łukasz,RD,0.0073,Polsat 2,Polsat2,Polsat2,0.006587
2026_04,Polsat Film,Łukasz,RD,0.00523,Polsat Film,Polsat Film,Polsat Film,0.005718
2026_04,Polsat Sport 1,Łukasz,RD,0.0034999999999999996,Polsat Sport 1,Polsat Sport 1,Polsat Sport 1 [Polsat Sport],0.00276
2026_04,Polsat Viasat History,Łukasz,RD,0.00124,Polsat Viasat History,Polsat Viasat History,Polsat Viasat History [Viasat History],0.001312
2026_04,Polsat Viasat Explore,Łukasz,RD,0.001097,Polsat Viasat Explore,Polsat Viasat Explore,Polsat Viasat Explore [Polsat Viasat Explorer],0.000918
2026_04,Szóstka,Piotr,RD,0.0182,Szóstka,TV6,TV6,0.016708
2026_04,Super Polsat,Piotr,RD,0.0115,Super Polsat,Super Polsat,Super Polsat [Polsat Sport News],0.011981
2026_04,WPOLSCE24,Piotr,RD,0.00815,WPOLSCE24,wPolsce24,wPolsce24 [Telewizja WPOLSCE.PL],0.007797
2026_04,AXN,Piotr,RD,0.0027400000000000002,AXN,AXN,AXN,0.003103
2026_04,BBC First,Piotr,RD,0.002075,BBC First,BBC First,BBC First [BBC HD],0.003053
2026_04,Polsat Play,Rafał,RD,0.0034000000000000002,Polsat Play,Polsat Play,Polsat Play,0.003223
2026_04,Polo TV,Rafał,RD,0.00295,Polo TV,Polo TV,Polo TV,0.002596
2026_04,SPI Kino TV,Rafał,RD,0.0029,SPI Kino TV,FILMBOX+ One,FILMBOX+ One [Kino TV],0.00237
2026_04,Eska TV,Rafał,RD,0.0034999999999999996,Eska TV,Eska TV [8TV],Eska TV [8TV],0.003174
2026_04,AMC,Rafał,RD,0.0014000000000000002,AMC,AMC,AMC [MGM],0.002359
2026_04,Czwórka,Wiola,RD,0.0319,Czwórka,TV4 pl,TV4,0.031915
2026_04,TV Republika,Wiola,RD,0.0342,TV Republika,Republika,Republika [TV Republika],0.031812
2026_04,WP,Wiola,RD,0.00508,WP,WP,WP,0.004906
2026_04,Polsat Seriale,Wiola,RD,0.0039000000000000003,Polsat Seriale,Polsat Seriale,Polsat Seriale [Polsat Romans],0.004315
2026_04,Polsat Cafe,Wiola,RD,0.00298,Polsat Cafe,Polsat Cafe,Polsat Cafe,0.002385
2026_04,NBCU 13 Ulica,Wiola,RD,0.002157,NBCU 13 Ulica,13 Ulica,13 Ulica [13th Street Universal],0.001539
2026_04,4FUN.TV,Wiola,RD,0.0017000000000000001,4FUN.TV,4FUN.TV,4FUN.TV [4fun.tv],0.001837
2026_04,Stars.tv,Wiola,RD,0.002117,Stars.tv,Stars.tv,Stars.tv,0.002444
2026_04,BBC Earth,Piotr,RD,0.00168,BBC Earth,BBC Earth,BBC Earth [BBC Knowledge],0.001575
2026_04,AXN White,Piotr,RD,0.000588,AXN White,AXN White,AXN White [AXN Crime],0.000591
2026_04,History2,Agata,RD,0.001647,History2,History2 [H2],HISTORY2 [H2],0.001998
2026_04,Polsat Doku,Dariusz,RD,0.0009339999999999999,Polsat Doku,Polsat Doku,Polsat Doku,0.000927
2026_04,Polsat Sport 2,Adam,RD,0.0007000000000000001,Polsat Sport 2,Polsat Sport 2,Polsat Sport 2 [Polsat Sport Extra],0.000733
2026_04,Polsat JimJam,Dariusz,RD,0.00086,Polsat JimJam,Polsat JimJam,Polsat JimJam [JimJam],0.000712
2026_04,Epic Drama,Łukasz,RD,0.000805,Epic Drama,Viasat Epic Drama,Viasat Epic Drama [Epic Drama],0.000694
2026_04,NBCU SciFi Universal,Łukasz,RD,0.00106,NBCU SciFi Universal,Scifi Universal,Scifi Universal,0.000762
2026_04,4FUN KIDS,Wiola,RD,0.000274,4FUN KIDS,4FUN KIDS,4FUN KIDS [4FUN GOLD],0.000285
2026_04,Polsat News 2,Dariusz,RD,0.00065,Polsat News 2,Polsat News 2,Polsat News 2 [Polsat Biznes],0.000819
2026_04,BBC CBeebies,Dariusz,RD,0.0014449999999999999,BBC CBeebies,BBC CBeebies,BBC CBeebies,0.000742
2026_04,AXN Black,Piotr,RD,0.00191,AXN Black,AXN Black,AXN Black [AXN Sci-Fi],0.001196
2026_04,Polsat Rodzina,Piotr,RD,0.001085,Polsat Rodzina,Polsat Rodzina,Polsat Rodzina,0.000978
2026_04,SPI Kino Polska Muzyka,Agata,RD,0.000362,SPI Kino Polska Muzyka,Kino Polska Muzyka,Kino Polska Muzyka,0.000364
2026_04,Polsat Viasat Nature,Łukasz,RD,0.000606,Polsat Viasat Nature,Polsat Viasat Nature,Polsat Viasat Nature [Viasat Nature],0.00035
2026_04,TELE5,Adam,RD,0.000919,TELE5,Tele5,Tele5,0.000746
2026_04,BBC Brit,Piotr,RD,0.0006990000000000001,BBC Brit,BBC Brit,BBC Brit [BBC Entertainment],0.00085
2026_04,Eska TV Extra,Adam,RD,0.000371,Eska TV Extra,Eska Extra [Eska TV],Eska TV Extra [Eska TV],0.000382
2026_04,BBC Lifestyle,Piotr,RD,0.000649,BBC Lifestyle,BBC Lifestyle,BBC Lifestyle,0.000403
2026_04,4FUN DANCE,Wiola,RD,0.00040899999999999997,4FUN DANCE,4FUN DANCE,4FUN DANCE [4FUN FIT&DANCE],0.000483
2026_04,Polsat Music,Piotr,RD,0.000169,Polsat Music,Polsat Music HD,Polsat Music HD [Muzo.tv],0.000344
2026_04,Polsat Games,Łukasz,RD,0.000256,Polsat Games,Polsat Games,Polsat Games,0.000216
2026_04,Polsat Sport 3,Rafał,RD,0.00037999999999999997,Polsat Sport 3,Polsat Sport 3,Polsat Sport 3 [Polsat Sport News HD],0.000382
2026_04,Extreme Sports,Łukasz,RD,3.1e-05,Extreme Sports,Extreme Sports,Extreme Sports,2.9e-05
2026_04,Vox Music TV,Adam,RD,0.000172,Vox Music TV,Vox Music TV,Vox Music TV,0.000253
2026_04,AXN Spin,Piotr,RD,0.00010899999999999999,AXN Spin,AXN Spin,AXN Spin,0.000159
2026_04,Eska Rock TV,Adam,RD,0.00033099999999999997,Eska Rock TV,Eska Rock TV,Eska Rock TV [HIP HOP TV],0.000306
2026_04,Eleven Sports 2,Łukasz,RD,0.0007000000000000001,Eleven Sports 2,Eleven Sports 2,Eleven Sports 2 [Eleven Sports],0.000403
2026_04,NBCU E Entertainment,Wiola,RD,0.000177,NBCU E Entertainment,E!Entertainment,E!Entertainment [E!],6.8e-05
2026_04,POLONIA1,Adam,RD,0.000223,POLONIA1,Polonia 1,Polonia1,0.000275
2026_04,Sundance TV,Agata,RD,0.000164,Sundance TV,Sundance Channel,Sundance Channel,0.000168
2026_04,Novela TV,Dariusz,RD,9.2e-05,Novela TV,Novela TV,Novela TV,6.3e-05
2026_04,SPI Gametoon,Agata,RD,2e-05,SPI Gametoon,Gametoon,Gametoon,1.2e-05
2026_04,Golf Zone,Agata,RD,4.7999999999999994e-05,Golf Zone,Golf Zone,Golf Zone [Golf Channel Polska],6.4e-05
2026_04,Water Planet,Adam,RD,7.900000000000001e-05,Water Planet,Water Planet,Water Planet [CSB TV],4.2e-05
2026_04,Polsat Film 2,Łukasz,RD,0.000474,Polsat Film 2,Polsat Film 2,Polsat Film 2,0.000433
2026_04,Polsat Reality,Rafał,RD,0.00058,Polsat Reality,Polsat Reality,Polsat Reality,0.000444
2026_04,Polsat X,Rafał,RD,0.00034,Polsat X,Polsat X,Polsat X,0.000325
2026_04,DaVinci,Dariusz,RD,4.6e-05,DaVinci,Da Vinci,Da Vinci [Da Vinci Learning],0.000187
2026_04,TVT,Adam,RD,0.0001,TVT,TVT,TVT,2.1e-05
2026_04,FILMBOX Premium,Łukasz,RD,0.000184,FILMBOX Premium,FILMBOX+ Hits,FILMBOX+ Hits [FILMBOX Premium],0.00023
2026_04,Ale Kino+,Agata,RD,0.001575,Ale Kino+,Ale Kino+,Ale Kino+ [Ale Kino],0.001161
2026_04,Canal+ Domo,Wiola,RD,0.0010639999999999998,Canal+ Domo,CANAL+ DOMO,CANAL+ DOMO [Domo+],0.000981
2026_04,Planete+,Dariusz,RD,0.001378,Planete+,Planete+,Planete+ [Planete],0.001375
2026_04,MiniMini+,Dariusz,RD,0.0010119999999999999,MiniMini+,MiniMini+,MiniMini+ [MiniMini],0.001465
2026_04,teleTOON+,Dariusz,RD,0.000368,teleTOON+,teleTOON+,teleTOON+ [ZigZap/Hyper],0.000268
2026_04,Novelas+,Agata,RD,0.0023,Novelas+,Novelas,Novelas,0.001664
2026_04,CANAL+ KUCHNIA,Wiola,RD,0.0009660000000000001,CANAL+ KUCHNIA,CANAL+ KUCHNIA,CANAL+ KUCHNIA [kuchnia+],0.000927
2026_04,Canal+ 360,Rafał,RD,0.0011229999999999999,Canal+ 360,CANAL+ 360,Canal+ 360 [Canal+ Family],0.001015
2026_04,Canal+ Sport,Łukasz,RD,0.0007000000000000001,Canal+ Sport,Canal+ Sport,CANAL+ SPORT [Canal+ Niebieski],0.0019
2026_04,Canal+ Sport2,Adam,RD,0.00067,Canal+ Sport2,Canal+ Sport2,CANAL+ SPORT2,0.000865
2026_04,Canal+ Sport3,Adam,RD,0.0034000000000000002,Canal+ Sport3,CANAL+ SPORT3,CANAL+ SPORT3,0.002997
2026_04,Canal+ Sport4,Rafał,RD,9.499999999999999e-05,Canal+ Sport4,CANAL+ SPORT4,CANAL+ SPORT4,0.000229
2026_04,Canal+ Sport5,Rafał,RD,0.0017000000000000001,Canal+ Sport5,Canal+ SPORT5,CANAL+ SPORT5 [nSport+],0.002111
2026_04,CANAL+ Extra1,Łukasz,RD,0.0011,CANAL+ Extra1,CANAL+ Extra 1,CANAL+ EXTRA 1,0.002026
2026_04,CANAL+ Extra2,Łukasz,RD,0.0004,CANAL+ Extra2,CANAL+ Extra 2,CANAL+ EXTRA 2,
2026_04,Viasat True Crime,Rafał,RD,0.0003,Viasat True Crime,Viasat True Crime,Viasat True Crime,0.000248
2026_04,Novelas+1,Agata,RD,0.000144,Novelas+1,Novelas+1,Novelas+1 [DIZI],0.0001
2026_04,Kabaret TV,Rafał,RD,0.00165,Kabaret TV,Kabaret TV,Kabaret TV,0.001864
2026_04,Polsat News Polityka,Dariusz,RD,0.000602,Polsat News Polityka,Polsat News Polityka,Polsat News Polityka,0.000578
2026_04,Kanał Zero,Wiola,RD,0.00055,Kanał Zero,ZERO,ZERO,
2026_04,CANAL+ Seriale,Wiola,RD,0.000127,CANAL+ Seriale,Canal+ Seriale,Canal+ Seriale [Canal+ Film 2],0.000134
2026_04,CANAL+ Dokument,Wiola,RD,0.0003,CANAL+ Dokument,Canal+ Dokument,Canal+ Dokument [Canal+ Discovery],0.000279
2026_04,DocuBox,Dariusz,RD,9.1e-05,DocuBox,DocuBox,DocuBox,9.2e-05
2026_04,FILMBOX Action,Rafał,RD,0.00026,FILMBOX Action,FILMBOX+ Action,FILMBOX+ Action [FILMBOX Action],0.000282
2026_04,FILMBOX Extra,Rafał,RD,9.8e-05,FILMBOX Extra,FILMBOX+ Emotion,FILMBOX+ Emotion [FILMBOX Extra],0.000155
2026_04,FILMBOX Family,Rafał,RD,0.00019199999999999998,FILMBOX Family,FILMBOX+ Comedy,FILMBOX+ Comedy [FILMBOX Family],0.000166
2026_04,TVN,,RD,0.0811905,TVN,TVN,TVN,0.087802
2026_04,TVP1,,RD,0.04488090415003837,TVP1,TVP1,TVP1,0.044136
2026_04,TVP2,,RD,0.048894446621511455,TVP2,TVP2,TVP2,0.046537
2026_04,Polsat,Maciej,PW,0.0771,Polsat,Polsat,Polsat,0.08024
2026_04,Fokus TV,Adam,PW,0.0081,Fokus TV,Fokus TV,Fokus TV,0.007369
2026_04,Nowa TV,Adam,PW,0.0038,Nowa TV,Nowa TV,Nowa TV,0.003468
2026_04,Eleven Sports 1,Adam,PW,0.003,Eleven Sports 1,Eleven Sports 1,Eleven Sports 1 [Eleven],0.001933
2026_04,Disco Polo Music,Adam,PW,0.0007,Disco Polo Music,Disco Polo Music,Disco Polo Music,0.000578
2026_04,Puls 2,Agata,PW,0.0152,Puls 2,Puls 2,Puls 2,0.018984
2026_04,Zoom TV,Agata,PW,0.0044,Zoom TV,ZOOM,ZOOM [Zoom TV],0.004185
2026_04,SPI Kino Polska,Agata,PW,0.0028,SPI Kino Polska,Kino Polska,Kino Polska,0.002887
2026_04,History,Agata,PW,0.003,History,History,HISTORY,0.003571
2026_04,CI Polsat,Agata,PW,0.0015,CI Polsat,CI Polsat,CI Polsat [Polsat Crime & Investigation Network],0.001147
2026_04,Polsat News,Dariusz,PW,0.011,Polsat News,Polsat News,Polsat News,0.011153
2026_04,Stopklatka,Dariusz,PW,0.0115,Stopklatka,Stopklatka,Stopklatka,0.011638
2026_04,Wydarzenia24,Dariusz,PW,0.0107,Wydarzenia24,Wydarzenia24,Wydarzenia 24 [Superstacja],0.010886
2026_04,Puls,Łukasz,PW,0.0397,Puls,TV PULS,TV PULS [PULS],0.040049
2026_04,Polsat 2,Łukasz,PW,0.0076,Polsat 2,Polsat2,Polsat2,0.006587
2026_04,Polsat Film,Łukasz,PW,0.0058,Polsat Film,Polsat Film,Polsat Film,0.005718
2026_04,Polsat Sport 1,Łukasz,PW,0.0037,Polsat Sport 1,Polsat Sport 1,Polsat Sport 1 [Polsat Sport],0.00276
2026_04,Polsat Viasat History,Łukasz,PW,0.0009,Polsat Viasat History,Polsat Viasat History,Polsat Viasat History [Viasat History],0.001312
2026_04,Polsat Viasat Explore,Łukasz,PW,0.0009,Polsat Viasat Explore,Polsat Viasat Explore,Polsat Viasat Explore [Polsat Viasat Explorer],0.000918
2026_04,Szóstka,Piotr,PW,0.0177,Szóstka,TV6,TV6,0.016708
2026_04,Super Polsat,Piotr,PW,0.0115,Super Polsat,Super Polsat,Super Polsat [Polsat Sport News],0.011981
2026_04,WPOLSCE24,Piotr,PW,0.0089,WPOLSCE24,wPolsce24,wPolsce24 [Telewizja WPOLSCE.PL],0.007797
2026_04,AXN,Piotr,PW,0.0026,AXN,AXN,AXN,0.003103
2026_04,BBC First,Piotr,PW,0.002,BBC First,BBC First,BBC First [BBC HD],0.003053
2026_04,Polsat Play,Rafał,PW,0.0029,Polsat Play,Polsat Play,Polsat Play,0.003223
2026_04,Polo TV,Rafał,PW,0.0033,Polo TV,Polo TV,Polo TV,0.002596
2026_04,SPI Kino TV,Rafał,PW,0.0035,SPI Kino TV,FILMBOX+ One,FILMBOX+ One [Kino TV],0.00237
2026_04,Eska TV,Rafał,PW,0.0033,Eska TV,Eska TV [8TV],Eska TV [8TV],0.003174
2026_04,AMC,Rafał,PW,0.0019,AMC,AMC,AMC [MGM],0.002359
2026_04,Czwórka,Wiola,PW,0.0324,Czwórka,TV4 pl,TV4,0.031915
2026_04,TV Republika,Wiola,PW,0.0347,TV Republika,Republika,Republika [TV Republika],0.031812
2026_04,WP,Wiola,PW,0.0051,WP,WP,WP,0.004906
2026_04,Polsat Seriale,Wiola,PW,0.004,Polsat Seriale,Polsat Seriale,Polsat Seriale [Polsat Romans],0.004315
2026_04,Polsat Cafe,Wiola,PW,0.0029,Polsat Cafe,Polsat Cafe,Polsat Cafe,0.002385
2026_04,NBCU 13 Ulica,Wiola,PW,0.0023,NBCU 13 Ulica,13 Ulica,13 Ulica [13th Street Universal],0.001539
2026_04,4FUN.TV,Wiola,PW,0.0016,4FUN.TV,4FUN.TV,4FUN.TV [4fun.tv],0.001837
2026_04,Stars.tv,Wiola,PW,0.0021,Stars.tv,Stars.tv,Stars.tv,0.002444
2026_04,BBC Earth,Piotr,PW,0.0016,BBC Earth,BBC Earth,BBC Earth [BBC Knowledge],0.001575
2026_04,AXN White,Piotr,PW,0.0007,AXN White,AXN White,AXN White [AXN Crime],0.000591
2026_04,History2,Agata,PW,0.0019,History2,History2 [H2],HISTORY2 [H2],0.001998
2026_04,Polsat Doku,Dariusz,PW,0.0009,Polsat Doku,Polsat Doku,Polsat Doku,0.000927
2026_04,Polsat Sport 2,Adam,PW,0.0009,Polsat Sport 2,Polsat Sport 2,Polsat Sport 2 [Polsat Sport Extra],0.000733
2026_04,Polsat JimJam,Dariusz,PW,0.0009,Polsat JimJam,Polsat JimJam,Polsat JimJam [JimJam],0.000712
2026_04,Epic Drama,Łukasz,PW,0.0009,Epic Drama,Viasat Epic Drama,Viasat Epic Drama [Epic Drama],0.000694
2026_04,NBCU SciFi Universal,Łukasz,PW,0.001,NBCU SciFi Universal,Scifi Universal,Scifi Universal,0.000762
2026_04,4FUN KIDS,Wiola,PW,0.0003,4FUN KIDS,4FUN KIDS,4FUN KIDS [4FUN GOLD],0.000285
2026_04,Polsat News 2,Dariusz,PW,0.0007,Polsat News 2,Polsat News 2,Polsat News 2 [Polsat Biznes],0.000819
2026_04,BBC CBeebies,Dariusz,PW,0.0013,BBC CBeebies,BBC CBeebies,BBC CBeebies,0.000742
2026_04,AXN Black,Piotr,PW,0.0019,AXN Black,AXN Black,AXN Black [AXN Sci-Fi],0.001196
2026_04,Polsat Rodzina,Piotr,PW,0.001,Polsat Rodzina,Polsat Rodzina,Polsat Rodzina,0.000978
2026_04,SPI Kino Polska Muzyka,Agata,PW,0.0004,SPI Kino Polska Muzyka,Kino Polska Muzyka,Kino Polska Muzyka,0.000364
2026_04,Polsat Viasat Nature,Łukasz,PW,0.0005,Polsat Viasat Nature,Polsat Viasat Nature,Polsat Viasat Nature [Viasat Nature],0.00035
2026_04,TELE5,Adam,PW,0.0008,TELE5,Tele5,Tele5,0.000746
2026_04,BBC Brit,Piotr,PW,0.0008,BBC Brit,BBC Brit,BBC Brit [BBC Entertainment],0.00085
2026_04,Eska TV Extra,Adam,PW,0.0005,Eska TV Extra,Eska Extra [Eska TV],Eska TV Extra [Eska TV],0.000382
2026_04,BBC Lifestyle,Piotr,PW,0.0007,BBC Lifestyle,BBC Lifestyle,BBC Lifestyle,0.000403
2026_04,4FUN DANCE,Wiola,PW,0.0004,4FUN DANCE,4FUN DANCE,4FUN DANCE [4FUN FIT&DANCE],0.000483
2026_04,Polsat Music,Piotr,PW,0.0002,Polsat Music,Polsat Music HD,Polsat Music HD [Muzo.tv],0.000344
2026_04,Polsat Games,Łukasz,PW,0.0003,Polsat Games,Polsat Games,Polsat Games,0.000216
2026_04,Polsat Sport 3,Rafał,PW,0.0004,Polsat Sport 3,Polsat Sport 3,Polsat Sport 3 [Polsat Sport News HD],0.000382
2026_04,Extreme Sports,Łukasz,PW,4e-05,Extreme Sports,Extreme Sports,Extreme Sports,2.9e-05
2026_04,Vox Music TV,Adam,PW,0.0002,Vox Music TV,Vox Music TV,Vox Music TV,0.000253
2026_04,AXN Spin,Piotr,PW,0.0001,AXN Spin,AXN Spin,AXN Spin,0.000159
2026_04,Eska Rock TV,Adam,PW,0.0003,Eska Rock TV,Eska Rock TV,Eska Rock TV [HIP HOP TV],0.000306
2026_04,Eleven Sports 2,Łukasz,PW,0.0006,Eleven Sports 2,Eleven Sports 2,Eleven Sports 2 [Eleven Sports],0.000403
2026_04,NBCU E Entertainment,Wiola,PW,0.0001,NBCU E Entertainment,E!Entertainment,E!Entertainment [E!],6.8e-05
2026_04,POLONIA1,Adam,PW,0.0002,POLONIA1,Polonia 1,Polonia1,0.000275
2026_04,Sundance TV,Agata,PW,0.0002,Sundance TV,Sundance Channel,Sundance Channel,0.000168
2026_04,Novela TV,Dariusz,PW,0.0001,Novela TV,Novela TV,Novela TV,6.3e-05
2026_04,SPI Gametoon,Agata,PW,4e-05,SPI Gametoon,Gametoon,Gametoon,1.2e-05
2026_04,Golf Zone,Agata,PW,0.0001,Golf Zone,Golf Zone,Golf Zone [Golf Channel Polska],6.4e-05
2026_04,Water Planet,Adam,PW,0.0001,Water Planet,Water Planet,Water Planet [CSB TV],4.2e-05
2026_04,Polsat Film 2,Łukasz,PW,0.0005,Polsat Film 2,Polsat Film 2,Polsat Film 2,0.000433
2026_04,Polsat Reality,Rafał,PW,0.0005,Polsat Reality,Polsat Reality,Polsat Reality,0.000444
2026_04,Polsat X,Rafał,PW,0.0004,Polsat X,Polsat X,Polsat X,0.000325
2026_04,DaVinci,Dariusz,PW,0.0001,DaVinci,Da Vinci,Da Vinci [Da Vinci Learning],0.000187
2026_04,TVT,Adam,PW,0.0001,TVT,TVT,TVT,2.1e-05
2026_04,FILMBOX Premium,Łukasz,PW,0.0002,FILMBOX Premium,FILMBOX+ Hits,FILMBOX+ Hits [FILMBOX Premium],0.00023
2026_04,Ale Kino+,Agata,PW,0.0013,Ale Kino+,Ale Kino+,Ale Kino+ [Ale Kino],0.001161
2026_04,Canal+ Domo,Wiola,PW,0.0011,Canal+ Domo,CANAL+ DOMO,CANAL+ DOMO [Domo+],0.000981
2026_04,Planete+,Dariusz,PW,0.0014,Planete+,Planete+,Planete+ [Planete],0.001375
2026_04,MiniMini+,Dariusz,PW,0.0011,MiniMini+,MiniMini+,MiniMini+ [MiniMini],0.001465
2026_04,teleTOON+,Dariusz,PW,0.0004,teleTOON+,teleTOON+,teleTOON+ [ZigZap/Hyper],0.000268
2026_04,Novelas+,Agata,PW,0.0024,Novelas+,Novelas,Novelas,0.001664
2026_04,CANAL+ KUCHNIA,Wiola,PW,0.0011,CANAL+ KUCHNIA,CANAL+ KUCHNIA,CANAL+ KUCHNIA [kuchnia+],0.000927
2026_04,Canal+ 360,Rafał,PW,0.0009,Canal+ 360,CANAL+ 360,Canal+ 360 [Canal+ Family],0.001015
2026_04,Canal+ Sport,Łukasz,PW,0.0008,Canal+ Sport,Canal+ Sport,CANAL+ SPORT [Canal+ Niebieski],0.0019
2026_04,Canal+ Sport2,Adam,PW,0.0008,Canal+ Sport2,Canal+ Sport2,CANAL+ SPORT2,0.000865
2026_04,Canal+ Sport3,Adam,PW,0.0025,Canal+ Sport3,CANAL+ SPORT3,CANAL+ SPORT3,0.002997
2026_04,Canal+ Sport4,Rafał,PW,0.0001,Canal+ Sport4,CANAL+ SPORT4,CANAL+ SPORT4,0.000229
2026_04,Canal+ Sport5,Rafał,PW,0.0009,Canal+ Sport5,Canal+ SPORT5,CANAL+ SPORT5 [nSport+],0.002111
2026_04,CANAL+ Extra1,Łukasz,PW,0.0005,CANAL+ Extra1,CANAL+ Extra 1,CANAL+ EXTRA 1,0.002026
2026_04,CANAL+ Extra2,Łukasz,PW,0.0002,CANAL+ Extra2,CANAL+ Extra 2,CANAL+ EXTRA 2,
2026_04,Viasat True Crime,Rafał,PW,0.0004,Viasat True Crime,Viasat True Crime,Viasat True Crime,0.000248
2026_04,Novelas+1,Agata,PW,0.0001,Novelas+1,Novelas+1,Novelas+1 [DIZI],0.0001
2026_04,Kabaret TV,Rafał,PW,0.0015,Kabaret TV,Kabaret TV,Kabaret TV,0.001864
2026_04,Polsat News Polityka,Dariusz,PW,0.0007,Polsat News Polityka,Polsat News Polityka,Polsat News Polityka,0.000578
2026_04,Kanał Zero,Wiola,PW,0.0005,Kanał Zero,ZERO,ZERO,
2026_04,CANAL+ Seriale,Wiola,PW,0.0001,CANAL+ Seriale,Canal+ Seriale,Canal+ Seriale [Canal+ Film 2],0.000134
2026_04,CANAL+ Dokument,Wiola,PW,0.0003,CANAL+ Dokument,Canal+ Dokument,Canal+ Dokument [Canal+ Discovery],0.000279
2026_04,DocuBox,Dariusz,PW,0.0001,DocuBox,DocuBox,DocuBox,9.2e-05
2026_04,FILMBOX Action,Rafał,PW,0.0003,FILMBOX Action,FILMBOX+ Action,FILMBOX+ Action [FILMBOX Action],0.000282
2026_04,FILMBOX Extra,Rafał,PW,0.0001,FILMBOX Extra,FILMBOX+ Emotion,FILMBOX+ Emotion [FILMBOX Extra],0.000155
2026_04,FILMBOX Family,Rafał,PW,0.0002,FILMBOX Family,FILMBOX+ Comedy,FILMBOX+ Comedy [FILMBOX Family],0.000166
2026_04,TVN,,PW,0.0845,TVN,TVN,TVN,0.087802
2026_04,TVP1,,PW,0.0438,TVP1,TVP1,TVP1,0.044136
2026_04,TVP2,,PW,0.0496,TVP2,TVP2,TVP2,0.046537
2026_04,Polsat,Maciej,WK,0.077,Polsat,Polsat,Polsat,0.08024
2026_04,Fokus TV,Adam,WK,0.008,Fokus TV,Fokus TV,Fokus TV,0.007369
2026_04,Nowa TV,Adam,WK,0.004,Nowa TV,Nowa TV,Nowa TV,0.003468
2026_04,Eleven Sports 1,Adam,WK,0.0033,Eleven Sports 1,Eleven Sports 1,Eleven Sports 1 [Eleven],0.001933
2026_04,Disco Polo Music,Adam,WK,0.0007000000000000001,Disco Polo Music,Disco Polo Music,Disco Polo Music,0.000578
2026_04,Puls 2,Agata,WK,0.014499999999999999,Puls 2,Puls 2,Puls 2,0.018984
2026_04,Zoom TV,Agata,WK,0.0043,Zoom TV,ZOOM,ZOOM [Zoom TV],0.004185
2026_04,SPI Kino Polska,Agata,WK,0.0023,SPI Kino Polska,Kino Polska,Kino Polska,0.002887
2026_04,History,Agata,WK,0.003,History,History,HISTORY,0.003571
2026_04,CI Polsat,Agata,WK,0.0012,CI Polsat,CI Polsat,CI Polsat [Polsat Crime & Investigation Network],0.001147
2026_04,Polsat News,Dariusz,WK,0.011200000000000002,Polsat News,Polsat News,Polsat News,0.011153
2026_04,Stopklatka,Dariusz,WK,0.0106,Stopklatka,Stopklatka,Stopklatka,0.011638
2026_04,Wydarzenia24,Dariusz,WK,0.0105,Wydarzenia24,Wydarzenia24,Wydarzenia 24 [Superstacja],0.010886
2026_04,Puls,Łukasz,WK,0.04,Puls,TV PULS,TV PULS [PULS],0.040049
2026_04,Polsat 2,Łukasz,WK,0.0076,Polsat 2,Polsat2,Polsat2,0.006587
2026_04,Polsat Film,Łukasz,WK,0.0053,Polsat Film,Polsat Film,Polsat Film,0.005718
2026_04,Polsat Sport 1,Łukasz,WK,0.0037,Polsat Sport 1,Polsat Sport 1,Polsat Sport 1 [Polsat Sport],0.00276
2026_04,Polsat Viasat History,Łukasz,WK,0.0011,Polsat Viasat History,Polsat Viasat History,Polsat Viasat History [Viasat History],0.001312
2026_04,Polsat Viasat Explore,Łukasz,WK,0.0011,Polsat Viasat Explore,Polsat Viasat Explore,Polsat Viasat Explore [Polsat Viasat Explorer],0.000918
2026_04,Szóstka,Piotr,WK,0.0191,Szóstka,TV6,TV6,0.016708
2026_04,Super Polsat,Piotr,WK,0.0118,Super Polsat,Super Polsat,Super Polsat [Polsat Sport News],0.011981
2026_04,WPOLSCE24,Piotr,WK,0.0098,WPOLSCE24,wPolsce24,wPolsce24 [Telewizja WPOLSCE.PL],0.007797
2026_04,AXN,Piotr,WK,0.0029,AXN,AXN,AXN,0.003103
2026_04,BBC First,Piotr,WK,0.0019,BBC First,BBC First,BBC First [BBC HD],0.003053
2026_04,Polsat Play,Rafał,WK,0.0031,Polsat Play,Polsat Play,Polsat Play,0.003223
2026_04,Polo TV,Rafał,WK,0.003,Polo TV,Polo TV,Polo TV,0.002596
2026_04,SPI Kino TV,Rafał,WK,0.0033,SPI Kino TV,FILMBOX+ One,FILMBOX+ One [Kino TV],0.00237
2026_04,Eska TV,Rafał,WK,0.0033,Eska TV,Eska TV [8TV],Eska TV [8TV],0.003174
2026_04,AMC,Rafał,WK,0.0016,AMC,AMC,AMC [MGM],0.002359
2026_04,Czwórka,Wiola,WK,0.0321,Czwórka,TV4 pl,TV4,0.031915
2026_04,TV Republika,Wiola,WK,0.0355,TV Republika,Republika,Republika [TV Republika],0.031812
2026_04,WP,Wiola,WK,0.005,WP,WP,WP,0.004906
2026_04,Polsat Seriale,Wiola,WK,0.0039000000000000003,Polsat Seriale,Polsat Seriale,Polsat Seriale [Polsat Romans],0.004315
2026_04,Polsat Cafe,Wiola,WK,0.0031,Polsat Cafe,Polsat Cafe,Polsat Cafe,0.002385
2026_04,NBCU 13 Ulica,Wiola,WK,0.002,NBCU 13 Ulica,13 Ulica,13 Ulica [13th Street Universal],0.001539
2026_04,4FUN.TV,Wiola,WK,0.0016,4FUN.TV,4FUN.TV,4FUN.TV [4fun.tv],0.001837
2026_04,Stars.tv,Wiola,WK,0.0021,Stars.tv,Stars.tv,Stars.tv,0.002444
2026_04,BBC Earth,Piotr,WK,0.0017000000000000001,BBC Earth,BBC Earth,BBC Earth [BBC Knowledge],0.001575
2026_04,AXN White,Piotr,WK,0.0006,AXN White,AXN White,AXN White [AXN Crime],0.000591
2026_04,History2,Agata,WK,0.0019,History2,History2 [H2],HISTORY2 [H2],0.001998
2026_04,Polsat Doku,Dariusz,WK,0.0011,Polsat Doku,Polsat Doku,Polsat Doku,0.000927
2026_04,Polsat Sport 2,Adam,WK,0.0008,Polsat Sport 2,Polsat Sport 2,Polsat Sport 2 [Polsat Sport Extra],0.000733
2026_04,Polsat JimJam,Dariusz,WK,0.0009,Polsat JimJam,Polsat JimJam,Polsat JimJam [JimJam],0.000712
2026_04,Epic Drama,Łukasz,WK,0.0009,Epic Drama,Viasat Epic Drama,Viasat Epic Drama [Epic Drama],0.000694
2026_04,NBCU SciFi Universal,Łukasz,WK,0.0012,NBCU SciFi Universal,Scifi Universal,Scifi Universal,0.000762
2026_04,4FUN KIDS,Wiola,WK,0.0002,4FUN KIDS,4FUN KIDS,4FUN KIDS [4FUN GOLD],0.000285
2026_04,Polsat News 2,Dariusz,WK,0.00074,Polsat News 2,Polsat News 2,Polsat News 2 [Polsat Biznes],0.000819
2026_04,BBC CBeebies,Dariusz,WK,0.0012,BBC CBeebies,BBC CBeebies,BBC CBeebies,0.000742
2026_04,AXN Black,Piotr,WK,0.002,AXN Black,AXN Black,AXN Black [AXN Sci-Fi],0.001196
2026_04,Polsat Rodzina,Piotr,WK,0.001,Polsat Rodzina,Polsat Rodzina,Polsat Rodzina,0.000978
2026_04,SPI Kino Polska Muzyka,Agata,WK,0.0003,SPI Kino Polska Muzyka,Kino Polska Muzyka,Kino Polska Muzyka,0.000364
2026_04,Polsat Viasat Nature,Łukasz,WK,0.00054,Polsat Viasat Nature,Polsat Viasat Nature,Polsat Viasat Nature [Viasat Nature],0.00035
2026_04,TELE5,Adam,WK,0.0009,TELE5,Tele5,Tele5,0.000746
2026_04,BBC Brit,Piotr,WK,0.0006,BBC Brit,BBC Brit,BBC Brit [BBC Entertainment],0.00085
2026_04,Eska TV Extra,Adam,WK,0.0004,Eska TV Extra,Eska Extra [Eska TV],Eska TV Extra [Eska TV],0.000382
2026_04,BBC Lifestyle,Piotr,WK,0.0007000000000000001,BBC Lifestyle,BBC Lifestyle,BBC Lifestyle,0.000403
2026_04,4FUN DANCE,Wiola,WK,0.00035000000000000005,4FUN DANCE,4FUN DANCE,4FUN DANCE [4FUN FIT&DANCE],0.000483
2026_04,Polsat Music,Piotr,WK,0.0003,Polsat Music,Polsat Music HD,Polsat Music HD [Muzo.tv],0.000344
2026_04,Polsat Games,Łukasz,WK,0.0003,Polsat Games,Polsat Games,Polsat Games,0.000216
2026_04,Polsat Sport 3,Rafał,WK,0.0003,Polsat Sport 3,Polsat Sport 3,Polsat Sport 3 [Polsat Sport News HD],0.000382
2026_04,Extreme Sports,Łukasz,WK,1e-05,Extreme Sports,Extreme Sports,Extreme Sports,2.9e-05
2026_04,Vox Music TV,Adam,WK,0.00025,Vox Music TV,Vox Music TV,Vox Music TV,0.000253
2026_04,AXN Spin,Piotr,WK,0.00015,AXN Spin,AXN Spin,AXN Spin,0.000159
2026_04,Eska Rock TV,Adam,WK,0.0002,Eska Rock TV,Eska Rock TV,Eska Rock TV [HIP HOP TV],0.000306
2026_04,Eleven Sports 2,Łukasz,WK,0.0006,Eleven Sports 2,Eleven Sports 2,Eleven Sports 2 [Eleven Sports],0.000403
2026_04,NBCU E Entertainment,Wiola,WK,0.0001,NBCU E Entertainment,E!Entertainment,E!Entertainment [E!],6.8e-05
2026_04,POLONIA1,Adam,WK,0.0002,POLONIA1,Polonia 1,Polonia1,0.000275
2026_04,Sundance TV,Agata,WK,0.00015,Sundance TV,Sundance Channel,Sundance Channel,0.000168
2026_04,Novela TV,Dariusz,WK,0.0001,Novela TV,Novela TV,Novela TV,6.3e-05
2026_04,SPI Gametoon,Agata,WK,1e-05,SPI Gametoon,Gametoon,Gametoon,1.2e-05
2026_04,Golf Zone,Agata,WK,1e-05,Golf Zone,Golf Zone,Golf Zone [Golf Channel Polska],6.4e-05
2026_04,Water Planet,Adam,WK,0.0001,Water Planet,Water Planet,Water Planet [CSB TV],4.2e-05
2026_04,Polsat Film 2,Łukasz,WK,0.0005,Polsat Film 2,Polsat Film 2,Polsat Film 2,0.000433
2026_04,Polsat Reality,Rafał,WK,0.0005,Polsat Reality,Polsat Reality,Polsat Reality,0.000444
2026_04,Polsat X,Rafał,WK,0.0004,Polsat X,Polsat X,Polsat X,0.000325
2026_04,DaVinci,Dariusz,WK,0.0001,DaVinci,Da Vinci,Da Vinci [Da Vinci Learning],0.000187
2026_04,TVT,Adam,WK,1e-05,TVT,TVT,TVT,2.1e-05
2026_04,FILMBOX Premium,Łukasz,WK,0.0003,FILMBOX Premium,FILMBOX+ Hits,FILMBOX+ Hits [FILMBOX Premium],0.00023
2026_04,Ale Kino+,Agata,WK,0.0015,Ale Kino+,Ale Kino+,Ale Kino+ [Ale Kino],0.001161
2026_04,Canal+ Domo,Wiola,WK,0.0011,Canal+ Domo,CANAL+ DOMO,CANAL+ DOMO [Domo+],0.000981
2026_04,Planete+,Dariusz,WK,0.0014000000000000002,Planete+,Planete+,Planete+ [Planete],0.001375
2026_04,MiniMini+,Dariusz,WK,0.001,MiniMini+,MiniMini+,MiniMini+ [MiniMini],0.001465
2026_04,teleTOON+,Dariusz,WK,0.00035000000000000005,teleTOON+,teleTOON+,teleTOON+ [ZigZap/Hyper],0.000268
2026_04,Novelas+,Agata,WK,0.0022,Novelas+,Novelas,Novelas,0.001664
2026_04,CANAL+ KUCHNIA,Wiola,WK,0.0011,CANAL+ KUCHNIA,CANAL+ KUCHNIA,CANAL+ KUCHNIA [kuchnia+],0.000927
2026_04,Canal+ 360,Rafał,WK,0.001,Canal+ 360,CANAL+ 360,Canal+ 360 [Canal+ Family],0.001015
2026_04,Canal+ Sport,Łukasz,WK,0.0008,Canal+ Sport,Canal+ Sport,CANAL+ SPORT [Canal+ Niebieski],0.0019
2026_04,Canal+ Sport2,Adam,WK,0.0009,Canal+ Sport2,Canal+ Sport2,CANAL+ SPORT2,0.000865
2026_04,Canal+ Sport3,Adam,WK,0.003,Canal+ Sport3,CANAL+ SPORT3,CANAL+ SPORT3,0.002997
2026_04,Canal+ Sport4,Rafał,WK,0.0001,Canal+ Sport4,CANAL+ SPORT4,CANAL+ SPORT4,0.000229
2026_04,Canal+ Sport5,Rafał,WK,0.0006,Canal+ Sport5,Canal+ SPORT5,CANAL+ SPORT5 [nSport+],0.002111
2026_04,CANAL+ Extra1,Łukasz,WK,0.0009,CANAL+ Extra1,CANAL+ Extra 1,CANAL+ EXTRA 1,0.002026
2026_04,CANAL+ Extra2,Łukasz,WK,0.0004,CANAL+ Extra2,CANAL+ Extra 2,CANAL+ EXTRA 2,
2026_04,Viasat True Crime,Rafał,WK,0.0003,Viasat True Crime,Viasat True Crime,Viasat True Crime,0.000248
2026_04,Novelas+1,Agata,WK,0.0001,Novelas+1,Novelas+1,Novelas+1 [DIZI],0.0001
2026_04,Kabaret TV,Rafał,WK,0.0019,Kabaret TV,Kabaret TV,Kabaret TV,0.001864
2026_04,Polsat News Polityka,Dariusz,WK,0.0005,Polsat News Polityka,Polsat News Polityka,Polsat News Polityka,0.000578
2026_04,Kanał Zero,Wiola,WK,0.0002,Kanał Zero,ZERO,ZERO,
2026_04,CANAL+ Seriale,Wiola,WK,0.0002,CANAL+ Seriale,Canal+ Seriale,Canal+ Seriale [Canal+ Film 2],0.000134
2026_04,CANAL+ Dokument,Wiola,WK,0.0003,CANAL+ Dokument,Canal+ Dokument,Canal+ Dokument [Canal+ Discovery],0.000279
2026_04,DocuBox,Dariusz,WK,0.0001,DocuBox,DocuBox,DocuBox,9.2e-05
2026_04,FILMBOX Action,Rafał,WK,0.0002,FILMBOX Action,FILMBOX+ Action,FILMBOX+ Action [FILMBOX Action],0.000282
2026_04,FILMBOX Extra,Rafał,WK,0.0001,FILMBOX Extra,FILMBOX+ Emotion,FILMBOX+ Emotion [FILMBOX Extra],0.000155
2026_04,FILMBOX Family,Rafał,WK,0.0002,FILMBOX Family,FILMBOX+ Comedy,FILMBOX+ Comedy [FILMBOX Family],0.000166
2026_04,TVN,,WK,0.085,TVN,TVN,TVN,0.087802
2026_04,TVP1,,WK,0.046,TVP1,TVP1,TVP1,0.044136
2026_04,TVP2,,WK,0.048,TVP2,TVP2,TVP2,0.046537
2026_05,Polsat,Maciej,DT,0.0789341125,Polsat,Polsat,Polsat,0.076259
2026_05,Fokus TV,Adam,DT,0.00807483,Fokus TV,Fokus TV,Fokus TV,0.00843
2026_05,Nowa TV,Adam,DT,0.003169575,Nowa TV,Nowa TV,Nowa TV,0.003168
2026_05,Eleven Sports 1,Adam,DT,0.002916765,Eleven Sports 1,Eleven Sports 1,Eleven Sports 1 [Eleven],0.00268
2026_05,Disco Polo Music,Adam,DT,0.0007209000000000001,Disco Polo Music,Disco Polo Music,Disco Polo Music,0.000422
2026_05,Puls 2,Agata,DT,0.0171985125,Puls 2,Puls 2,Puls 2,0.016387
2026_05,Zoom TV,Agata,DT,0.0045438499999999995,Zoom TV,ZOOM,ZOOM [Zoom TV],0.004437
2026_05,SPI Kino Polska,Agata,DT,0.0029141225,SPI Kino Polska,Kino Polska,Kino Polska,0.002488
2026_05,History,Agata,DT,0.0032186399999999996,History,History,HISTORY,0.004182
2026_05,CI Polsat,Agata,DT,0.0011502525000000002,CI Polsat,CI Polsat,CI Polsat [Polsat Crime & Investigation Network],0.000963
2026_05,Polsat News,Dariusz,DT,0.01140491,Polsat News,Polsat News,Polsat News,0.009875
2026_05,Stopklatka,Dariusz,DT,0.01087488,Stopklatka,Stopklatka,Stopklatka,0.010373
2026_05,Wydarzenia24,Dariusz,DT,0.01053664,Wydarzenia24,Wydarzenia24,Wydarzenia 24 [Superstacja],0.010476
2026_05,Puls,Łukasz,DT,0.0381022575,Puls,TV PULS,TV PULS [PULS],0.039444
2026_05,Polsat 2,Łukasz,DT,0.006840439999999999,Polsat 2,Polsat2,Polsat2,0.007425
2026_05,Polsat Film,Łukasz,DT,0.0054488,Polsat Film,Polsat Film,Polsat Film,0.005179
2026_05,Polsat Sport 1,Łukasz,DT,0.003712765,Polsat Sport 1,Polsat Sport 1,Polsat Sport 1 [Polsat Sport],0.003754
2026_05,Polsat Viasat History,Łukasz,DT,0.0012894749999999998,Polsat Viasat History,Polsat Viasat History,Polsat Viasat History [Viasat History],0.000953
2026_05,Polsat Viasat Explore,Łukasz,DT,0.0011312124999999999,Polsat Viasat Explore,Polsat Viasat Explore,Polsat Viasat Explore [Polsat Viasat Explorer],0.000832
2026_05,Szóstka,Piotr,DT,0.017846700000000004,Szóstka,TV6,TV6,0.016372
2026_05,Super Polsat,Piotr,DT,0.01129689,Super Polsat,Super Polsat,Super Polsat [Polsat Sport News],0.010008
2026_05,WPOLSCE24,Piotr,DT,0.0078661325,WPOLSCE24,wPolsce24,wPolsce24 [Telewizja WPOLSCE.PL],0.007993
2026_05,AXN,Piotr,DT,0.0026917374999999998,AXN,AXN,AXN,0.003219
2026_05,BBC First,Piotr,DT,0.0022953,BBC First,BBC First,BBC First [BBC HD],0.002008
2026_05,Polsat Play,Rafał,DT,0.00341865,Polsat Play,Polsat Play,Polsat Play,0.003815
2026_05,Polo TV,Rafał,DT,0.0029238825,Polo TV,Polo TV,Polo TV,0.003254
2026_05,SPI Kino TV,Rafał,DT,0.0027121025000000003,SPI Kino TV,FILMBOX+ One,FILMBOX+ One [Kino TV],0.001927
2026_05,Eska TV,Rafał,DT,0.0032570999999999998,Eska TV,Eska TV [8TV],Eska TV [8TV],0.004361
2026_05,AMC,Rafał,DT,0.001954155,AMC,AMC,AMC [MGM],0.00209
2026_05,Czwórka,Wiola,DT,0.032364142,Czwórka,TV4 pl,TV4,0.033485
2026_05,TV Republika,Wiola,DT,0.0335132025,TV Republika,Republika,Republika [TV Republika],0.034015
2026_05,WP,Wiola,DT,0.005235490000000001,WP,WP,WP,0.005312
2026_05,Polsat Seriale,Wiola,DT,0.004015255,Polsat Seriale,Polsat Seriale,Polsat Seriale [Polsat Romans],0.004128
2026_05,Polsat Cafe,Wiola,DT,0.003096725,Polsat Cafe,Polsat Cafe,Polsat Cafe,0.002354
2026_05,NBCU 13 Ulica,Wiola,DT,0.0018097199999999997,NBCU 13 Ulica,13 Ulica,13 Ulica [13th Street Universal],0.0016
2026_05,4FUN.TV,Wiola,DT,0.0017221125,4FUN.TV,4FUN.TV,4FUN.TV [4fun.tv],0.002258
2026_05,Stars.tv,Wiola,DT,0.002221065,Stars.tv,Stars.tv,Stars.tv,0.002252
2026_05,BBC Earth,Piotr,DT,0.0017174025,BBC Earth,BBC Earth,BBC Earth [BBC Knowledge],0.001415
2026_05,AXN White,Piotr,DT,0.0006052424999999999,AXN White,AXN White,AXN White [AXN Crime],0.000865
2026_05,History2,Agata,DT,0.00183524,History2,History2 [H2],HISTORY2 [H2],0.002054
2026_05,Polsat Doku,Dariusz,DT,0.0011320425000000002,Polsat Doku,Polsat Doku,Polsat Doku,0.001003
2026_05,Polsat Sport 2,Adam,DT,0.000820215,Polsat Sport 2,Polsat Sport 2,Polsat Sport 2 [Polsat Sport Extra],0.000856
2026_05,Polsat JimJam,Dariusz,DT,0.00086328,Polsat JimJam,Polsat JimJam,Polsat JimJam [JimJam],0.001
2026_05,Epic Drama,Łukasz,DT,0.0008478749999999999,Epic Drama,Viasat Epic Drama,Viasat Epic Drama [Epic Drama],0.000348
2026_05,NBCU SciFi Universal,Łukasz,DT,0.0009718725,NBCU SciFi Universal,Scifi Universal,Scifi Universal,0.000592
2026_05,4FUN KIDS,Wiola,DT,0.00031035,4FUN KIDS,4FUN KIDS,4FUN KIDS [4FUN GOLD],0.000919
2026_05,Polsat News 2,Dariusz,DT,0.0007924949999999999,Polsat News 2,Polsat News 2,Polsat News 2 [Polsat Biznes],0.000835
2026_05,BBC CBeebies,Dariusz,DT,0.001233,BBC CBeebies,BBC CBeebies,BBC CBeebies,0.001147
2026_05,AXN Black,Piotr,DT,0.00175235,AXN Black,AXN Black,AXN Black [AXN Sci-Fi],0.001573
2026_05,Polsat Rodzina,Piotr,DT,0.000998385,Polsat Rodzina,Polsat Rodzina,Polsat Rodzina,0.000743
2026_05,SPI Kino Polska Muzyka,Agata,DT,0.00044129250000000004,SPI Kino Polska Muzyka,Kino Polska Muzyka,Kino Polska Muzyka,0.000381
2026_05,Polsat Viasat Nature,Łukasz,DT,0.000407535,Polsat Viasat Nature,Polsat Viasat Nature,Polsat Viasat Nature [Viasat Nature],0.000476
2026_05,TELE5,Adam,DT,0.0008047500000000001,TELE5,Tele5,Tele5,0.00095
2026_05,BBC Brit,Piotr,DT,0.0007274525,BBC Brit,BBC Brit,BBC Brit [BBC Entertainment],0.000551
2026_05,Eska TV Extra,Adam,DT,0.00035653,Eska TV Extra,Eska Extra [Eska TV],Eska TV Extra [Eska TV],0.00038
2026_05,BBC Lifestyle,Piotr,DT,0.0006041250000000001,BBC Lifestyle,BBC Lifestyle,BBC Lifestyle,0.00064
2026_05,4FUN DANCE,Wiola,DT,0.000381645,4FUN DANCE,4FUN DANCE,4FUN DANCE [4FUN FIT&DANCE],0.000441
2026_05,Polsat Music,Piotr,DT,0.000319275,Polsat Music,Polsat Music HD,Polsat Music HD [Muzo.tv],0.000428
2026_05,Polsat Games,Łukasz,DT,0.00036902250000000005,Polsat Games,Polsat Games,Polsat Games,0.000247
2026_05,Polsat Sport 3,Rafał,DT,0.00042615000000000003,Polsat Sport 3,Polsat Sport 3,Polsat Sport 3 [Polsat Sport News HD],0.000467
2026_05,Extreme Sports,Łukasz,DT,3.9599999999999994e-05,Extreme Sports,Extreme Sports,Extreme Sports,2.2e-05
2026_05,Vox Music TV,Adam,DT,0.00025446750000000004,Vox Music TV,Vox Music TV,Vox Music TV,0.000282
2026_05,AXN Spin,Piotr,DT,0.00018405,AXN Spin,AXN Spin,AXN Spin,0.000182
2026_05,Eska Rock TV,Adam,DT,0.00025575,Eska Rock TV,Eska Rock TV,Eska Rock TV [HIP HOP TV],0.000157
2026_05,Eleven Sports 2,Łukasz,DT,0.0005091999999999999,Eleven Sports 2,Eleven Sports 2,Eleven Sports 2 [Eleven Sports],0.0005
2026_05,NBCU E Entertainment,Wiola,DT,7.79625e-05,NBCU E Entertainment,E!Entertainment,E!Entertainment [E!],7.2e-05
2026_05,POLONIA1,Adam,DT,0.00026432999999999996,POLONIA1,Polonia 1,Polonia1,0.000317
2026_05,Sundance TV,Agata,DT,0.0001643775,Sundance TV,Sundance Channel,Sundance Channel,0.00015
2026_05,Novela TV,Dariusz,DT,7.251749999999999e-05,Novela TV,Novela TV,Novela TV,3.6e-05
2026_05,SPI Gametoon,Agata,DT,2.1779999999999998e-05,SPI Gametoon,Gametoon,Gametoon,1.8e-05
2026_05,Golf Zone,Agata,DT,4.43025e-05,Golf Zone,Golf Zone,Golf Zone [Golf Channel Polska],4.5e-05
2026_05,Water Planet,Adam,DT,5.2965e-05,Water Planet,Water Planet,Water Planet [CSB TV],0.000201
2026_05,Polsat Film 2,Łukasz,DT,0.00027084,Polsat Film 2,Polsat Film 2,Polsat Film 2,0.000558
2026_05,Polsat Reality,Rafał,DT,0.00036822499999999997,Polsat Reality,Polsat Reality,Polsat Reality,0.000518
2026_05,Polsat X,Rafał,DT,0.0003591,Polsat X,Polsat X,Polsat X,0.000313
2026_05,DaVinci,Dariusz,DT,0.00010023749999999999,DaVinci,Da Vinci,Da Vinci [Da Vinci Learning],4.4e-05
2026_05,TVT,Adam,DT,1.06425e-05,TVT,TVT,TVT,7.2e-05
2026_05,FILMBOX Premium,Łukasz,DT,0.00024029999999999999,FILMBOX Premium,FILMBOX+ Hits,FILMBOX+ Hits [FILMBOX Premium],0.000138
2026_05,Ale Kino+,Agata,DT,0.0011965975000000002,Ale Kino+,Ale Kino+,Ale Kino+ [Ale Kino],0.001274
2026_05,Canal+ Domo,Wiola,DT,0.0010402425,Canal+ Domo,CANAL+ DOMO,CANAL+ DOMO [Domo+],0.001051
2026_05,Planete+,Dariusz,DT,0.001395405,Planete+,Planete+,Planete+ [Planete],0.001403
2026_05,MiniMini+,Dariusz,DT,0.0012583124999999999,MiniMini+,MiniMini+,MiniMini+ [MiniMini],0.002081
2026_05,teleTOON+,Dariusz,DT,0.000314325,teleTOON+,teleTOON+,teleTOON+ [ZigZap/Hyper],0.000323
2026_05,Novelas+,Agata,DT,0.00167155,Novelas+,Novelas,Novelas,0.00159
2026_05,CANAL+ KUCHNIA,Wiola,DT,0.0009140174999999999,CANAL+ KUCHNIA,CANAL+ KUCHNIA,CANAL+ KUCHNIA [kuchnia+],0.000997
2026_05,Canal+ 360,Rafał,DT,0.0010149975,Canal+ 360,CANAL+ 360,Canal+ 360 [Canal+ Family],0.000923
2026_05,Canal+ Sport,Łukasz,DT,0.0010219500000000002,Canal+ Sport,Canal+ Sport,CANAL+ SPORT [Canal+ Niebieski],0.001989
2026_05,Canal+ Sport2,Adam,DT,0.000652725,Canal+ Sport2,Canal+ Sport2,CANAL+ SPORT2,0.000919
2026_05,Canal+ Sport3,Adam,DT,0.00260085,Canal+ Sport3,CANAL+ SPORT3,CANAL+ SPORT3,0.002794
2026_05,Canal+ Sport4,Rafał,DT,0.000112365,Canal+ Sport4,CANAL+ SPORT4,CANAL+ SPORT4,0.000243
2026_05,Canal+ Sport5,Rafał,DT,0.0012376000000000002,Canal+ Sport5,Canal+ SPORT5,CANAL+ SPORT5 [nSport+],0.002227
2026_05,CANAL+ Extra1,Łukasz,DT,0.0007677000000000001,CANAL+ Extra1,CANAL+ Extra 1,CANAL+ EXTRA 1,0.001401
2026_05,CANAL+ Extra2,Łukasz,DT,9.949500000000001e-05,CANAL+ Extra2,CANAL+ Extra 2,CANAL+ EXTRA 2,
2026_05,Viasat True Crime,Rafał,DT,0.00026037,Viasat True Crime,Viasat True Crime,Viasat True Crime,0.00034
2026_05,Novelas+1,Agata,DT,0.0001441775,Novelas+1,Novelas+1,Novelas+1 [DIZI],0.000154
2026_05,Kabaret TV,Rafał,DT,0.0016208775000000001,Kabaret TV,Kabaret TV,Kabaret TV,0.001619
2026_05,Polsat News Polityka,Dariusz,DT,0.00063735,Polsat News Polityka,Polsat News Polityka,Polsat News Polityka,0.000564
2026_05,Kanał Zero TV,Wiola,DT,9e-05,Kanał Zero TV,ZERO,ZERO,0.00269
2026_05,CANAL+ Seriale,Wiola,DT,6.039e-05,CANAL+ Seriale,Canal+ Seriale,Canal+ Seriale [Canal+ Film 2],0.000126
2026_05,CANAL+ Dokument,Wiola,DT,0.0002028,CANAL+ Dokument,Canal+ Dokument,Canal+ Dokument [Canal+ Discovery],0.000207
2026_05,DocuBox,Dariusz,DT,5.7570000000000006e-05,DocuBox,DocuBox,DocuBox,6e-05
2026_05,FILMBOX Action,Rafał,DT,0.00022899999999999998,FILMBOX Action,FILMBOX+ Action,FILMBOX+ Action [FILMBOX Action],0.000272
2026_05,FILMBOX Extra,Rafał,DT,5.27175e-05,FILMBOX Extra,FILMBOX+ Emotion,FILMBOX+ Emotion [FILMBOX Extra],0.000138
2026_05,FILMBOX Family,Rafał,DT,0.000233,FILMBOX Family,FILMBOX+ Comedy,FILMBOX+ Comedy [FILMBOX Family],0.000143
2026_05,TVN,,DT,0.08007318,TVN,TVN,TVN,0.085019
2026_05,TVP1,,DT,0.04820805,TVP1,TVP1,TVP1,0.047249
2026_05,TVP2,,DT,0.04374389249999999,TVP2,TVP2,TVP2,0.047725
2026_05,Polsat,Maciej,MJ,0.07617840095611997,Polsat,Polsat,Polsat,0.076259
2026_05,Fokus TV,Adam,MJ,0.0072564711086837794,Fokus TV,Fokus TV,Fokus TV,0.00843
2026_05,Nowa TV,Adam,MJ,0.003468010835471913,Nowa TV,Nowa TV,Nowa TV,0.003168
2026_05,Eleven Sports 1,Adam,MJ,0.0033025053086905226,Eleven Sports 1,Eleven Sports 1,Eleven Sports 1 [Eleven],0.00268
2026_05,Disco Polo Music,Adam,MJ,0.0006070194384449243,Disco Polo Music,Disco Polo Music,Disco Polo Music,0.000422
2026_05,Puls 2,Agata,MJ,0.01505,Puls 2,Puls 2,Puls 2,0.016387
2026_05,Zoom TV,Agata,MJ,0.004115450103364029,Zoom TV,ZOOM,ZOOM [Zoom TV],0.004437
2026_05,SPI Kino Polska,Agata,MJ,0.0023419565217391303,SPI Kino Polska,Kino Polska,Kino Polska,0.002488
2026_05,History,Agata,MJ,0.003311752412645591,History,History,HISTORY,0.004182
2026_05,CI Polsat,Agata,MJ,0.0010572178988326848,CI Polsat,CI Polsat,CI Polsat [Polsat Crime & Investigation Network],0.000963
2026_05,Polsat News,Dariusz,MJ,0.0115,Polsat News,Polsat News,Polsat News,0.009875
2026_05,Stopklatka,Dariusz,MJ,0.010444257518000846,Stopklatka,Stopklatka,Stopklatka,0.010373
2026_05,Wydarzenia24,Dariusz,MJ,0.01068,Wydarzenia24,Wydarzenia24,Wydarzenia 24 [Superstacja],0.010476
2026_05,Puls,Łukasz,MJ,0.0369741667444683,Puls,TV PULS,TV PULS [PULS],0.039444
2026_05,Polsat 2,Łukasz,MJ,0.006264001056105611,Polsat 2,Polsat2,Polsat2,0.007425
2026_05,Polsat Film,Łukasz,MJ,0.00488,Polsat Film,Polsat Film,Polsat Film,0.005179
2026_05,Polsat Sport 1,Łukasz,MJ,0.0034163042338709675,Polsat Sport 1,Polsat Sport 1,Polsat Sport 1 [Polsat Sport],0.003754
2026_05,Polsat Viasat History,Łukasz,MJ,0.0011,Polsat Viasat History,Polsat Viasat History,Polsat Viasat History [Viasat History],0.000953
2026_05,Polsat Viasat Explore,Łukasz,MJ,0.0009530914429530202,Polsat Viasat Explore,Polsat Viasat Explore,Polsat Viasat Explore [Polsat Viasat Explorer],0.000832
2026_05,Szóstka,Piotr,MJ,0.0189,Szóstka,TV6,TV6,0.016372
2026_05,Super Polsat,Piotr,MJ,0.011400341649899398,Super Polsat,Super Polsat,Super Polsat [Polsat Sport News],0.010008
2026_05,WPOLSCE24,Piotr,MJ,0.0087,WPOLSCE24,wPolsce24,wPolsce24 [Telewizja WPOLSCE.PL],0.007993
2026_05,AXN,Piotr,MJ,0.002777455142231947,AXN,AXN,AXN,0.003219
2026_05,BBC First,Piotr,MJ,0.00245,BBC First,BBC First,BBC First [BBC HD],0.002008
2026_05,Polsat Play,Rafał,MJ,0.00263,Polsat Play,Polsat Play,Polsat Play,0.003815
2026_05,Polo TV,Rafał,MJ,0.002786876971608833,Polo TV,Polo TV,Polo TV,0.003254
2026_05,SPI Kino TV,Rafał,MJ,0.00223,SPI Kino TV,FILMBOX+ One,FILMBOX+ One [Kino TV],0.001927
2026_05,Eska TV,Rafał,MJ,0.0034999999999999996,Eska TV,Eska TV [8TV],Eska TV [8TV],0.004361
2026_05,AMC,Rafał,MJ,0.00183,AMC,AMC,AMC [MGM],0.00209
2026_05,Czwórka,Wiola,MJ,0.032449737507827175,Czwórka,TV4 pl,TV4,0.033485
2026_05,TV Republika,Wiola,MJ,0.0327,TV Republika,Republika,Republika [TV Republika],0.034015
2026_05,WP,Wiola,MJ,0.00456,WP,WP,WP,0.005312
2026_05,Polsat Seriale,Wiola,MJ,0.00335476610324349,Polsat Seriale,Polsat Seriale,Polsat Seriale [Polsat Romans],0.004128
2026_05,Polsat Cafe,Wiola,MJ,0.0027357040431266848,Polsat Cafe,Polsat Cafe,Polsat Cafe,0.002354
2026_05,NBCU 13 Ulica,Wiola,MJ,0.00166,NBCU 13 Ulica,13 Ulica,13 Ulica [13th Street Universal],0.0016
2026_05,4FUN.TV,Wiola,MJ,0.0021682657631113735,4FUN.TV,4FUN.TV,4FUN.TV [4fun.tv],0.002258
2026_05,Stars.tv,Wiola,MJ,0.0024,Stars.tv,Stars.tv,Stars.tv,0.002252
2026_05,BBC Earth,Piotr,MJ,0.0016385710754017308,BBC Earth,BBC Earth,BBC Earth [BBC Knowledge],0.001415
2026_05,AXN White,Piotr,MJ,0.0005320575815738963,AXN White,AXN White,AXN White [AXN Crime],0.000865
2026_05,History2,Agata,MJ,0.00212,History2,History2 [H2],HISTORY2 [H2],0.002054
2026_05,Polsat Doku,Dariusz,MJ,0.00091,Polsat Doku,Polsat Doku,Polsat Doku,0.001003
2026_05,Polsat Sport 2,Adam,MJ,0.00084,Polsat Sport 2,Polsat Sport 2,Polsat Sport 2 [Polsat Sport Extra],0.000856
2026_05,Polsat JimJam,Dariusz,MJ,0.0008935501460564753,Polsat JimJam,Polsat JimJam,Polsat JimJam [JimJam],0.001
2026_05,Epic Drama,Łukasz,MJ,0.00065,Epic Drama,Viasat Epic Drama,Viasat Epic Drama [Epic Drama],0.000348
2026_05,NBCU SciFi Universal,Łukasz,MJ,0.00087,NBCU SciFi Universal,Scifi Universal,Scifi Universal,0.000592
2026_05,4FUN KIDS,Wiola,MJ,0.00028,4FUN KIDS,4FUN KIDS,4FUN KIDS [4FUN GOLD],0.000919
2026_05,Polsat News 2,Dariusz,MJ,0.0008003303964757711,Polsat News 2,Polsat News 2,Polsat News 2 [Polsat Biznes],0.000835
2026_05,BBC CBeebies,Dariusz,MJ,0.0011785828166519042,BBC CBeebies,BBC CBeebies,BBC CBeebies,0.001147
2026_05,AXN Black,Piotr,MJ,0.00183,AXN Black,AXN Black,AXN Black [AXN Sci-Fi],0.001573
2026_05,Polsat Rodzina,Piotr,MJ,0.0008163498647430119,Polsat Rodzina,Polsat Rodzina,Polsat Rodzina,0.000743
2026_05,SPI Kino Polska Muzyka,Agata,MJ,0.0004429587852494577,SPI Kino Polska Muzyka,Kino Polska Muzyka,Kino Polska Muzyka,0.000381
2026_05,Polsat Viasat Nature,Łukasz,MJ,0.0003127858627858628,Polsat Viasat Nature,Polsat Viasat Nature,Polsat Viasat Nature [Viasat Nature],0.000476
2026_05,TELE5,Adam,MJ,0.0005776595744680851,TELE5,Tele5,Tele5,0.00095
2026_05,BBC Brit,Piotr,MJ,0.00082,BBC Brit,BBC Brit,BBC Brit [BBC Entertainment],0.000551
2026_05,Eska TV Extra,Adam,MJ,0.0003865377906976744,Eska TV Extra,Eska Extra [Eska TV],Eska TV Extra [Eska TV],0.00038
2026_05,BBC Lifestyle,Piotr,MJ,0.0004253743937924346,BBC Lifestyle,BBC Lifestyle,BBC Lifestyle,0.00064
2026_05,4FUN DANCE,Wiola,MJ,0.0003866106870229008,4FUN DANCE,4FUN DANCE,4FUN DANCE [4FUN FIT&DANCE],0.000441
2026_05,Polsat Music,Piotr,MJ,0.00036909772727272737,Polsat Music,Polsat Music HD,Polsat Music HD [Muzo.tv],0.000428
2026_05,Polsat Games,Łukasz,MJ,0.0002724489795918367,Polsat Games,Polsat Games,Polsat Games,0.000247
2026_05,Polsat Sport 3,Rafał,MJ,0.00053,Polsat Sport 3,Polsat Sport 3,Polsat Sport 3 [Polsat Sport News HD],0.000467
2026_05,Extreme Sports,Łukasz,MJ,5.055555555555555e-05,Extreme Sports,Extreme Sports,Extreme Sports,2.2e-05
2026_05,Vox Music TV,Adam,MJ,0.00027002262443438915,Vox Music TV,Vox Music TV,Vox Music TV,0.000282
2026_05,AXN Spin,Piotr,MJ,0.00024392727272727272,AXN Spin,AXN Spin,AXN Spin,0.000182
2026_05,Eska Rock TV,Adam,MJ,0.0002667692307692308,Eska Rock TV,Eska Rock TV,Eska Rock TV [HIP HOP TV],0.000157
2026_05,Eleven Sports 2,Łukasz,MJ,0.0004815891472868217,Eleven Sports 2,Eleven Sports 2,Eleven Sports 2 [Eleven Sports],0.0005
2026_05,NBCU E Entertainment,Wiola,MJ,7.6e-05,NBCU E Entertainment,E!Entertainment,E!Entertainment [E!],7.2e-05
2026_05,POLONIA1,Adam,MJ,0.00015769777777777775,POLONIA1,Polonia 1,Polonia1,0.000317
2026_05,Sundance TV,Agata,MJ,4.8631578947368415e-05,Sundance TV,Sundance Channel,Sundance Channel,0.00015
2026_05,Novela TV,Dariusz,MJ,8.89277108433735e-05,Novela TV,Novela TV,Novela TV,3.6e-05
2026_05,SPI Gametoon,Agata,MJ,9.545454545454545e-06,SPI Gametoon,Gametoon,Gametoon,1.8e-05
2026_05,Golf Zone,Agata,MJ,2.191379310344828e-05,Golf Zone,Golf Zone,Golf Zone [Golf Channel Polska],4.5e-05
2026_05,Water Planet,Adam,MJ,7.256818181818181e-05,Water Planet,Water Planet,Water Planet [CSB TV],0.000201
2026_05,Polsat Film 2,Łukasz,MJ,0.00045,Polsat Film 2,Polsat Film 2,Polsat Film 2,0.000558
2026_05,Polsat Reality,Rafał,MJ,0.0005,Polsat Reality,Polsat Reality,Polsat Reality,0.000518
2026_05,Polsat X,Rafał,MJ,0.00033,Polsat X,Polsat X,Polsat X,0.000313
2026_05,DaVinci,Dariusz,MJ,3.147368421052631e-05,DaVinci,Da Vinci,Da Vinci [Da Vinci Learning],4.4e-05
2026_05,TVT,Adam,MJ,1e-06,TVT,TVT,TVT,7.2e-05
2026_05,FILMBOX Premium,Łukasz,MJ,0.00018,FILMBOX Premium,FILMBOX+ Hits,FILMBOX+ Hits [FILMBOX Premium],0.000138
2026_05,Ale Kino+,Agata,MJ,0.0011239369158878507,Ale Kino+,Ale Kino+,Ale Kino+ [Ale Kino],0.001274
2026_05,Canal+ Domo,Wiola,MJ,0.0011199732381801963,Canal+ Domo,CANAL+ DOMO,CANAL+ DOMO [Domo+],0.001051
2026_05,Planete+,Dariusz,MJ,0.0012516952686447474,Planete+,Planete+,Planete+ [Planete],0.001403
2026_05,MiniMini+,Dariusz,MJ,0.0013683067207938655,MiniMini+,MiniMini+,MiniMini+ [MiniMini],0.002081
2026_05,teleTOON+,Dariusz,MJ,0.0002483111111111111,teleTOON+,teleTOON+,teleTOON+ [ZigZap/Hyper],0.000323
2026_05,Novelas+,Agata,MJ,0.00223,Novelas+,Novelas,Novelas,0.00159
2026_05,CANAL+ KUCHNIA,Wiola,MJ,0.00106,CANAL+ KUCHNIA,CANAL+ KUCHNIA,CANAL+ KUCHNIA [kuchnia+],0.000997
2026_05,Canal+ 360,Rafał,MJ,0.0009,Canal+ 360,CANAL+ 360,Canal+ 360 [Canal+ Family],0.000923
2026_05,Canal+ Sport,Łukasz,MJ,0.00129,Canal+ Sport,Canal+ Sport,CANAL+ SPORT [Canal+ Niebieski],0.001989
2026_05,Canal+ Sport2,Adam,MJ,0.000455,Canal+ Sport2,Canal+ Sport2,CANAL+ SPORT2,0.000919
2026_05,Canal+ Sport3,Adam,MJ,0.0023870843373493974,Canal+ Sport3,CANAL+ SPORT3,CANAL+ SPORT3,0.002794
2026_05,Canal+ Sport4,Rafał,MJ,0.00017,Canal+ Sport4,CANAL+ SPORT4,CANAL+ SPORT4,0.000243
2026_05,Canal+ Sport5,Rafał,MJ,0.00133,Canal+ Sport5,Canal+ SPORT5,CANAL+ SPORT5 [nSport+],0.002227
2026_05,CANAL+ Extra1,Łukasz,MJ,0.00078,CANAL+ Extra1,CANAL+ Extra 1,CANAL+ EXTRA 1,0.001401
2026_05,CANAL+ Extra2,Łukasz,MJ,0.00028,CANAL+ Extra2,CANAL+ Extra 2,CANAL+ EXTRA 2,
2026_05,Viasat True Crime,Rafał,MJ,0.00022,Viasat True Crime,Viasat True Crime,Viasat True Crime,0.00034
2026_05,Novelas+1,Agata,MJ,0.00010549132947976878,Novelas+1,Novelas+1,Novelas+1 [DIZI],0.000154
2026_05,Kabaret TV,Rafał,MJ,0.00163,Kabaret TV,Kabaret TV,Kabaret TV,0.001619
2026_05,Polsat News Polityka,Dariusz,MJ,0.00053,Polsat News Polityka,Polsat News Polityka,Polsat News Polityka,0.000564
2026_05,Kanał Zero TV,Wiola,MJ,2e-05,Kanał Zero TV,ZERO,ZERO,0.00269
2026_05,CANAL+ Seriale,Wiola,MJ,0.00013,CANAL+ Seriale,Canal+ Seriale,Canal+ Seriale [Canal+ Film 2],0.000126
2026_05,CANAL+ Dokument,Wiola,MJ,0.00037,CANAL+ Dokument,Canal+ Dokument,Canal+ Dokument [Canal+ Discovery],0.000207
2026_05,DocuBox,Dariusz,MJ,0.00016,DocuBox,DocuBox,DocuBox,6e-05
2026_05,FILMBOX Action,Rafał,MJ,0.00031,FILMBOX Action,FILMBOX+ Action,FILMBOX+ Action [FILMBOX Action],0.000272
2026_05,FILMBOX Extra,Rafał,MJ,0.0001,FILMBOX Extra,FILMBOX+ Emotion,FILMBOX+ Emotion [FILMBOX Extra],0.000138
2026_05,FILMBOX Family,Rafał,MJ,0.00028,FILMBOX Family,FILMBOX+ Comedy,FILMBOX+ Comedy [FILMBOX Family],0.000143
2026_05,TVN,,MJ,0.08166925724797458,TVN,TVN,TVN,0.085019
2026_05,TVP1,,MJ,0.051260658623881517,TVP1,TVP1,TVP1,0.047249
2026_05,TVP2,,MJ,0.039614336440853534,TVP2,TVP2,TVP2,0.047725
2026_05,Polsat,Maciej,AKB,0.07342608791376701,Polsat,Polsat,Polsat,0.076259
2026_05,Fokus TV,Adam,AKB,0.007865802292263609,Fokus TV,Fokus TV,Fokus TV,0.00843
2026_05,Nowa TV,Adam,AKB,0.0034280397050482133,Nowa TV,Nowa TV,Nowa TV,0.003168
2026_05,Eleven Sports 1,Adam,AKB,0.003389669230769231,Eleven Sports 1,Eleven Sports 1,Eleven Sports 1 [Eleven],0.00268
2026_05,Disco Polo Music,Adam,AKB,0.000630508064516129,Disco Polo Music,Disco Polo Music,Disco Polo Music,0.000422
2026_05,Puls 2,Agata,AKB,0.015433330580837734,Puls 2,Puls 2,Puls 2,0.016387
2026_05,Zoom TV,Agata,AKB,0.0041333854451991925,Zoom TV,ZOOM,ZOOM [Zoom TV],0.004437
2026_05,SPI Kino Polska,Agata,AKB,0.00249260724478595,SPI Kino Polska,Kino Polska,Kino Polska,0.002488
2026_05,History,Agata,AKB,0.0032098144599303135,History,History,HISTORY,0.004182
2026_05,CI Polsat,Agata,AKB,0.0012193425925925922,CI Polsat,CI Polsat,CI Polsat [Polsat Crime & Investigation Network],0.000963
2026_05,Polsat News,Dariusz,AKB,0.012916751878612718,Polsat News,Polsat News,Polsat News,0.009875
2026_05,Stopklatka,Dariusz,AKB,0.010406239327296247,Stopklatka,Stopklatka,Stopklatka,0.010373
2026_05,Wydarzenia24,Dariusz,AKB,0.010030697725568609,Wydarzenia24,Wydarzenia24,Wydarzenia 24 [Superstacja],0.010476
2026_05,Puls,Łukasz,AKB,0.03795203659870711,Puls,TV PULS,TV PULS [PULS],0.039444
2026_05,Polsat 2,Łukasz,AKB,0.006992320661157026,Polsat 2,Polsat2,Polsat2,0.007425
2026_05,Polsat Film,Łukasz,AKB,0.005564236956973603,Polsat Film,Polsat Film,Polsat Film,0.005179
2026_05,Polsat Sport 1,Łukasz,AKB,0.0034156658772874055,Polsat Sport 1,Polsat Sport 1,Polsat Sport 1 [Polsat Sport],0.003754
2026_05,Polsat Viasat History,Łukasz,AKB,0.0010032994023904383,Polsat Viasat History,Polsat Viasat History,Polsat Viasat History [Viasat History],0.000953
2026_05,Polsat Viasat Explore,Łukasz,AKB,0.0010650589494163422,Polsat Viasat Explore,Polsat Viasat Explore,Polsat Viasat Explore [Polsat Viasat Explorer],0.000832
2026_05,Szóstka,Piotr,AKB,0.019075671077306403,Szóstka,TV6,TV6,0.016372
2026_05,Super Polsat,Piotr,AKB,0.011343738516420105,Super Polsat,Super Polsat,Super Polsat [Polsat Sport News],0.010008
2026_05,WPOLSCE24,Piotr,AKB,0.009407825128915038,WPOLSCE24,wPolsce24,wPolsce24 [Telewizja WPOLSCE.PL],0.007993
2026_05,AXN,Piotr,AKB,0.002740424565681195,AXN,AXN,AXN,0.003219
2026_05,BBC First,Piotr,AKB,0.002335340020470829,BBC First,BBC First,BBC First [BBC HD],0.002008
2026_05,Polsat Play,Rafał,AKB,0.0028593452321803935,Polsat Play,Polsat Play,Polsat Play,0.003815
2026_05,Polo TV,Rafał,AKB,0.0026523314415437004,Polo TV,Polo TV,Polo TV,0.003254
2026_05,SPI Kino TV,Rafał,AKB,0.0023933148599944555,SPI Kino TV,FILMBOX+ One,FILMBOX+ One [Kino TV],0.001927
2026_05,Eska TV,Rafał,AKB,0.0026197533480825956,Eska TV,Eska TV [8TV],Eska TV [8TV],0.004361
2026_05,AMC,Rafał,AKB,0.0019217612758374914,AMC,AMC,AMC [MGM],0.00209
2026_05,Czwórka,Wiola,AKB,0.03164311182149479,Czwórka,TV4 pl,TV4,0.033485
2026_05,TV Republika,Wiola,AKB,0.03434783436823105,TV Republika,Republika,Republika [TV Republika],0.034015
2026_05,WP,Wiola,AKB,0.005055040907898188,WP,WP,WP,0.005312
2026_05,Polsat Seriale,Wiola,AKB,0.003984417816813048,Polsat Seriale,Polsat Seriale,Polsat Seriale [Polsat Romans],0.004128
2026_05,Polsat Cafe,Wiola,AKB,0.0028773643702906353,Polsat Cafe,Polsat Cafe,Polsat Cafe,0.002354
2026_05,NBCU 13 Ulica,Wiola,AKB,0.0018600579310344828,NBCU 13 Ulica,13 Ulica,13 Ulica [13th Street Universal],0.0016
2026_05,4FUN.TV,Wiola,AKB,0.0018255574441687343,4FUN.TV,4FUN.TV,4FUN.TV [4fun.tv],0.002258
2026_05,Stars.tv,Wiola,AKB,0.0024200558922558924,Stars.tv,Stars.tv,Stars.tv,0.002252
2026_05,BBC Earth,Piotr,AKB,0.0015777263157894736,BBC Earth,BBC Earth,BBC Earth [BBC Knowledge],0.001415
2026_05,AXN White,Piotr,AKB,0.0005153970037453183,AXN White,AXN White,AXN White [AXN Crime],0.000865
2026_05,History2,Agata,AKB,0.0020998704999999995,History2,History2 [H2],HISTORY2 [H2],0.002054
2026_05,Polsat Doku,Dariusz,AKB,0.0008032967193195628,Polsat Doku,Polsat Doku,Polsat Doku,0.001003
2026_05,Polsat Sport 2,Adam,AKB,0.00091893979303857,Polsat Sport 2,Polsat Sport 2,Polsat Sport 2 [Polsat Sport Extra],0.000856
2026_05,Polsat JimJam,Dariusz,AKB,0.0006653571428571428,Polsat JimJam,Polsat JimJam,Polsat JimJam [JimJam],0.001
2026_05,Epic Drama,Łukasz,AKB,0.0007469354146341465,Epic Drama,Viasat Epic Drama,Viasat Epic Drama [Epic Drama],0.000348
2026_05,NBCU SciFi Universal,Łukasz,AKB,0.0008157727272727274,NBCU SciFi Universal,Scifi Universal,Scifi Universal,0.000592
2026_05,4FUN KIDS,Wiola,AKB,0.0001008770909090909,4FUN KIDS,4FUN KIDS,4FUN KIDS [4FUN GOLD],0.000919
2026_05,Polsat News 2,Dariusz,AKB,0.0006078775423728814,Polsat News 2,Polsat News 2,Polsat News 2 [Polsat Biznes],0.000835
2026_05,BBC CBeebies,Dariusz,AKB,0.0012216856392294223,BBC CBeebies,BBC CBeebies,BBC CBeebies,0.001147
2026_05,AXN Black,Piotr,AKB,0.0023373167298321603,AXN Black,AXN Black,AXN Black [AXN Sci-Fi],0.001573
2026_05,Polsat Rodzina,Piotr,AKB,0.0010972355778894472,Polsat Rodzina,Polsat Rodzina,Polsat Rodzina,0.000743
2026_05,SPI Kino Polska Muzyka,Agata,AKB,0.00039376,SPI Kino Polska Muzyka,Kino Polska Muzyka,Kino Polska Muzyka,0.000381
2026_05,Polsat Viasat Nature,Łukasz,AKB,0.0003634177215189873,Polsat Viasat Nature,Polsat Viasat Nature,Polsat Viasat Nature [Viasat Nature],0.000476
2026_05,TELE5,Adam,AKB,0.0005642004524886878,TELE5,Tele5,Tele5,0.00095
2026_05,BBC Brit,Piotr,AKB,0.0007347972972972972,BBC Brit,BBC Brit,BBC Brit [BBC Entertainment],0.000551
2026_05,Eska TV Extra,Adam,AKB,0.0003107592592592593,Eska TV Extra,Eska Extra [Eska TV],Eska TV Extra [Eska TV],0.00038
2026_05,BBC Lifestyle,Piotr,AKB,0.0005099777553083923,BBC Lifestyle,BBC Lifestyle,BBC Lifestyle,0.00064
2026_05,4FUN DANCE,Wiola,AKB,0.00030113378684807257,4FUN DANCE,4FUN DANCE,4FUN DANCE [4FUN FIT&DANCE],0.000441
2026_05,Polsat Music,Piotr,AKB,0.0002825714285714285,Polsat Music,Polsat Music HD,Polsat Music HD [Muzo.tv],0.000428
2026_05,Polsat Games,Łukasz,AKB,0.00025139809523809525,Polsat Games,Polsat Games,Polsat Games,0.000247
2026_05,Polsat Sport 3,Rafał,AKB,0.0003748476683937824,Polsat Sport 3,Polsat Sport 3,Polsat Sport 3 [Polsat Sport News HD],0.000467
2026_05,Extreme Sports,Łukasz,AKB,3.78e-05,Extreme Sports,Extreme Sports,Extreme Sports,2.2e-05
2026_05,Vox Music TV,Adam,AKB,0.00010307053941908714,Vox Music TV,Vox Music TV,Vox Music TV,0.000282
2026_05,AXN Spin,Piotr,AKB,0.00021157842105263156,AXN Spin,AXN Spin,AXN Spin,0.000182
2026_05,Eska Rock TV,Adam,AKB,0.0002268595744680851,Eska Rock TV,Eska Rock TV,Eska Rock TV [HIP HOP TV],0.000157
2026_05,Eleven Sports 2,Łukasz,AKB,0.0005957489878542511,Eleven Sports 2,Eleven Sports 2,Eleven Sports 2 [Eleven Sports],0.0005
2026_05,NBCU E Entertainment,Wiola,AKB,6.193548387096774e-05,NBCU E Entertainment,E!Entertainment,E!Entertainment [E!],7.2e-05
2026_05,POLONIA1,Adam,AKB,0.00018754228855721392,POLONIA1,Polonia 1,Polonia1,0.000317
2026_05,Sundance TV,Agata,AKB,0.00010324416243654824,Sundance TV,Sundance Channel,Sundance Channel,0.00015
2026_05,Novela TV,Dariusz,AKB,5.4720000000000005e-05,Novela TV,Novela TV,Novela TV,3.6e-05
2026_05,SPI Gametoon,Agata,AKB,1.925e-05,SPI Gametoon,Gametoon,Gametoon,1.8e-05
2026_05,Golf Zone,Agata,AKB,2.123076923076923e-05,Golf Zone,Golf Zone,Golf Zone [Golf Channel Polska],4.5e-05
2026_05,Water Planet,Adam,AKB,6.352631578947369e-05,Water Planet,Water Planet,Water Planet [CSB TV],0.000201
2026_05,Polsat Film 2,Łukasz,AKB,0.000504,Polsat Film 2,Polsat Film 2,Polsat Film 2,0.000558
2026_05,Polsat Reality,Rafał,AKB,0.000631,Polsat Reality,Polsat Reality,Polsat Reality,0.000518
2026_05,Polsat X,Rafał,AKB,0.0004,Polsat X,Polsat X,Polsat X,0.000313
2026_05,DaVinci,Dariusz,AKB,5.92724409448819e-05,DaVinci,Da Vinci,Da Vinci [Da Vinci Learning],4.4e-05
2026_05,TVT,Adam,AKB,4.1e-05,TVT,TVT,TVT,7.2e-05
2026_05,FILMBOX Premium,Łukasz,AKB,0.000179,FILMBOX Premium,FILMBOX+ Hits,FILMBOX+ Hits [FILMBOX Premium],0.000138
2026_05,Ale Kino+,Agata,AKB,0.0015007334963325182,Ale Kino+,Ale Kino+,Ale Kino+ [Ale Kino],0.001274
2026_05,Canal+ Domo,Wiola,AKB,0.0011987579225352111,Canal+ Domo,CANAL+ DOMO,CANAL+ DOMO [Domo+],0.001051
2026_05,Planete+,Dariusz,AKB,0.0013765384615384616,Planete+,Planete+,Planete+ [Planete],0.001403
2026_05,MiniMini+,Dariusz,AKB,0.0011594000853970964,MiniMini+,MiniMini+,MiniMini+ [MiniMini],0.002081
2026_05,teleTOON+,Dariusz,AKB,0.0002670798561151079,teleTOON+,teleTOON+,teleTOON+ [ZigZap/Hyper],0.000323
2026_05,Novelas+,Agata,AKB,0.0024890669409282705,Novelas+,Novelas,Novelas,0.00159
2026_05,CANAL+ KUCHNIA,Wiola,AKB,0.0011427766853932585,CANAL+ KUCHNIA,CANAL+ KUCHNIA,CANAL+ KUCHNIA [kuchnia+],0.000997
2026_05,Canal+ 360,Rafał,AKB,0.0009286731601731602,Canal+ 360,CANAL+ 360,Canal+ 360 [Canal+ Family],0.000923
2026_05,Canal+ Sport,Łukasz,AKB,0.000974165238095238,Canal+ Sport,Canal+ Sport,CANAL+ SPORT [Canal+ Niebieski],0.001989
2026_05,Canal+ Sport2,Adam,AKB,0.0005264264267990075,Canal+ Sport2,Canal+ Sport2,CANAL+ SPORT2,0.000919
2026_05,Canal+ Sport3,Adam,AKB,0.00248321269296741,Canal+ Sport3,CANAL+ SPORT3,CANAL+ SPORT3,0.002794
2026_05,Canal+ Sport4,Rafał,AKB,0.00013511111111111113,Canal+ Sport4,CANAL+ SPORT4,CANAL+ SPORT4,0.000243
2026_05,Canal+ Sport5,Rafał,AKB,0.001981793306288033,Canal+ Sport5,Canal+ SPORT5,CANAL+ SPORT5 [nSport+],0.002227
2026_05,CANAL+ Extra1,Łukasz,AKB,0.0007902400000000001,CANAL+ Extra1,CANAL+ Extra 1,CANAL+ EXTRA 1,0.001401
2026_05,CANAL+ Extra2,Łukasz,AKB,0.00032300000000000004,CANAL+ Extra2,CANAL+ Extra 2,CANAL+ EXTRA 2,
2026_05,Viasat True Crime,Rafał,AKB,0.0002621003717472119,Viasat True Crime,Viasat True Crime,Viasat True Crime,0.00034
2026_05,Novelas+1,Agata,AKB,0.00011576923076923079,Novelas+1,Novelas+1,Novelas+1 [DIZI],0.000154
2026_05,Kabaret TV,Rafał,AKB,0.0014660682754561508,Kabaret TV,Kabaret TV,Kabaret TV,0.001619
2026_05,Polsat News Polityka,Dariusz,AKB,0.0005722341804320204,Polsat News Polityka,Polsat News Polityka,Polsat News Polityka,0.000564
2026_05,Kanał Zero TV,Wiola,AKB,5e-05,Kanał Zero TV,ZERO,ZERO,0.00269
2026_05,CANAL+ Seriale,Wiola,AKB,0.000137,CANAL+ Seriale,Canal+ Seriale,Canal+ Seriale [Canal+ Film 2],0.000126
2026_05,CANAL+ Dokument,Wiola,AKB,0.00041,CANAL+ Dokument,Canal+ Dokument,Canal+ Dokument [Canal+ Discovery],0.000207
2026_05,DocuBox,Dariusz,AKB,5.4000000000000005e-05,DocuBox,DocuBox,DocuBox,6e-05
2026_05,FILMBOX Action,Rafał,AKB,0.000273,FILMBOX Action,FILMBOX+ Action,FILMBOX+ Action [FILMBOX Action],0.000272
2026_05,FILMBOX Extra,Rafał,AKB,0.000106,FILMBOX Extra,FILMBOX+ Emotion,FILMBOX+ Emotion [FILMBOX Extra],0.000138
2026_05,FILMBOX Family,Rafał,AKB,0.000257,FILMBOX Family,FILMBOX+ Comedy,FILMBOX+ Comedy [FILMBOX Family],0.000143
2026_05,TVN,,AKB,0.07468976496286005,TVN,TVN,TVN,0.085019
2026_05,TVP1,,AKB,0.04993413355000739,TVP1,TVP1,TVP1,0.047249
2026_05,TVP2,,AKB,0.03774191381007403,TVP2,TVP2,TVP2,0.047725
2026_05,Polsat,Maciej,BW,0.077,Polsat,Polsat,Polsat,0.076259
2026_05,Fokus TV,Adam,BW,0.007970333333333334,Fokus TV,Fokus TV,Fokus TV,0.00843
2026_05,Nowa TV,Adam,BW,0.0035879999999999996,Nowa TV,Nowa TV,Nowa TV,0.003168
2026_05,Eleven Sports 1,Adam,BW,0.003,Eleven Sports 1,Eleven Sports 1,Eleven Sports 1 [Eleven],0.00268
2026_05,Disco Polo Music,Adam,BW,0.0005926666666666667,Disco Polo Music,Disco Polo Music,Disco Polo Music,0.000422
2026_05,Puls 2,Agata,BW,0.017,Puls 2,Puls 2,Puls 2,0.016387
2026_05,Zoom TV,Agata,BW,0.004399333333333333,Zoom TV,ZOOM,ZOOM [Zoom TV],0.004437
2026_05,SPI Kino Polska,Agata,BW,0.0029116666666666666,SPI Kino Polska,Kino Polska,Kino Polska,0.002488
2026_05,History,Agata,BW,0.0034156666666666662,History,History,HISTORY,0.004182
2026_05,CI Polsat,Agata,BW,0.0013453333333333331,CI Polsat,CI Polsat,CI Polsat [Polsat Crime & Investigation Network],0.000963
2026_05,Polsat News,Dariusz,BW,0.011,Polsat News,Polsat News,Polsat News,0.009875
2026_05,Stopklatka,Dariusz,BW,0.010916,Stopklatka,Stopklatka,Stopklatka,0.010373
2026_05,Wydarzenia24,Dariusz,BW,0.010285666666666667,Wydarzenia24,Wydarzenia24,Wydarzenia 24 [Superstacja],0.010476
2026_05,Puls,Łukasz,BW,0.03738133333333333,Puls,TV PULS,TV PULS [PULS],0.039444
2026_05,Polsat 2,Łukasz,BW,0.007077666666666667,Polsat 2,Polsat2,Polsat2,0.007425
2026_05,Polsat Film,Łukasz,BW,0.005793666666666667,Polsat Film,Polsat Film,Polsat Film,0.005179
2026_05,Polsat Sport 1,Łukasz,BW,0.003453666666666667,Polsat Sport 1,Polsat Sport 1,Polsat Sport 1 [Polsat Sport],0.003754
2026_05,Polsat Viasat History,Łukasz,BW,0.0011696666666666667,Polsat Viasat History,Polsat Viasat History,Polsat Viasat History [Viasat History],0.000953
2026_05,Polsat Viasat Explore,Łukasz,BW,0.0010883333333333333,Polsat Viasat Explore,Polsat Viasat Explore,Polsat Viasat Explore [Polsat Viasat Explorer],0.000832
2026_05,Szóstka,Piotr,BW,0.018439,Szóstka,TV6,TV6,0.016372
2026_05,Super Polsat,Piotr,BW,0.011648,Super Polsat,Super Polsat,Super Polsat [Polsat Sport News],0.010008
2026_05,WPOLSCE24,Piotr,BW,0.008374666666666667,WPOLSCE24,wPolsce24,wPolsce24 [Telewizja WPOLSCE.PL],0.007993
2026_05,AXN,Piotr,BW,0.0028146666666666667,AXN,AXN,AXN,0.003219
2026_05,BBC First,Piotr,BW,0.002219333333333333,BBC First,BBC First,BBC First [BBC HD],0.002008
2026_05,Polsat Play,Rafał,BW,0.003098,Polsat Play,Polsat Play,Polsat Play,0.003815
2026_05,Polo TV,Rafał,BW,0.0029,Polo TV,Polo TV,Polo TV,0.003254
2026_05,SPI Kino TV,Rafał,BW,0.0028966666666666667,SPI Kino TV,FILMBOX+ One,FILMBOX+ One [Kino TV],0.001927
2026_05,Eska TV,Rafał,BW,0.0032790000000000002,Eska TV,Eska TV [8TV],Eska TV [8TV],0.004361
2026_05,AMC,Rafał,BW,0.0024883333333333333,AMC,AMC,AMC [MGM],0.00209
2026_05,Czwórka,Wiola,BW,0.0317,Czwórka,TV4 pl,TV4,0.033485
2026_05,TV Republika,Wiola,BW,0.033,TV Republika,Republika,Republika [TV Republika],0.034015
2026_05,WP,Wiola,BW,0.005184666666666666,WP,WP,WP,0.005312
2026_05,Polsat Seriale,Wiola,BW,0.004102666666666667,Polsat Seriale,Polsat Seriale,Polsat Seriale [Polsat Romans],0.004128
2026_05,Polsat Cafe,Wiola,BW,0.0027526666666666667,Polsat Cafe,Polsat Cafe,Polsat Cafe,0.002354
2026_05,NBCU 13 Ulica,Wiola,BW,0.0017773333333333332,NBCU 13 Ulica,13 Ulica,13 Ulica [13th Street Universal],0.0016
2026_05,4FUN.TV,Wiola,BW,0.0016070000000000001,4FUN.TV,4FUN.TV,4FUN.TV [4fun.tv],0.002258
2026_05,Stars.tv,Wiola,BW,0.0021303333333333335,Stars.tv,Stars.tv,Stars.tv,0.002252
2026_05,BBC Earth,Piotr,BW,0.0016439999999999998,BBC Earth,BBC Earth,BBC Earth [BBC Knowledge],0.001415
2026_05,AXN White,Piotr,BW,0.0005543333333333334,AXN White,AXN White,AXN White [AXN Crime],0.000865
2026_05,History2,Agata,BW,0.001799,History2,History2 [H2],HISTORY2 [H2],0.002054
2026_05,Polsat Doku,Dariusz,BW,0.0009893333333333334,Polsat Doku,Polsat Doku,Polsat Doku,0.001003
2026_05,Polsat Sport 2,Adam,BW,0.0007240000000000001,Polsat Sport 2,Polsat Sport 2,Polsat Sport 2 [Polsat Sport Extra],0.000856
2026_05,Polsat JimJam,Dariusz,BW,0.0008406666666666666,Polsat JimJam,Polsat JimJam,Polsat JimJam [JimJam],0.001
2026_05,Epic Drama,Łukasz,BW,0.0007413333333333334,Epic Drama,Viasat Epic Drama,Viasat Epic Drama [Epic Drama],0.000348
2026_05,NBCU SciFi Universal,Łukasz,BW,0.0011336666666666667,NBCU SciFi Universal,Scifi Universal,Scifi Universal,0.000592
2026_05,4FUN KIDS,Wiola,BW,0.000251,4FUN KIDS,4FUN KIDS,4FUN KIDS [4FUN GOLD],0.000919
2026_05,Polsat News 2,Dariusz,BW,0.000821,Polsat News 2,Polsat News 2,Polsat News 2 [Polsat Biznes],0.000835
2026_05,BBC CBeebies,Dariusz,BW,0.001359,BBC CBeebies,BBC CBeebies,BBC CBeebies,0.001147
2026_05,AXN Black,Piotr,BW,0.0016513333333333334,AXN Black,AXN Black,AXN Black [AXN Sci-Fi],0.001573
2026_05,Polsat Rodzina,Piotr,BW,0.0009960000000000001,Polsat Rodzina,Polsat Rodzina,Polsat Rodzina,0.000743
2026_05,SPI Kino Polska Muzyka,Agata,BW,0.00036933333333333333,SPI Kino Polska Muzyka,Kino Polska Muzyka,Kino Polska Muzyka,0.000381
2026_05,Polsat Viasat Nature,Łukasz,BW,0.0004436666666666667,Polsat Viasat Nature,Polsat Viasat Nature,Polsat Viasat Nature [Viasat Nature],0.000476
2026_05,TELE5,Adam,BW,0.0009160000000000001,TELE5,Tele5,Tele5,0.00095
2026_05,BBC Brit,Piotr,BW,0.0007123333333333334,BBC Brit,BBC Brit,BBC Brit [BBC Entertainment],0.000551
2026_05,Eska TV Extra,Adam,BW,0.000391,Eska TV Extra,Eska Extra [Eska TV],Eska TV Extra [Eska TV],0.00038
2026_05,BBC Lifestyle,Piotr,BW,0.0004716666666666667,BBC Lifestyle,BBC Lifestyle,BBC Lifestyle,0.00064
2026_05,4FUN DANCE,Wiola,BW,0.0004083333333333333,4FUN DANCE,4FUN DANCE,4FUN DANCE [4FUN FIT&DANCE],0.000441
2026_05,Polsat Music,Piotr,BW,0.0002666666666666666,Polsat Music,Polsat Music HD,Polsat Music HD [Muzo.tv],0.000428
2026_05,Polsat Games,Łukasz,BW,0.0003356666666666667,Polsat Games,Polsat Games,Polsat Games,0.000247
2026_05,Polsat Sport 3,Rafał,BW,0.000446,Polsat Sport 3,Polsat Sport 3,Polsat Sport 3 [Polsat Sport News HD],0.000467
2026_05,Extreme Sports,Łukasz,BW,3.866666666666667e-05,Extreme Sports,Extreme Sports,Extreme Sports,2.2e-05
2026_05,Vox Music TV,Adam,BW,0.00023400000000000002,Vox Music TV,Vox Music TV,Vox Music TV,0.000282
2026_05,AXN Spin,Piotr,BW,0.00020999999999999998,AXN Spin,AXN Spin,AXN Spin,0.000182
2026_05,Eska Rock TV,Adam,BW,0.00034533333333333334,Eska Rock TV,Eska Rock TV,Eska Rock TV [HIP HOP TV],0.000157
2026_05,Eleven Sports 2,Łukasz,BW,0.0005173333333333333,Eleven Sports 2,Eleven Sports 2,Eleven Sports 2 [Eleven Sports],0.0005
2026_05,NBCU E Entertainment,Wiola,BW,0.00010300000000000001,NBCU E Entertainment,E!Entertainment,E!Entertainment [E!],7.2e-05
2026_05,POLONIA1,Adam,BW,0.00026933333333333334,POLONIA1,Polonia 1,Polonia1,0.000317
2026_05,Sundance TV,Agata,BW,0.0001823333333333333,Sundance TV,Sundance Channel,Sundance Channel,0.00015
2026_05,Novela TV,Dariusz,BW,8.533333333333332e-05,Novela TV,Novela TV,Novela TV,3.6e-05
2026_05,SPI Gametoon,Agata,BW,1.6e-05,SPI Gametoon,Gametoon,Gametoon,1.8e-05
2026_05,Golf Zone,Agata,BW,4.966666666666666e-05,Golf Zone,Golf Zone,Golf Zone [Golf Channel Polska],4.5e-05
2026_05,Water Planet,Adam,BW,6.533333333333333e-05,Water Planet,Water Planet,Water Planet [CSB TV],0.000201
2026_05,Polsat Film 2,Łukasz,BW,0.00043899999999999994,Polsat Film 2,Polsat Film 2,Polsat Film 2,0.000558
2026_05,Polsat Reality,Rafał,BW,0.0005596666666666666,Polsat Reality,Polsat Reality,Polsat Reality,0.000518
2026_05,Polsat X,Rafał,BW,0.000358,Polsat X,Polsat X,Polsat X,0.000313
2026_05,DaVinci,Dariusz,BW,9.233333333333333e-05,DaVinci,Da Vinci,Da Vinci [Da Vinci Learning],4.4e-05
2026_05,TVT,Adam,BW,1e-05,TVT,TVT,TVT,7.2e-05
2026_05,FILMBOX Premium,Łukasz,BW,0.00022066666666666667,FILMBOX Premium,FILMBOX+ Hits,FILMBOX+ Hits [FILMBOX Premium],0.000138
2026_05,Ale Kino+,Agata,BW,0.001508333333333333,Ale Kino+,Ale Kino+,Ale Kino+ [Ale Kino],0.001274
2026_05,Canal+ Domo,Wiola,BW,0.000993,Canal+ Domo,CANAL+ DOMO,CANAL+ DOMO [Domo+],0.001051
2026_05,Planete+,Dariusz,BW,0.0015059999999999997,Planete+,Planete+,Planete+ [Planete],0.001403
2026_05,MiniMini+,Dariusz,BW,0.0012286666666666668,MiniMini+,MiniMini+,MiniMini+ [MiniMini],0.002081
2026_05,teleTOON+,Dariusz,BW,0.000334666666666667,teleTOON+,teleTOON+,teleTOON+ [ZigZap/Hyper],0.000323
2026_05,Novelas+,Agata,BW,0.002049,Novelas+,Novelas,Novelas,0.00159
2026_05,CANAL+ KUCHNIA,Wiola,BW,0.001,CANAL+ KUCHNIA,CANAL+ KUCHNIA,CANAL+ KUCHNIA [kuchnia+],0.000997
2026_05,Canal+ 360,Rafał,BW,0.0010413333333333333,Canal+ 360,CANAL+ 360,Canal+ 360 [Canal+ Family],0.000923
2026_05,Canal+ Sport,Łukasz,BW,0.0008033333333333333,Canal+ Sport,Canal+ Sport,CANAL+ SPORT [Canal+ Niebieski],0.001989
2026_05,Canal+ Sport2,Adam,BW,0.0005413333333333333,Canal+ Sport2,Canal+ Sport2,CANAL+ SPORT2,0.000919
2026_05,Canal+ Sport3,Adam,BW,0.0029233333333333333,Canal+ Sport3,CANAL+ SPORT3,CANAL+ SPORT3,0.002794
2026_05,Canal+ Sport4,Rafał,BW,8.633333333333334e-05,Canal+ Sport4,CANAL+ SPORT4,CANAL+ SPORT4,0.000243
2026_05,Canal+ Sport5,Rafał,BW,0.0013193333333333336,Canal+ Sport5,Canal+ SPORT5,CANAL+ SPORT5 [nSport+],0.002227
2026_05,CANAL+ Extra1,Łukasz,BW,0.0008296666666666666,CANAL+ Extra1,CANAL+ Extra 1,CANAL+ EXTRA 1,0.001401
2026_05,CANAL+ Extra2,Łukasz,BW,0.0004,CANAL+ Extra2,CANAL+ Extra 2,CANAL+ EXTRA 2,
2026_05,Viasat True Crime,Rafał,BW,0.00031733333333333337,Viasat True Crime,Viasat True Crime,Viasat True Crime,0.00034
2026_05,Novelas+1,Agata,BW,0.00012533333333333334,Novelas+1,Novelas+1,Novelas+1 [DIZI],0.000154
2026_05,Kabaret TV,Rafał,BW,0.0015706666666666664,Kabaret TV,Kabaret TV,Kabaret TV,0.001619
2026_05,Polsat News Polityka,Dariusz,BW,0.0005470000000000001,Polsat News Polityka,Polsat News Polityka,Polsat News Polityka,0.000564
2026_05,Kanał Zero TV,Wiola,BW,0.0001,Kanał Zero TV,ZERO,ZERO,0.00269
2026_05,CANAL+ Seriale,Wiola,BW,0.0001,CANAL+ Seriale,Canal+ Seriale,Canal+ Seriale [Canal+ Film 2],0.000126
2026_05,CANAL+ Dokument,Wiola,BW,0.0002,CANAL+ Dokument,Canal+ Dokument,Canal+ Dokument [Canal+ Discovery],0.000207
2026_05,DocuBox,Dariusz,BW,0.0001,DocuBox,DocuBox,DocuBox,6e-05
2026_05,FILMBOX Action,Rafał,BW,0.0002,FILMBOX Action,FILMBOX+ Action,FILMBOX+ Action [FILMBOX Action],0.000272
2026_05,FILMBOX Extra,Rafał,BW,0.0001,FILMBOX Extra,FILMBOX+ Emotion,FILMBOX+ Emotion [FILMBOX Extra],0.000138
2026_05,FILMBOX Family,Rafał,BW,0.0002,FILMBOX Family,FILMBOX+ Comedy,FILMBOX+ Comedy [FILMBOX Family],0.000143
2026_05,TVN,,BW,0.08,TVN,TVN,TVN,0.085019
2026_05,TVP1,,BW,0.05,TVP1,TVP1,TVP1,0.047249
2026_05,TVP2,,BW,0.04,TVP2,TVP2,TVP2,0.047725
2026_05,Polsat,Maciej,KB,0.0765,Polsat,Polsat,Polsat,0.076259
2026_05,Fokus TV,Adam,KB,0.0078,Fokus TV,Fokus TV,Fokus TV,0.00843
2026_05,Nowa TV,Adam,KB,0.0035325,Nowa TV,Nowa TV,Nowa TV,0.003168
2026_05,Eleven Sports 1,Adam,KB,0.00285375,Eleven Sports 1,Eleven Sports 1,Eleven Sports 1 [Eleven],0.00268
2026_05,Disco Polo Music,Adam,KB,0.0007888333333333333,Disco Polo Music,Disco Polo Music,Disco Polo Music,0.000422
2026_05,Puls 2,Agata,KB,0.01717616666666667,Puls 2,Puls 2,Puls 2,0.016387
2026_05,Zoom TV,Agata,KB,0.0042905,Zoom TV,ZOOM,ZOOM [Zoom TV],0.004437
2026_05,SPI Kino Polska,Agata,KB,0.0030675,SPI Kino Polska,Kino Polska,Kino Polska,0.002488
2026_05,History,Agata,KB,0.003218333333333333,History,History,HISTORY,0.004182
2026_05,CI Polsat,Agata,KB,0.001121083333333333,CI Polsat,CI Polsat,CI Polsat [Polsat Crime & Investigation Network],0.000963
2026_05,Polsat News,Dariusz,KB,0.01133983333333333,Polsat News,Polsat News,Polsat News,0.009875
2026_05,Stopklatka,Dariusz,KB,0.0106313333333333,Stopklatka,Stopklatka,Stopklatka,0.010373
2026_05,Wydarzenia24,Dariusz,KB,0.0101201666666667,Wydarzenia24,Wydarzenia24,Wydarzenia 24 [Superstacja],0.010476
2026_05,Puls,Łukasz,KB,0.037890833333333,Puls,TV PULS,TV PULS [PULS],0.039444
2026_05,Polsat 2,Łukasz,KB,0.006508375,Polsat 2,Polsat2,Polsat2,0.007425
2026_05,Polsat Film,Łukasz,KB,0.005550416666666666,Polsat Film,Polsat Film,Polsat Film,0.005179
2026_05,Polsat Sport 1,Łukasz,KB,0.003319,Polsat Sport 1,Polsat Sport 1,Polsat Sport 1 [Polsat Sport],0.003754
2026_05,Polsat Viasat History,Łukasz,KB,0.00170475,Polsat Viasat History,Polsat Viasat History,Polsat Viasat History [Viasat History],0.000953
2026_05,Polsat Viasat Explore,Łukasz,KB,0.001063333333333333,Polsat Viasat Explore,Polsat Viasat Explore,Polsat Viasat Explore [Polsat Viasat Explorer],0.000832
2026_05,Szóstka,Piotr,KB,0.0180875,Szóstka,TV6,TV6,0.016372
2026_05,Super Polsat,Piotr,KB,0.01116516666666667,Super Polsat,Super Polsat,Super Polsat [Polsat Sport News],0.010008
2026_05,WPOLSCE24,Piotr,KB,0.007663,WPOLSCE24,wPolsce24,wPolsce24 [Telewizja WPOLSCE.PL],0.007993
2026_05,AXN,Piotr,KB,0.003129333333333333,AXN,AXN,AXN,0.003219
2026_05,BBC First,Piotr,KB,0.002069666666666667,BBC First,BBC First,BBC First [BBC HD],0.002008
2026_05,Polsat Play,Rafał,KB,0.00313125,Polsat Play,Polsat Play,Polsat Play,0.003815
2026_05,Polo TV,Rafał,KB,0.00309603333333333,Polo TV,Polo TV,Polo TV,0.003254
2026_05,SPI Kino TV,Rafał,KB,0.002757166666666666,SPI Kino TV,FILMBOX+ One,FILMBOX+ One [Kino TV],0.001927
2026_05,Eska TV,Rafał,KB,0.003440666666666667,Eska TV,Eska TV [8TV],Eska TV [8TV],0.004361
2026_05,AMC,Rafał,KB,0.001767,AMC,AMC,AMC [MGM],0.00209
2026_05,Czwórka,Wiola,KB,0.031969166666667,Czwórka,TV4 pl,TV4,0.033485
2026_05,TV Republika,Wiola,KB,0.03318525,TV Republika,Republika,Republika [TV Republika],0.034015
2026_05,WP,Wiola,KB,0.00516191666666667,WP,WP,WP,0.005312
2026_05,Polsat Seriale,Wiola,KB,0.003718,Polsat Seriale,Polsat Seriale,Polsat Seriale [Polsat Romans],0.004128
2026_05,Polsat Cafe,Wiola,KB,0.00267725,Polsat Cafe,Polsat Cafe,Polsat Cafe,0.002354
2026_05,NBCU 13 Ulica,Wiola,KB,0.001661,NBCU 13 Ulica,13 Ulica,13 Ulica [13th Street Universal],0.0016
2026_05,4FUN.TV,Wiola,KB,0.001780333333333333,4FUN.TV,4FUN.TV,4FUN.TV [4fun.tv],0.002258
2026_05,Stars.tv,Wiola,KB,0.002319666666666666,Stars.tv,Stars.tv,Stars.tv,0.002252
2026_05,BBC Earth,Piotr,KB,0.001566416666666667,BBC Earth,BBC Earth,BBC Earth [BBC Knowledge],0.001415
2026_05,AXN White,Piotr,KB,0.0006559166666666666,AXN White,AXN White,AXN White [AXN Crime],0.000865
2026_05,History2,Agata,KB,0.001911416666666667,History2,History2 [H2],HISTORY2 [H2],0.002054
2026_05,Polsat Doku,Dariusz,KB,0.001279833333333333,Polsat Doku,Polsat Doku,Polsat Doku,0.001003
2026_05,Polsat Sport 2,Adam,KB,0.0006559166666666666,Polsat Sport 2,Polsat Sport 2,Polsat Sport 2 [Polsat Sport Extra],0.000856
2026_05,Polsat JimJam,Dariusz,KB,0.0006559166666666666,Polsat JimJam,Polsat JimJam,Polsat JimJam [JimJam],0.001
2026_05,Epic Drama,Łukasz,KB,0.0009066666666666667,Epic Drama,Viasat Epic Drama,Viasat Epic Drama [Epic Drama],0.000348
2026_05,NBCU SciFi Universal,Łukasz,KB,0.0009804166666666668,NBCU SciFi Universal,Scifi Universal,Scifi Universal,0.000592
2026_05,4FUN KIDS,Wiola,KB,0.00047875,4FUN KIDS,4FUN KIDS,4FUN KIDS [4FUN GOLD],0.000919
2026_05,Polsat News 2,Dariusz,KB,0.0007050833333333333,Polsat News 2,Polsat News 2,Polsat News 2 [Polsat Biznes],0.000835
2026_05,BBC CBeebies,Dariusz,KB,0.001315083333333333,BBC CBeebies,BBC CBeebies,BBC CBeebies,0.001147
2026_05,AXN Black,Piotr,KB,0.001718666666666667,AXN Black,AXN Black,AXN Black [AXN Sci-Fi],0.001573
2026_05,Polsat Rodzina,Piotr,KB,0.0009558333333333334,Polsat Rodzina,Polsat Rodzina,Polsat Rodzina,0.000743
2026_05,SPI Kino Polska Muzyka,Agata,KB,0.0004109166666666666,SPI Kino Polska Muzyka,Kino Polska Muzyka,Kino Polska Muzyka,0.000381
2026_05,Polsat Viasat Nature,Łukasz,KB,0.000462,Polsat Viasat Nature,Polsat Viasat Nature,Polsat Viasat Nature [Viasat Nature],0.000476
2026_05,TELE5,Adam,KB,0.0008615,TELE5,Tele5,Tele5,0.00095
2026_05,BBC Brit,Piotr,KB,0.000638,BBC Brit,BBC Brit,BBC Brit [BBC Entertainment],0.000551
2026_05,Eska TV Extra,Adam,KB,0.0003760833333333333,Eska TV Extra,Eska Extra [Eska TV],Eska TV Extra [Eska TV],0.00038
2026_05,BBC Lifestyle,Piotr,KB,0.000707666666666667,BBC Lifestyle,BBC Lifestyle,BBC Lifestyle,0.00064
2026_05,4FUN DANCE,Wiola,KB,0.00043025,4FUN DANCE,4FUN DANCE,4FUN DANCE [4FUN FIT&DANCE],0.000441
2026_05,Polsat Music,Piotr,KB,0.0003795,Polsat Music,Polsat Music HD,Polsat Music HD [Muzo.tv],0.000428
2026_05,Polsat Games,Łukasz,KB,0.0003708333333333333,Polsat Games,Polsat Games,Polsat Games,0.000247
2026_05,Polsat Sport 3,Rafał,KB,0.0005499166666666667,Polsat Sport 3,Polsat Sport 3,Polsat Sport 3 [Polsat Sport News HD],0.000467
2026_05,Extreme Sports,Łukasz,KB,3.233333333333333e-05,Extreme Sports,Extreme Sports,Extreme Sports,2.2e-05
2026_05,Vox Music TV,Adam,KB,0.0003135,Vox Music TV,Vox Music TV,Vox Music TV,0.000282
2026_05,AXN Spin,Piotr,KB,0.0001671666666666667,AXN Spin,AXN Spin,AXN Spin,0.000182
2026_05,Eska Rock TV,Adam,KB,0.00030975,Eska Rock TV,Eska Rock TV,Eska Rock TV [HIP HOP TV],0.000157
2026_05,Eleven Sports 2,Łukasz,KB,0.00054925,Eleven Sports 2,Eleven Sports 2,Eleven Sports 2 [Eleven Sports],0.0005
2026_05,NBCU E Entertainment,Wiola,KB,0.0001111666666666667,NBCU E Entertainment,E!Entertainment,E!Entertainment [E!],7.2e-05
2026_05,POLONIA1,Adam,KB,0.0002614166666666667,POLONIA1,Polonia 1,Polonia1,0.000317
2026_05,Sundance TV,Agata,KB,0.0001266666666666667,Sundance TV,Sundance Channel,Sundance Channel,0.00015
2026_05,Novela TV,Dariusz,KB,9.241666666666666e-05,Novela TV,Novela TV,Novela TV,3.6e-05
2026_05,SPI Gametoon,Agata,KB,2.65e-05,SPI Gametoon,Gametoon,Gametoon,1.8e-05
2026_05,Golf Zone,Agata,KB,4.850000000000001e-05,Golf Zone,Golf Zone,Golf Zone [Golf Channel Polska],4.5e-05
2026_05,Water Planet,Adam,KB,5.225e-05,Water Planet,Water Planet,Water Planet [CSB TV],0.000201
2026_05,Polsat Film 2,Łukasz,KB,0.0003233333333333333,Polsat Film 2,Polsat Film 2,Polsat Film 2,0.000558
2026_05,Polsat Reality,Rafał,KB,0.0004273333333333333,Polsat Reality,Polsat Reality,Polsat Reality,0.000518
2026_05,Polsat X,Rafał,KB,0.0002588333333333334,Polsat X,Polsat X,Polsat X,0.000313
2026_05,DaVinci,Dariusz,KB,7.841666666666667e-05,DaVinci,Da Vinci,Da Vinci [Da Vinci Learning],4.4e-05
2026_05,TVT,Adam,KB,0.0001,TVT,TVT,TVT,7.2e-05
2026_05,FILMBOX Premium,Łukasz,KB,0.0002536666666666666,FILMBOX Premium,FILMBOX+ Hits,FILMBOX+ Hits [FILMBOX Premium],0.000138
2026_05,Ale Kino+,Agata,KB,0.00135125,Ale Kino+,Ale Kino+,Ale Kino+ [Ale Kino],0.001274
2026_05,Canal+ Domo,Wiola,KB,0.00109525,Canal+ Domo,CANAL+ DOMO,CANAL+ DOMO [Domo+],0.001051
2026_05,Planete+,Dariusz,KB,0.001351166666666667,Planete+,Planete+,Planete+ [Planete],0.001403
2026_05,MiniMini+,Dariusz,KB,0.002045833333333333,MiniMini+,MiniMini+,MiniMini+ [MiniMini],0.002081
2026_05,teleTOON+,Dariusz,KB,0.0003381666666666667,teleTOON+,teleTOON+,teleTOON+ [ZigZap/Hyper],0.000323
2026_05,Novelas+,Agata,KB,0.002066583333333333,Novelas+,Novelas,Novelas,0.00159
2026_05,CANAL+ KUCHNIA,Wiola,KB,0.001297333333333333,CANAL+ KUCHNIA,CANAL+ KUCHNIA,CANAL+ KUCHNIA [kuchnia+],0.000997
2026_05,Canal+ 360,Rafał,KB,0.0009453333333333333,Canal+ 360,CANAL+ 360,Canal+ 360 [Canal+ Family],0.000923
2026_05,Canal+ Sport,Łukasz,KB,0.0008989166666666667,Canal+ Sport,Canal+ Sport,CANAL+ SPORT [Canal+ Niebieski],0.001989
2026_05,Canal+ Sport2,Adam,KB,0.0005840833333333334,Canal+ Sport2,Canal+ Sport2,CANAL+ SPORT2,0.000919
2026_05,Canal+ Sport3,Adam,KB,0.00242333333333333,Canal+ Sport3,CANAL+ SPORT3,CANAL+ SPORT3,0.002794
2026_05,Canal+ Sport4,Rafał,KB,0.0001155833333333333,Canal+ Sport4,CANAL+ SPORT4,CANAL+ SPORT4,0.000243
2026_05,Canal+ Sport5,Rafał,KB,0.001041833333333333,Canal+ Sport5,Canal+ SPORT5,CANAL+ SPORT5 [nSport+],0.002227
2026_05,CANAL+ Extra1,Łukasz,KB,0.0007355,CANAL+ Extra1,CANAL+ Extra 1,CANAL+ EXTRA 1,0.001401
2026_05,CANAL+ Extra2,Łukasz,KB,0.0005,CANAL+ Extra2,CANAL+ Extra 2,CANAL+ EXTRA 2,
2026_05,Viasat True Crime,Rafał,KB,0.0003951666666666667,Viasat True Crime,Viasat True Crime,Viasat True Crime,0.00034
2026_05,Novelas+1,Agata,KB,7.241666666666666e-05,Novelas+1,Novelas+1,Novelas+1 [DIZI],0.000154
2026_05,Kabaret TV,Rafał,KB,0.001678416666666667,Kabaret TV,Kabaret TV,Kabaret TV,0.001619
2026_05,Polsat News Polityka,Dariusz,KB,0.0006889999999999999,Polsat News Polityka,Polsat News Polityka,Polsat News Polityka,0.000564
2026_05,Kanał Zero TV,Wiola,KB,0.0002,Kanał Zero TV,ZERO,ZERO,0.00269
2026_05,CANAL+ Seriale,Wiola,KB,0.0003,CANAL+ Seriale,Canal+ Seriale,Canal+ Seriale [Canal+ Film 2],0.000126
2026_05,CANAL+ Dokument,Wiola,KB,0.0001,CANAL+ Dokument,Canal+ Dokument,Canal+ Dokument [Canal+ Discovery],0.000207
2026_05,DocuBox,Dariusz,KB,0.0002,DocuBox,DocuBox,DocuBox,6e-05
2026_05,FILMBOX Action,Rafał,KB,0.0002,FILMBOX Action,FILMBOX+ Action,FILMBOX+ Action [FILMBOX Action],0.000272
2026_05,FILMBOX Extra,Rafał,KB,0.0002,FILMBOX Extra,FILMBOX+ Emotion,FILMBOX+ Emotion [FILMBOX Extra],0.000138
2026_05,FILMBOX Family,Rafał,KB,0.0002,FILMBOX Family,FILMBOX+ Comedy,FILMBOX+ Comedy [FILMBOX Family],0.000143
2026_05,TVN,,KB,0.0812,TVN,TVN,TVN,0.085019
2026_05,TVP1,,KB,0.049,TVP1,TVP1,TVP1,0.047249
2026_05,TVP2,,KB,0.041,TVP2,TVP2,TVP2,0.047725
2026_05,Polsat,Maciej,BD,0.07766131969021768,Polsat,Polsat,Polsat,0.076259
2026_05,Fokus TV,Adam,BD,0.007410653565236279,Fokus TV,Fokus TV,Fokus TV,0.00843
2026_05,Nowa TV,Adam,BD,0.003362855141194223,Nowa TV,Nowa TV,Nowa TV,0.003168
2026_05,Eleven Sports 1,Adam,BD,0.00270978169205624,Eleven Sports 1,Eleven Sports 1,Eleven Sports 1 [Eleven],0.00268
2026_05,Disco Polo Music,Adam,BD,0.000782067868504772,Disco Polo Music,Disco Polo Music,Disco Polo Music,0.000422
2026_05,Puls 2,Agata,BD,0.016910294515783,Puls 2,Puls 2,Puls 2,0.016387
2026_05,Zoom TV,Agata,BD,0.0044174868845106,Zoom TV,ZOOM,ZOOM [Zoom TV],0.004437
2026_05,SPI Kino Polska,Agata,BD,0.00270877411402157,SPI Kino Polska,Kino Polska,Kino Polska,0.002488
2026_05,History,Agata,BD,0.0032637442046362913,History,History,HISTORY,0.004182
2026_05,CI Polsat,Agata,BD,0.0012402693287244648,CI Polsat,CI Polsat,CI Polsat [Polsat Crime & Investigation Network],0.000963
2026_05,Polsat News,Dariusz,BD,0.011614876093046,Polsat News,Polsat News,Polsat News,0.009875
2026_05,Stopklatka,Dariusz,BD,0.010268801393728223,Stopklatka,Stopklatka,Stopklatka,0.010373
2026_05,Wydarzenia24,Dariusz,BD,0.0100299086,Wydarzenia24,Wydarzenia24,Wydarzenia 24 [Superstacja],0.010476
2026_05,Puls,Łukasz,BD,0.0386303881043107,Puls,TV PULS,TV PULS [PULS],0.039444
2026_05,Polsat 2,Łukasz,BD,0.006872682242621022,Polsat 2,Polsat2,Polsat2,0.007425
2026_05,Polsat Film,Łukasz,BD,0.00544558813867611,Polsat Film,Polsat Film,Polsat Film,0.005179
2026_05,Polsat Sport 1,Łukasz,BD,0.00367713021228459,Polsat Sport 1,Polsat Sport 1,Polsat Sport 1 [Polsat Sport],0.003754
2026_05,Polsat Viasat History,Łukasz,BD,0.0012677010000869927,Polsat Viasat History,Polsat Viasat History,Polsat Viasat History [Viasat History],0.000953
2026_05,Polsat Viasat Explore,Łukasz,BD,0.0010891853747549952,Polsat Viasat Explore,Polsat Viasat Explore,Polsat Viasat Explore [Polsat Viasat Explorer],0.000832
2026_05,Szóstka,Piotr,BD,0.018622680998358933,Szóstka,TV6,TV6,0.016372
2026_05,Super Polsat,Piotr,BD,0.01148089429941396,Super Polsat,Super Polsat,Super Polsat [Polsat Sport News],0.010008
2026_05,WPOLSCE24,Piotr,BD,0.00852947192606703,WPOLSCE24,wPolsce24,wPolsce24 [Telewizja WPOLSCE.PL],0.007993
2026_05,AXN,Piotr,BD,0.00262562094567766,AXN,AXN,AXN,0.003219
2026_05,BBC First,Piotr,BD,0.0022748318584071,BBC First,BBC First,BBC First [BBC HD],0.002008
2026_05,Polsat Play,Rafał,BD,0.003086122513705899,Polsat Play,Polsat Play,Polsat Play,0.003815
2026_05,Polo TV,Rafał,BD,0.00280742783585504,Polo TV,Polo TV,Polo TV,0.003254
2026_05,SPI Kino TV,Rafał,BD,0.00228652458657751,SPI Kino TV,FILMBOX+ One,FILMBOX+ One [Kino TV],0.001927
2026_05,Eska TV,Rafał,BD,0.00305094384151706,Eska TV,Eska TV [8TV],Eska TV [8TV],0.004361
2026_05,AMC,Rafał,BD,0.0020057865235539657,AMC,AMC,AMC [MGM],0.00209
2026_05,Czwórka,Wiola,BD,0.0320392675671473,Czwórka,TV4 pl,TV4,0.033485
2026_05,TV Republika,Wiola,BD,0.0330848494189573,TV Republika,Republika,Republika [TV Republika],0.034015
2026_05,WP,Wiola,BD,0.005119497810192483,WP,WP,WP,0.005312
2026_05,Polsat Seriale,Wiola,BD,0.004125096432107062,Polsat Seriale,Polsat Seriale,Polsat Seriale [Polsat Romans],0.004128
2026_05,Polsat Cafe,Wiola,BD,0.00266677993527508,Polsat Cafe,Polsat Cafe,Polsat Cafe,0.002354
2026_05,NBCU 13 Ulica,Wiola,BD,0.0018842386736203434,NBCU 13 Ulica,13 Ulica,13 Ulica [13th Street Universal],0.0016
2026_05,4FUN.TV,Wiola,BD,0.00184862813734121,4FUN.TV,4FUN.TV,4FUN.TV [4fun.tv],0.002258
2026_05,Stars.tv,Wiola,BD,0.0024933130139496093,Stars.tv,Stars.tv,Stars.tv,0.002252
2026_05,BBC Earth,Piotr,BD,0.0017277035591013693,BBC Earth,BBC Earth,BBC Earth [BBC Knowledge],0.001415
2026_05,AXN White,Piotr,BD,0.0005578689990241636,AXN White,AXN White,AXN White [AXN Crime],0.000865
2026_05,History2,Agata,BD,0.0016823068072630977,History2,History2 [H2],HISTORY2 [H2],0.002054
2026_05,Polsat Doku,Dariusz,BD,0.001181872711354686,Polsat Doku,Polsat Doku,Polsat Doku,0.001003
2026_05,Polsat Sport 2,Adam,BD,0.000948316829931282,Polsat Sport 2,Polsat Sport 2,Polsat Sport 2 [Polsat Sport Extra],0.000856
2026_05,Polsat JimJam,Dariusz,BD,0.0007451452550992255,Polsat JimJam,Polsat JimJam,Polsat JimJam [JimJam],0.001
2026_05,Epic Drama,Łukasz,BD,0.000796349870303819,Epic Drama,Viasat Epic Drama,Viasat Epic Drama [Epic Drama],0.000348
2026_05,NBCU SciFi Universal,Łukasz,BD,0.001011605,NBCU SciFi Universal,Scifi Universal,Scifi Universal,0.000592
2026_05,4FUN KIDS,Wiola,BD,0.0003405280007021628,4FUN KIDS,4FUN KIDS,4FUN KIDS [4FUN GOLD],0.000919
2026_05,Polsat News 2,Dariusz,BD,0.000723724279835391,Polsat News 2,Polsat News 2,Polsat News 2 [Polsat Biznes],0.000835
2026_05,BBC CBeebies,Dariusz,BD,0.0010539610523317665,BBC CBeebies,BBC CBeebies,BBC CBeebies,0.001147
2026_05,AXN Black,Piotr,BD,0.0014858823529411765,AXN Black,AXN Black,AXN Black [AXN Sci-Fi],0.001573
2026_05,Polsat Rodzina,Piotr,BD,0.000985929435168381,Polsat Rodzina,Polsat Rodzina,Polsat Rodzina,0.000743
2026_05,SPI Kino Polska Muzyka,Agata,BD,0.00045765789473684206,SPI Kino Polska Muzyka,Kino Polska Muzyka,Kino Polska Muzyka,0.000381
2026_05,Polsat Viasat Nature,Łukasz,BD,0.0003841269589445254,Polsat Viasat Nature,Polsat Viasat Nature,Polsat Viasat Nature [Viasat Nature],0.000476
2026_05,TELE5,Adam,BD,0.0008139833007532837,TELE5,Tele5,Tele5,0.00095
2026_05,BBC Brit,Piotr,BD,0.0006649849849849849,BBC Brit,BBC Brit,BBC Brit [BBC Entertainment],0.000551
2026_05,Eska TV Extra,Adam,BD,0.000386332285935901,Eska TV Extra,Eska Extra [Eska TV],Eska TV Extra [Eska TV],0.00038
2026_05,BBC Lifestyle,Piotr,BD,0.0005766917293233084,BBC Lifestyle,BBC Lifestyle,BBC Lifestyle,0.00064
2026_05,4FUN DANCE,Wiola,BD,0.00033536143354631387,4FUN DANCE,4FUN DANCE,4FUN DANCE [4FUN FIT&DANCE],0.000441
2026_05,Polsat Music,Piotr,BD,0.000344928949900431,Polsat Music,Polsat Music HD,Polsat Music HD [Muzo.tv],0.000428
2026_05,Polsat Games,Łukasz,BD,0.0004268007501080044,Polsat Games,Polsat Games,Polsat Games,0.000247
2026_05,Polsat Sport 3,Rafał,BD,0.000480187767781963,Polsat Sport 3,Polsat Sport 3,Polsat Sport 3 [Polsat Sport News HD],0.000467
2026_05,Extreme Sports,Łukasz,BD,9.221873092326715e-05,Extreme Sports,Extreme Sports,Extreme Sports,2.2e-05
2026_05,Vox Music TV,Adam,BD,0.0002465705313685064,Vox Music TV,Vox Music TV,Vox Music TV,0.000282
2026_05,AXN Spin,Piotr,BD,0.00023209173308121257,AXN Spin,AXN Spin,AXN Spin,0.000182
2026_05,Eska Rock TV,Adam,BD,0.00034556990642622943,Eska Rock TV,Eska Rock TV,Eska Rock TV [HIP HOP TV],0.000157
2026_05,Eleven Sports 2,Łukasz,BD,0.000648770232916034,Eleven Sports 2,Eleven Sports 2,Eleven Sports 2 [Eleven Sports],0.0005
2026_05,NBCU E Entertainment,Wiola,BD,7.33430032412901e-05,NBCU E Entertainment,E!Entertainment,E!Entertainment [E!],7.2e-05
2026_05,POLONIA1,Adam,BD,0.00022104693140794223,POLONIA1,Polonia 1,Polonia1,0.000317
2026_05,Sundance TV,Agata,BD,0.0001741829694319737,Sundance TV,Sundance Channel,Sundance Channel,0.00015
2026_05,Novela TV,Dariusz,BD,9.111591752873773e-05,Novela TV,Novela TV,Novela TV,3.6e-05
2026_05,SPI Gametoon,Agata,BD,1.9543487711908432e-05,SPI Gametoon,Gametoon,Gametoon,1.8e-05
2026_05,Golf Zone,Agata,BD,6.64307495590829e-05,Golf Zone,Golf Zone,Golf Zone [Golf Channel Polska],4.5e-05
2026_05,Water Planet,Adam,BD,6.870273044554531e-05,Water Planet,Water Planet,Water Planet [CSB TV],0.000201
2026_05,Polsat Film 2,Łukasz,BD,0.00043925,Polsat Film 2,Polsat Film 2,Polsat Film 2,0.000558
2026_05,Polsat Reality,Rafał,BD,0.00054066,Polsat Reality,Polsat Reality,Polsat Reality,0.000518
2026_05,Polsat X,Rafał,BD,0.000343435,Polsat X,Polsat X,Polsat X,0.000313
2026_05,DaVinci,Dariusz,BD,0.00018040061172934282,DaVinci,Da Vinci,Da Vinci [Da Vinci Learning],4.4e-05
2026_05,TVT,Adam,BD,5.298325e-05,TVT,TVT,TVT,7.2e-05
2026_05,FILMBOX Premium,Łukasz,BD,0.0001961775725000789,FILMBOX Premium,FILMBOX+ Hits,FILMBOX+ Hits [FILMBOX Premium],0.000138
2026_05,Ale Kino+,Agata,BD,0.0013648564607017114,Ale Kino+,Ale Kino+,Ale Kino+ [Ale Kino],0.001274
2026_05,Canal+ Domo,Wiola,BD,0.0009742086294169832,Canal+ Domo,CANAL+ DOMO,CANAL+ DOMO [Domo+],0.001051
2026_05,Planete+,Dariusz,BD,0.00137163899408038,Planete+,Planete+,Planete+ [Planete],0.001403
2026_05,MiniMini+,Dariusz,BD,0.0011871093527697093,MiniMini+,MiniMini+,MiniMini+ [MiniMini],0.002081
2026_05,teleTOON+,Dariusz,BD,0.00029778110326225096,teleTOON+,teleTOON+,teleTOON+ [ZigZap/Hyper],0.000323
2026_05,Novelas+,Agata,BD,0.002159850267772335,Novelas+,Novelas,Novelas,0.00159
2026_05,CANAL+ KUCHNIA,Wiola,BD,0.0009246347078683984,CANAL+ KUCHNIA,CANAL+ KUCHNIA,CANAL+ KUCHNIA [kuchnia+],0.000997
2026_05,Canal+ 360,Rafał,BD,0.0009767730626381284,Canal+ 360,CANAL+ 360,Canal+ 360 [Canal+ Family],0.000923
2026_05,Canal+ Sport,Łukasz,BD,0.0009348389041499124,Canal+ Sport,Canal+ Sport,CANAL+ SPORT [Canal+ Niebieski],0.001989
2026_05,Canal+ Sport2,Adam,BD,0.00083304364271164,Canal+ Sport2,Canal+ Sport2,CANAL+ SPORT2,0.000919
2026_05,Canal+ Sport3,Adam,BD,0.00290231708301619,Canal+ Sport3,CANAL+ SPORT3,CANAL+ SPORT3,0.002794
2026_05,Canal+ Sport4,Rafał,BD,0.00010331533968202592,Canal+ Sport4,CANAL+ SPORT4,CANAL+ SPORT4,0.000243
2026_05,Canal+ Sport5,Rafał,BD,0.0015434045,Canal+ Sport5,Canal+ SPORT5,CANAL+ SPORT5 [nSport+],0.002227
2026_05,CANAL+ Extra1,Łukasz,BD,0.00101648660714286,CANAL+ Extra1,CANAL+ Extra 1,CANAL+ EXTRA 1,0.001401
2026_05,CANAL+ Extra2,Łukasz,BD,0.0002458,CANAL+ Extra2,CANAL+ Extra 2,CANAL+ EXTRA 2,
2026_05,Viasat True Crime,Rafał,BD,0.00021577873792168162,Viasat True Crime,Viasat True Crime,Viasat True Crime,0.00034
2026_05,Novelas+1,Agata,BD,8.422112218095773e-05,Novelas+1,Novelas+1,Novelas+1 [DIZI],0.000154
2026_05,Kabaret TV,Rafał,BD,0.00172032961251323,Kabaret TV,Kabaret TV,Kabaret TV,0.001619
2026_05,Polsat News Polityka,Dariusz,BD,0.00035311616472034413,Polsat News Polityka,Polsat News Polityka,Polsat News Polityka,0.000564
2026_05,Kanał Zero TV,Wiola,BD,8.6967e-05,Kanał Zero TV,ZERO,ZERO,0.00269
2026_05,CANAL+ Seriale,Wiola,BD,0.0002018095238481,CANAL+ Seriale,Canal+ Seriale,Canal+ Seriale [Canal+ Film 2],0.000126
2026_05,CANAL+ Dokument,Wiola,BD,0.00029299602,CANAL+ Dokument,Canal+ Dokument,Canal+ Dokument [Canal+ Discovery],0.000207
2026_05,DocuBox,Dariusz,BD,9.0142123444e-05,DocuBox,DocuBox,DocuBox,6e-05
2026_05,FILMBOX Action,Rafał,BD,0.0002500974761909,FILMBOX Action,FILMBOX+ Action,FILMBOX+ Action [FILMBOX Action],0.000272
2026_05,FILMBOX Extra,Rafał,BD,0.000100314766124,FILMBOX Extra,FILMBOX+ Emotion,FILMBOX+ Emotion [FILMBOX Extra],0.000138
2026_05,FILMBOX Family,Rafał,BD,0.00014566788429,FILMBOX Family,FILMBOX+ Comedy,FILMBOX+ Comedy [FILMBOX Family],0.000143
2026_05,TVN,,BD,0.0823625288225701,TVN,TVN,TVN,0.085019
2026_05,TVP1,,BD,0.048291145247439576,TVP1,TVP1,TVP1,0.047249
2026_05,TVP2,,BD,0.042595161898019276,TVP2,TVP2,TVP2,0.047725
2026_05,Polsat,Maciej,AK,0.0769852877669391,Polsat,Polsat,Polsat,0.076259
2026_05,Fokus TV,Adam,AK,0.00732385309503935,Fokus TV,Fokus TV,Fokus TV,0.00843
2026_05,Nowa TV,Adam,AK,0.00328928413238023,Nowa TV,Nowa TV,Nowa TV,0.003168
2026_05,Eleven Sports 1,Adam,AK,0.00319785854025583,Eleven Sports 1,Eleven Sports 1,Eleven Sports 1 [Eleven],0.00268
2026_05,Disco Polo Music,Adam,AK,0.0005640954380812835,Disco Polo Music,Disco Polo Music,Disco Polo Music,0.000422
2026_05,Puls 2,Agata,AK,0.0155863129919347,Puls 2,Puls 2,Puls 2,0.016387
2026_05,Zoom TV,Agata,AK,0.0045789009339893515,Zoom TV,ZOOM,ZOOM [Zoom TV],0.004437
2026_05,SPI Kino Polska,Agata,AK,0.0024869617867908827,SPI Kino Polska,Kino Polska,Kino Polska,0.002488
2026_05,History,Agata,AK,0.0029131922867077255,History,History,HISTORY,0.004182
2026_05,CI Polsat,Agata,AK,0.0011804450888002898,CI Polsat,CI Polsat,CI Polsat [Polsat Crime & Investigation Network],0.000963
2026_05,Polsat News,Dariusz,AK,0.0112970877357605,Polsat News,Polsat News,Polsat News,0.009875
2026_05,Stopklatka,Dariusz,AK,0.010869393522561159,Stopklatka,Stopklatka,Stopklatka,0.010373
2026_05,Wydarzenia24,Dariusz,AK,0.010324969375580008,Wydarzenia24,Wydarzenia24,Wydarzenia 24 [Superstacja],0.010476
2026_05,Puls,Łukasz,AK,0.03801548682812912,Puls,TV PULS,TV PULS [PULS],0.039444
2026_05,Polsat 2,Łukasz,AK,0.006817556197539059,Polsat 2,Polsat2,Polsat2,0.007425
2026_05,Polsat Film,Łukasz,AK,0.005166608165752588,Polsat Film,Polsat Film,Polsat Film,0.005179
2026_05,Polsat Sport 1,Łukasz,AK,0.003151931612903226,Polsat Sport 1,Polsat Sport 1,Polsat Sport 1 [Polsat Sport],0.003754
2026_05,Polsat Viasat History,Łukasz,AK,0.0009809965420151988,Polsat Viasat History,Polsat Viasat History,Polsat Viasat History [Viasat History],0.000953
2026_05,Polsat Viasat Explore,Łukasz,AK,0.0009562192448669202,Polsat Viasat Explore,Polsat Viasat Explore,Polsat Viasat Explore [Polsat Viasat Explorer],0.000832
2026_05,Szóstka,Piotr,AK,0.01887262756201145,Szóstka,TV6,TV6,0.016372
2026_05,Super Polsat,Piotr,AK,0.011480894299413957,Super Polsat,Super Polsat,Super Polsat [Polsat Sport News],0.010008
2026_05,WPOLSCE24,Piotr,AK,0.00875359393556538,WPOLSCE24,wPolsce24,wPolsce24 [Telewizja WPOLSCE.PL],0.007993
2026_05,AXN,Piotr,AK,0.00253171998635744,AXN,AXN,AXN,0.003219
2026_05,BBC First,Piotr,AK,0.00225824670787423,BBC First,BBC First,BBC First [BBC HD],0.002008
2026_05,Polsat Play,Rafał,AK,0.0025082691853600945,Polsat Play,Polsat Play,Polsat Play,0.003815
2026_05,Polo TV,Rafał,AK,0.0029368203716448726,Polo TV,Polo TV,Polo TV,0.003254
2026_05,SPI Kino TV,Rafał,AK,0.0020531801933782595,SPI Kino TV,FILMBOX+ One,FILMBOX+ One [Kino TV],0.001927
2026_05,Eska TV,Rafał,AK,0.00314748389076404,Eska TV,Eska TV [8TV],Eska TV [8TV],0.004361
2026_05,AMC,Rafał,AK,0.0016097331334332834,AMC,AMC,AMC [MGM],0.00209
2026_05,Czwórka,Wiola,AK,0.03201869860166289,Czwórka,TV4 pl,TV4,0.033485
2026_05,TV Republika,Wiola,AK,0.0322175458229055,TV Republika,Republika,Republika [TV Republika],0.034015
2026_05,WP,Wiola,AK,0.0054124500772701,WP,WP,WP,0.005312
2026_05,Polsat Seriale,Wiola,AK,0.0035792016032012686,Polsat Seriale,Polsat Seriale,Polsat Seriale [Polsat Romans],0.004128
2026_05,Polsat Cafe,Wiola,AK,0.002805412711182622,Polsat Cafe,Polsat Cafe,Polsat Cafe,0.002354
2026_05,NBCU 13 Ulica,Wiola,AK,0.002175887514060742,NBCU 13 Ulica,13 Ulica,13 Ulica [13th Street Universal],0.0016
2026_05,4FUN.TV,Wiola,AK,0.00191111364872213,4FUN.TV,4FUN.TV,4FUN.TV [4fun.tv],0.002258
2026_05,Stars.tv,Wiola,AK,0.002461129431193622,Stars.tv,Stars.tv,Stars.tv,0.002252
2026_05,BBC Earth,Piotr,AK,0.001438567691301504,BBC Earth,BBC Earth,BBC Earth [BBC Knowledge],0.001415
2026_05,AXN White,Piotr,AK,0.000558047477280667,AXN White,AXN White,AXN White [AXN Crime],0.000865
2026_05,History2,Agata,AK,0.00192739198682785,History2,History2 [H2],HISTORY2 [H2],0.002054
2026_05,Polsat Doku,Dariusz,AK,0.0009202267493606139,Polsat Doku,Polsat Doku,Polsat Doku,0.001003
2026_05,Polsat Sport 2,Adam,AK,0.00090066144649197,Polsat Sport 2,Polsat Sport 2,Polsat Sport 2 [Polsat Sport Extra],0.000856
2026_05,Polsat JimJam,Dariusz,AK,0.0007094818401937047,Polsat JimJam,Polsat JimJam,Polsat JimJam [JimJam],0.001
2026_05,Epic Drama,Łukasz,AK,0.0006419938208032957,Epic Drama,Viasat Epic Drama,Viasat Epic Drama [Epic Drama],0.000348
2026_05,NBCU SciFi Universal,Łukasz,AK,0.0009483529945553538,NBCU SciFi Universal,Scifi Universal,Scifi Universal,0.000592
2026_05,4FUN KIDS,Wiola,AK,0.000213178121733449,4FUN KIDS,4FUN KIDS,4FUN KIDS [4FUN GOLD],0.000919
2026_05,Polsat News 2,Dariusz,AK,0.0007695389048991354,Polsat News 2,Polsat News 2,Polsat News 2 [Polsat Biznes],0.000835
2026_05,BBC CBeebies,Dariusz,AK,0.0011844327176781006,BBC CBeebies,BBC CBeebies,BBC CBeebies,0.001147
2026_05,AXN Black,Piotr,AK,0.00170188658584278,AXN Black,AXN Black,AXN Black [AXN Sci-Fi],0.001573
2026_05,Polsat Rodzina,Piotr,AK,0.0010223633507853403,Polsat Rodzina,Polsat Rodzina,Polsat Rodzina,0.000743
2026_05,SPI Kino Polska Muzyka,Agata,AK,0.000541190789473684,SPI Kino Polska Muzyka,Kino Polska Muzyka,Kino Polska Muzyka,0.000381
2026_05,Polsat Viasat Nature,Łukasz,AK,0.0002604974622409554,Polsat Viasat Nature,Polsat Viasat Nature,Polsat Viasat Nature [Viasat Nature],0.000476
2026_05,TELE5,Adam,AK,0.0007232661195779599,TELE5,Tele5,Tele5,0.00095
2026_05,BBC Brit,Piotr,AK,0.000664755905511811,BBC Brit,BBC Brit,BBC Brit [BBC Entertainment],0.000551
2026_05,Eska TV Extra,Adam,AK,0.000358719036169613,Eska TV Extra,Eska Extra [Eska TV],Eska TV Extra [Eska TV],0.00038
2026_05,BBC Lifestyle,Piotr,AK,0.0004929989154013016,BBC Lifestyle,BBC Lifestyle,BBC Lifestyle,0.00064
2026_05,4FUN DANCE,Wiola,AK,0.000381616833486937,4FUN DANCE,4FUN DANCE,4FUN DANCE [4FUN FIT&DANCE],0.000441
2026_05,Polsat Music,Piotr,AK,0.000373624635607619,Polsat Music,Polsat Music HD,Polsat Music HD [Muzo.tv],0.000428
2026_05,Polsat Games,Łukasz,AK,0.0002596545105566219,Polsat Games,Polsat Games,Polsat Games,0.000247
2026_05,Polsat Sport 3,Rafał,AK,0.000622444010416667,Polsat Sport 3,Polsat Sport 3,Polsat Sport 3 [Polsat Sport News HD],0.000467
2026_05,Extreme Sports,Łukasz,AK,4.03e-05,Extreme Sports,Extreme Sports,Extreme Sports,2.2e-05
2026_05,Vox Music TV,Adam,AK,0.00020195255474452552,Vox Music TV,Vox Music TV,Vox Music TV,0.000282
2026_05,AXN Spin,Piotr,AK,0.00017595000000000002,AXN Spin,AXN Spin,AXN Spin,0.000182
2026_05,Eska Rock TV,Adam,AK,0.0003078881720430108,Eska Rock TV,Eska Rock TV,Eska Rock TV [HIP HOP TV],0.000157
2026_05,Eleven Sports 2,Łukasz,AK,0.000588609375,Eleven Sports 2,Eleven Sports 2,Eleven Sports 2 [Eleven Sports],0.0005
2026_05,NBCU E Entertainment,Wiola,AK,5.568449197860962e-05,NBCU E Entertainment,E!Entertainment,E!Entertainment [E!],7.2e-05
2026_05,POLONIA1,Adam,AK,0.00017890697674418605,POLONIA1,Polonia 1,Polonia1,0.000317
2026_05,Sundance TV,Agata,AK,6.402717391304347e-05,Sundance TV,Sundance Channel,Sundance Channel,0.00015
2026_05,Novela TV,Dariusz,AK,0.0001386917355371901,Novela TV,Novela TV,Novela TV,3.6e-05
2026_05,SPI Gametoon,Agata,AK,2.46187812776e-05,SPI Gametoon,Gametoon,Gametoon,1.8e-05
2026_05,Golf Zone,Agata,AK,2.5759999999999997e-05,Golf Zone,Golf Zone,Golf Zone [Golf Channel Polska],4.5e-05
2026_05,Water Planet,Adam,AK,7.528571428571428e-05,Water Planet,Water Planet,Water Planet [CSB TV],0.000201
2026_05,Polsat Film 2,Łukasz,AK,0.000468,Polsat Film 2,Polsat Film 2,Polsat Film 2,0.000558
2026_05,Polsat Reality,Rafał,AK,0.000527,Polsat Reality,Polsat Reality,Polsat Reality,0.000518
2026_05,Polsat X,Rafał,AK,0.000337,Polsat X,Polsat X,Polsat X,0.000313
2026_05,DaVinci,Dariusz,AK,5.8438652766639934e-05,DaVinci,Da Vinci,Da Vinci [Da Vinci Learning],4.4e-05
2026_05,TVT,Adam,AK,3.1243e-05,TVT,TVT,TVT,7.2e-05
2026_05,FILMBOX Premium,Łukasz,AK,0.000159042735042735,FILMBOX Premium,FILMBOX+ Hits,FILMBOX+ Hits [FILMBOX Premium],0.000138
2026_05,Ale Kino+,Agata,AK,0.0012768859060402684,Ale Kino+,Ale Kino+,Ale Kino+ [Ale Kino],0.001274
2026_05,Canal+ Domo,Wiola,AK,0.001193413335549502,Canal+ Domo,CANAL+ DOMO,CANAL+ DOMO [Domo+],0.001051
2026_05,Planete+,Dariusz,AK,0.0011880599334073252,Planete+,Planete+,Planete+ [Planete],0.001403
2026_05,MiniMini+,Dariusz,AK,0.0011532878365831,MiniMini+,MiniMini+,MiniMini+ [MiniMini],0.002081
2026_05,teleTOON+,Dariusz,AK,0.00021926565874730015,teleTOON+,teleTOON+,teleTOON+ [ZigZap/Hyper],0.000323
2026_05,Novelas+,Agata,AK,0.00219696048632219,Novelas+,Novelas,Novelas,0.00159
2026_05,CANAL+ KUCHNIA,Wiola,AK,0.0009460227870289221,CANAL+ KUCHNIA,CANAL+ KUCHNIA,CANAL+ KUCHNIA [kuchnia+],0.000997
2026_05,Canal+ 360,Rafał,AK,0.0010317667386609071,Canal+ 360,CANAL+ 360,Canal+ 360 [Canal+ Family],0.000923
2026_05,Canal+ Sport,Łukasz,AK,0.0008667257036800629,Canal+ Sport,Canal+ Sport,CANAL+ SPORT [Canal+ Niebieski],0.001989
2026_05,Canal+ Sport2,Adam,AK,0.000541744639376218,Canal+ Sport2,Canal+ Sport2,CANAL+ SPORT2,0.000919
2026_05,Canal+ Sport3,Adam,AK,0.00235845504385965,Canal+ Sport3,CANAL+ SPORT3,CANAL+ SPORT3,0.002794
2026_05,Canal+ Sport4,Rafał,AK,0.00014548192771084338,Canal+ Sport4,CANAL+ SPORT4,CANAL+ SPORT4,0.000243
2026_05,Canal+ Sport5,Rafał,AK,0.00113244356435644,Canal+ Sport5,Canal+ SPORT5,CANAL+ SPORT5 [nSport+],0.002227
2026_05,CANAL+ Extra1,Łukasz,AK,0.0008461797752808988,CANAL+ Extra1,CANAL+ Extra 1,CANAL+ EXTRA 1,0.001401
2026_05,CANAL+ Extra2,Łukasz,AK,0.000281,CANAL+ Extra2,CANAL+ Extra 2,CANAL+ EXTRA 2,
2026_05,Viasat True Crime,Rafał,AK,0.00024230769230769233,Viasat True Crime,Viasat True Crime,Viasat True Crime,0.00034
2026_05,Novelas+1,Agata,AK,6.572858919687277e-05,Novelas+1,Novelas+1,Novelas+1 [DIZI],0.000154
2026_05,Kabaret TV,Rafał,AK,0.00016639999999999998,Kabaret TV,Kabaret TV,Kabaret TV,0.001619
2026_05,Polsat News Polityka,Dariusz,AK,0.0003605653560042508,Polsat News Polityka,Polsat News Polityka,Polsat News Polityka,0.000564
2026_05,Kanał Zero TV,Wiola,AK,5.4e-05,Kanał Zero TV,ZERO,ZERO,0.00269
2026_05,CANAL+ Seriale,Wiola,AK,9.8e-05,CANAL+ Seriale,Canal+ Seriale,Canal+ Seriale [Canal+ Film 2],0.000126
2026_05,CANAL+ Dokument,Wiola,AK,0.00038762,CANAL+ Dokument,Canal+ Dokument,Canal+ Dokument [Canal+ Discovery],0.000207
2026_05,DocuBox,Dariusz,AK,8.5e-05,DocuBox,DocuBox,DocuBox,6e-05
2026_05,FILMBOX Action,Rafał,AK,0.000248,FILMBOX Action,FILMBOX+ Action,FILMBOX+ Action [FILMBOX Action],0.000272
2026_05,FILMBOX Extra,Rafał,AK,0.000104,FILMBOX Extra,FILMBOX+ Emotion,FILMBOX+ Emotion [FILMBOX Extra],0.000138
2026_05,FILMBOX Family,Rafał,AK,0.000221,FILMBOX Family,FILMBOX+ Comedy,FILMBOX+ Comedy [FILMBOX Family],0.000143
2026_05,TVN,,AK,0.0813283702925025,TVN,TVN,TVN,0.085019
2026_05,TVP1,,AK,0.04778069102645098,TVP1,TVP1,TVP1,0.047249
2026_05,TVP2,,AK,0.03989109640478809,TVP2,TVP2,TVP2,0.047725
2026_05,Polsat,Maciej,RD,0.0783,Polsat,Polsat,Polsat,0.076259
2026_05,Fokus TV,Adam,RD,0.0079,Fokus TV,Fokus TV,Fokus TV,0.00843
2026_05,Nowa TV,Adam,RD,0.0034782978806564835,Nowa TV,Nowa TV,Nowa TV,0.003168
2026_05,Eleven Sports 1,Adam,RD,0.002765882594062617,Eleven Sports 1,Eleven Sports 1,Eleven Sports 1 [Eleven],0.00268
2026_05,Disco Polo Music,Adam,RD,0.0006802095559563672,Disco Polo Music,Disco Polo Music,Disco Polo Music,0.000422
2026_05,Puls 2,Agata,RD,0.0166817705530484,Puls 2,Puls 2,Puls 2,0.016387
2026_05,Zoom TV,Agata,RD,0.0044479976103112,Zoom TV,ZOOM,ZOOM [Zoom TV],0.004437
2026_05,SPI Kino Polska,Agata,RD,0.0025710301326414154,SPI Kino Polska,Kino Polska,Kino Polska,0.002488
2026_05,History,Agata,RD,0.003213363406642738,History,History,HISTORY,0.004182
2026_05,CI Polsat,Agata,RD,0.001065224432373722,CI Polsat,CI Polsat,CI Polsat [Polsat Crime & Investigation Network],0.000963
2026_05,Polsat News,Dariusz,RD,0.0109,Polsat News,Polsat News,Polsat News,0.009875
2026_05,Stopklatka,Dariusz,RD,0.0111,Stopklatka,Stopklatka,Stopklatka,0.010373
2026_05,Wydarzenia24,Dariusz,RD,0.0104,Wydarzenia24,Wydarzenia24,Wydarzenia 24 [Superstacja],0.010476
2026_05,Puls,Łukasz,RD,0.0391352602635888,Puls,TV PULS,TV PULS [PULS],0.039444
2026_05,Polsat 2,Łukasz,RD,0.0069,Polsat 2,Polsat2,Polsat2,0.007425
2026_05,Polsat Film,Łukasz,RD,0.005053172728086264,Polsat Film,Polsat Film,Polsat Film,0.005179
2026_05,Polsat Sport 1,Łukasz,RD,0.0032,Polsat Sport 1,Polsat Sport 1,Polsat Sport 1 [Polsat Sport],0.003754
2026_05,Polsat Viasat History,Łukasz,RD,0.001028090783377724,Polsat Viasat History,Polsat Viasat History,Polsat Viasat History [Viasat History],0.000953
2026_05,Polsat Viasat Explore,Łukasz,RD,0.0009031705690557705,Polsat Viasat Explore,Polsat Viasat Explore,Polsat Viasat Explore [Polsat Viasat Explorer],0.000832
2026_05,Szóstka,Piotr,RD,0.0183,Szóstka,TV6,TV6,0.016372
2026_05,Super Polsat,Piotr,RD,0.011399999999999999,Super Polsat,Super Polsat,Super Polsat [Polsat Sport News],0.010008
2026_05,WPOLSCE24,Piotr,RD,0.0092,WPOLSCE24,wPolsce24,wPolsce24 [Telewizja WPOLSCE.PL],0.007993
2026_05,AXN,Piotr,RD,0.002650401341525406,AXN,AXN,AXN,0.003219
2026_05,BBC First,Piotr,RD,0.0025875411509027036,BBC First,BBC First,BBC First [BBC HD],0.002008
2026_05,Polsat Play,Rafał,RD,0.0031,Polsat Play,Polsat Play,Polsat Play,0.003815
2026_05,Polo TV,Rafał,RD,0.0028499999999999997,Polo TV,Polo TV,Polo TV,0.003254
2026_05,SPI Kino TV,Rafał,RD,0.00245,SPI Kino TV,FILMBOX+ One,FILMBOX+ One [Kino TV],0.001927
2026_05,Eska TV,Rafał,RD,0.003475,Eska TV,Eska TV [8TV],Eska TV [8TV],0.004361
2026_05,AMC,Rafał,RD,0.0017000000000000001,AMC,AMC,AMC [MGM],0.00209
2026_05,Czwórka,Wiola,RD,0.0327,Czwórka,TV4 pl,TV4,0.033485
2026_05,TV Republika,Wiola,RD,0.03305003847697265,TV Republika,Republika,Republika [TV Republika],0.034015
2026_05,WP,Wiola,RD,0.005288937309920184,WP,WP,WP,0.005312
2026_05,Polsat Seriale,Wiola,RD,0.0039000000000000003,Polsat Seriale,Polsat Seriale,Polsat Seriale [Polsat Romans],0.004128
2026_05,Polsat Cafe,Wiola,RD,0.0026392186166909457,Polsat Cafe,Polsat Cafe,Polsat Cafe,0.002354
2026_05,NBCU 13 Ulica,Wiola,RD,0.0018303436352117397,NBCU 13 Ulica,13 Ulica,13 Ulica [13th Street Universal],0.0016
2026_05,4FUN.TV,Wiola,RD,0.00174164792360263,4FUN.TV,4FUN.TV,4FUN.TV [4fun.tv],0.002258
2026_05,Stars.tv,Wiola,RD,0.0022938617889043163,Stars.tv,Stars.tv,Stars.tv,0.002252
2026_05,BBC Earth,Piotr,RD,0.0016247188096018177,BBC Earth,BBC Earth,BBC Earth [BBC Knowledge],0.001415
2026_05,AXN White,Piotr,RD,0.0006106809950199165,AXN White,AXN White,AXN White [AXN Crime],0.000865
2026_05,History2,Agata,RD,0.0021857458621753396,History2,History2 [H2],HISTORY2 [H2],0.002054
2026_05,Polsat Doku,Dariusz,RD,0.0008156379593847427,Polsat Doku,Polsat Doku,Polsat Doku,0.001003
2026_05,Polsat Sport 2,Adam,RD,0.0009170581822382303,Polsat Sport 2,Polsat Sport 2,Polsat Sport 2 [Polsat Sport Extra],0.000856
2026_05,Polsat JimJam,Dariusz,RD,0.0008317926823744278,Polsat JimJam,Polsat JimJam,Polsat JimJam [JimJam],0.001
2026_05,Epic Drama,Łukasz,RD,0.0006981642007260028,Epic Drama,Viasat Epic Drama,Viasat Epic Drama [Epic Drama],0.000348
2026_05,NBCU SciFi Universal,Łukasz,RD,0.001106515550163026,NBCU SciFi Universal,Scifi Universal,Scifi Universal,0.000592
2026_05,4FUN KIDS,Wiola,RD,0.0003065141926057011,4FUN KIDS,4FUN KIDS,4FUN KIDS [4FUN GOLD],0.000919
2026_05,Polsat News 2,Dariusz,RD,0.0008060920670360065,Polsat News 2,Polsat News 2,Polsat News 2 [Polsat Biznes],0.000835
2026_05,BBC CBeebies,Dariusz,RD,0.0012989593560177207,BBC CBeebies,BBC CBeebies,BBC CBeebies,0.001147
2026_05,AXN Black,Piotr,RD,0.00183257926120353,AXN Black,AXN Black,AXN Black [AXN Sci-Fi],0.001573
2026_05,Polsat Rodzina,Piotr,RD,0.00103814466486355,Polsat Rodzina,Polsat Rodzina,Polsat Rodzina,0.000743
2026_05,SPI Kino Polska Muzyka,Agata,RD,0.00043873560395710963,SPI Kino Polska Muzyka,Kino Polska Muzyka,Kino Polska Muzyka,0.000381
2026_05,Polsat Viasat Nature,Łukasz,RD,0.0003884995567898796,Polsat Viasat Nature,Polsat Viasat Nature,Polsat Viasat Nature [Viasat Nature],0.000476
2026_05,TELE5,Adam,RD,0.0007960093435641362,TELE5,Tele5,Tele5,0.00095
2026_05,BBC Brit,Piotr,RD,0.0007281402623465107,BBC Brit,BBC Brit,BBC Brit [BBC Entertainment],0.000551
2026_05,Eska TV Extra,Adam,RD,0.00037514020661533914,Eska TV Extra,Eska Extra [Eska TV],Eska TV Extra [Eska TV],0.00038
2026_05,BBC Lifestyle,Piotr,RD,0.00048091243884148405,BBC Lifestyle,BBC Lifestyle,BBC Lifestyle,0.00064
2026_05,4FUN DANCE,Wiola,RD,0.0004443503524137305,4FUN DANCE,4FUN DANCE,4FUN DANCE [4FUN FIT&DANCE],0.000441
2026_05,Polsat Music,Piotr,RD,0.0003178915619937471,Polsat Music,Polsat Music HD,Polsat Music HD [Muzo.tv],0.000428
2026_05,Polsat Games,Łukasz,RD,0.0002797873521911741,Polsat Games,Polsat Games,Polsat Games,0.000247
2026_05,Polsat Sport 3,Rafał,RD,0.0004581648253079423,Polsat Sport 3,Polsat Sport 3,Polsat Sport 3 [Polsat Sport News HD],0.000467
2026_05,Extreme Sports,Łukasz,RD,3.111984792019002e-05,Extreme Sports,Extreme Sports,Extreme Sports,2.2e-05
2026_05,Vox Music TV,Adam,RD,0.00024832181793117296,Vox Music TV,Vox Music TV,Vox Music TV,0.000282
2026_05,AXN Spin,Piotr,RD,0.00022053942262260828,AXN Spin,AXN Spin,AXN Spin,0.000182
2026_05,Eska Rock TV,Adam,RD,0.0002852488239679391,Eska Rock TV,Eska Rock TV,Eska Rock TV [HIP HOP TV],0.000157
2026_05,Eleven Sports 2,Łukasz,RD,0.00043854957613006905,Eleven Sports 2,Eleven Sports 2,Eleven Sports 2 [Eleven Sports],0.0005
2026_05,NBCU E Entertainment,Wiola,RD,8.076827617226039e-05,NBCU E Entertainment,E!Entertainment,E!Entertainment [E!],7.2e-05
2026_05,POLONIA1,Adam,RD,0.00024664657193758746,POLONIA1,Polonia 1,Polonia1,0.000317
2026_05,Sundance TV,Agata,RD,0.00015717727864689626,Sundance TV,Sundance Channel,Sundance Channel,0.00015
2026_05,Novela TV,Dariusz,RD,9.613500814914939e-05,Novela TV,Novela TV,Novela TV,3.6e-05
2026_05,SPI Gametoon,Agata,RD,2.7375296041159555e-05,SPI Gametoon,Gametoon,Gametoon,1.8e-05
2026_05,Golf Zone,Agata,RD,3.423021638547999e-05,Golf Zone,Golf Zone,Golf Zone [Golf Channel Polska],4.5e-05
2026_05,Water Planet,Adam,RD,8.499804081608603e-05,Water Planet,Water Planet,Water Planet [CSB TV],0.000201
2026_05,Polsat Film 2,Łukasz,RD,0.0003994415998086972,Polsat Film 2,Polsat Film 2,Polsat Film 2,0.000558
2026_05,Polsat Reality,Rafał,RD,0.0005912760048213602,Polsat Reality,Polsat Reality,Polsat Reality,0.000518
2026_05,Polsat X,Rafał,RD,0.0003133641522619798,Polsat X,Polsat X,Polsat X,0.000313
2026_05,DaVinci,Dariusz,RD,3.3895565431402844e-05,DaVinci,Da Vinci,Da Vinci [Da Vinci Learning],4.4e-05
2026_05,TVT,Adam,RD,1.06425e-05,TVT,TVT,TVT,7.2e-05
2026_05,FILMBOX Premium,Łukasz,RD,0.00019700771005158325,FILMBOX Premium,FILMBOX+ Hits,FILMBOX+ Hits [FILMBOX Premium],0.000138
2026_05,Ale Kino+,Agata,RD,0.0013620439968137481,Ale Kino+,Ale Kino+,Ale Kino+ [Ale Kino],0.001274
2026_05,Canal+ Domo,Wiola,RD,0.0011012794553665127,Canal+ Domo,CANAL+ DOMO,CANAL+ DOMO [Domo+],0.001051
2026_05,Planete+,Dariusz,RD,0.0014359487988889119,Planete+,Planete+,Planete+ [Planete],0.001403
2026_05,MiniMini+,Dariusz,RD,0.001340871978870275,MiniMini+,MiniMini+,MiniMini+ [MiniMini],0.002081
2026_05,teleTOON+,Dariusz,RD,0.0003357392105249913,teleTOON+,teleTOON+,teleTOON+ [ZigZap/Hyper],0.000323
2026_05,Novelas+,Agata,RD,0.002108787620903805,Novelas+,Novelas,Novelas,0.00159
2026_05,CANAL+ KUCHNIA,Wiola,RD,0.000953446023439745,CANAL+ KUCHNIA,CANAL+ KUCHNIA,CANAL+ KUCHNIA [kuchnia+],0.000997
2026_05,Canal+ 360,Rafał,RD,0.0010272511978212304,Canal+ 360,CANAL+ 360,Canal+ 360 [Canal+ Family],0.000923
2026_05,Canal+ Sport,Łukasz,RD,0.0009,Canal+ Sport,Canal+ Sport,CANAL+ SPORT [Canal+ Niebieski],0.001989
2026_05,Canal+ Sport2,Adam,RD,0.0006,Canal+ Sport2,Canal+ Sport2,CANAL+ SPORT2,0.000919
2026_05,Canal+ Sport3,Adam,RD,0.0025,Canal+ Sport3,CANAL+ SPORT3,CANAL+ SPORT3,0.002794
2026_05,Canal+ Sport4,Rafał,RD,0.000155,Canal+ Sport4,CANAL+ SPORT4,CANAL+ SPORT4,0.000243
2026_05,Canal+ Sport5,Rafał,RD,0.0013,Canal+ Sport5,Canal+ SPORT5,CANAL+ SPORT5 [nSport+],0.002227
2026_05,CANAL+ Extra1,Łukasz,RD,0.001,CANAL+ Extra1,CANAL+ Extra 1,CANAL+ EXTRA 1,0.001401
2026_05,CANAL+ Extra2,Łukasz,RD,0.00025,CANAL+ Extra2,CANAL+ Extra 2,CANAL+ EXTRA 2,
2026_05,Viasat True Crime,Rafał,RD,0.0003070451544017376,Viasat True Crime,Viasat True Crime,Viasat True Crime,0.00034
2026_05,Novelas+1,Agata,RD,0.00013028383799709535,Novelas+1,Novelas+1,Novelas+1 [DIZI],0.000154
2026_05,Kabaret TV,Rafał,RD,0.00145,Kabaret TV,Kabaret TV,Kabaret TV,0.001619
2026_05,Polsat News Polityka,Dariusz,RD,0.0006636801510732117,Polsat News Polityka,Polsat News Polityka,Polsat News Polityka,0.000564
2026_05,Kanał Zero TV,Wiola,RD,0.00054,Kanał Zero TV,ZERO,ZERO,0.00269
2026_05,CANAL+ Seriale,Wiola,RD,0.00011854961786706985,CANAL+ Seriale,Canal+ Seriale,Canal+ Seriale [Canal+ Film 2],0.000126
2026_05,CANAL+ Dokument,Wiola,RD,0.0003509347327831496,CANAL+ Dokument,Canal+ Dokument,Canal+ Dokument [Canal+ Discovery],0.000207
2026_05,DocuBox,Dariusz,RD,5.623163519799112e-05,DocuBox,DocuBox,DocuBox,6e-05
2026_05,FILMBOX Action,Rafał,RD,0.0002444526063467984,FILMBOX Action,FILMBOX+ Action,FILMBOX+ Action [FILMBOX Action],0.000272
2026_05,FILMBOX Extra,Rafał,RD,0.00010924472772683475,FILMBOX Extra,FILMBOX+ Emotion,FILMBOX+ Emotion [FILMBOX Extra],0.000138
2026_05,FILMBOX Family,Rafał,RD,0.00019089569567539612,FILMBOX Family,FILMBOX+ Comedy,FILMBOX+ Comedy [FILMBOX Family],0.000143
2026_05,TVN,,RD,0.0836,TVN,TVN,TVN,0.085019
2026_05,TVP1,,RD,0.0475,TVP1,TVP1,TVP1,0.047249
2026_05,TVP2,,RD,0.0445,TVP2,TVP2,TVP2,0.047725
2026_05,Polsat,Maciej,PW,0.0774,Polsat,Polsat,Polsat,0.076259
2026_05,Fokus TV,Adam,PW,0.0078,Fokus TV,Fokus TV,Fokus TV,0.00843
2026_05,Nowa TV,Adam,PW,0.0033,Nowa TV,Nowa TV,Nowa TV,0.003168
2026_05,Eleven Sports 1,Adam,PW,0.003,Eleven Sports 1,Eleven Sports 1,Eleven Sports 1 [Eleven],0.00268
2026_05,Disco Polo Music,Adam,PW,0.0005,Disco Polo Music,Disco Polo Music,Disco Polo Music,0.000422
2026_05,Puls 2,Agata,PW,0.0182,Puls 2,Puls 2,Puls 2,0.016387
2026_05,Zoom TV,Agata,PW,0.0042,Zoom TV,ZOOM,ZOOM [Zoom TV],0.004437
2026_05,SPI Kino Polska,Agata,PW,0.0033,SPI Kino Polska,Kino Polska,Kino Polska,0.002488
2026_05,History,Agata,PW,0.0033,History,History,HISTORY,0.004182
2026_05,CI Polsat,Agata,PW,0.0013,CI Polsat,CI Polsat,CI Polsat [Polsat Crime & Investigation Network],0.000963
2026_05,Polsat News,Dariusz,PW,0.0107,Polsat News,Polsat News,Polsat News,0.009875
2026_05,Stopklatka,Dariusz,PW,0.0115,Stopklatka,Stopklatka,Stopklatka,0.010373
2026_05,Wydarzenia24,Dariusz,PW,0.0105,Wydarzenia24,Wydarzenia24,Wydarzenia 24 [Superstacja],0.010476
2026_05,Puls,Łukasz,PW,0.0384,Puls,TV PULS,TV PULS [PULS],0.039444
2026_05,Polsat 2,Łukasz,PW,0.0072,Polsat 2,Polsat2,Polsat2,0.007425
2026_05,Polsat Film,Łukasz,PW,0.006,Polsat Film,Polsat Film,Polsat Film,0.005179
2026_05,Polsat Sport 1,Łukasz,PW,0.0038,Polsat Sport 1,Polsat Sport 1,Polsat Sport 1 [Polsat Sport],0.003754
2026_05,Polsat Viasat History,Łukasz,PW,0.0015,Polsat Viasat History,Polsat Viasat History,Polsat Viasat History [Viasat History],0.000953
2026_05,Polsat Viasat Explore,Łukasz,PW,0.0012,Polsat Viasat Explore,Polsat Viasat Explore,Polsat Viasat Explore [Polsat Viasat Explorer],0.000832
2026_05,Szóstka,Piotr,PW,0.0182,Szóstka,TV6,TV6,0.016372
2026_05,Super Polsat,Piotr,PW,0.0118,Super Polsat,Super Polsat,Super Polsat [Polsat Sport News],0.010008
2026_05,WPOLSCE24,Piotr,PW,0.0084,WPOLSCE24,wPolsce24,wPolsce24 [Telewizja WPOLSCE.PL],0.007993
2026_05,AXN,Piotr,PW,0.0027,AXN,AXN,AXN,0.003219
2026_05,BBC First,Piotr,PW,0.0026,BBC First,BBC First,BBC First [BBC HD],0.002008
2026_05,Polsat Play,Rafał,PW,0.0031,Polsat Play,Polsat Play,Polsat Play,0.003815
2026_05,Polo TV,Rafał,PW,0.0027,Polo TV,Polo TV,Polo TV,0.003254
2026_05,SPI Kino TV,Rafał,PW,0.0023,SPI Kino TV,FILMBOX+ One,FILMBOX+ One [Kino TV],0.001927
2026_05,Eska TV,Rafał,PW,0.0031,Eska TV,Eska TV [8TV],Eska TV [8TV],0.004361
2026_05,AMC,Rafał,PW,0.002,AMC,AMC,AMC [MGM],0.00209
2026_05,Czwórka,Wiola,PW,0.0321,Czwórka,TV4 pl,TV4,0.033485
2026_05,TV Republika,Wiola,PW,0.0317,TV Republika,Republika,Republika [TV Republika],0.034015
2026_05,WP,Wiola,PW,0.0051,WP,WP,WP,0.005312
2026_05,Polsat Seriale,Wiola,PW,0.004,Polsat Seriale,Polsat Seriale,Polsat Seriale [Polsat Romans],0.004128
2026_05,Polsat Cafe,Wiola,PW,0.0025,Polsat Cafe,Polsat Cafe,Polsat Cafe,0.002354
2026_05,NBCU 13 Ulica,Wiola,PW,0.0019,NBCU 13 Ulica,13 Ulica,13 Ulica [13th Street Universal],0.0016
2026_05,4FUN.TV,Wiola,PW,0.0017,4FUN.TV,4FUN.TV,4FUN.TV [4fun.tv],0.002258
2026_05,Stars.tv,Wiola,PW,0.0023,Stars.tv,Stars.tv,Stars.tv,0.002252
2026_05,BBC Earth,Piotr,PW,0.0015,BBC Earth,BBC Earth,BBC Earth [BBC Knowledge],0.001415
2026_05,AXN White,Piotr,PW,0.0006,AXN White,AXN White,AXN White [AXN Crime],0.000865
2026_05,History2,Agata,PW,0.0017,History2,History2 [H2],HISTORY2 [H2],0.002054
2026_05,Polsat Doku,Dariusz,PW,0.001,Polsat Doku,Polsat Doku,Polsat Doku,0.001003
2026_05,Polsat Sport 2,Adam,PW,0.0008,Polsat Sport 2,Polsat Sport 2,Polsat Sport 2 [Polsat Sport Extra],0.000856
2026_05,Polsat JimJam,Dariusz,PW,0.0008,Polsat JimJam,Polsat JimJam,Polsat JimJam [JimJam],0.001
2026_05,Epic Drama,Łukasz,PW,0.0008,Epic Drama,Viasat Epic Drama,Viasat Epic Drama [Epic Drama],0.000348
2026_05,NBCU SciFi Universal,Łukasz,PW,0.001,NBCU SciFi Universal,Scifi Universal,Scifi Universal,0.000592
2026_05,4FUN KIDS,Wiola,PW,0.0004,4FUN KIDS,4FUN KIDS,4FUN KIDS [4FUN GOLD],0.000919
2026_05,Polsat News 2,Dariusz,PW,0.0008,Polsat News 2,Polsat News 2,Polsat News 2 [Polsat Biznes],0.000835
2026_05,BBC CBeebies,Dariusz,PW,0.0013,BBC CBeebies,BBC CBeebies,BBC CBeebies,0.001147
2026_05,AXN Black,Piotr,PW,0.0014,AXN Black,AXN Black,AXN Black [AXN Sci-Fi],0.001573
2026_05,Polsat Rodzina,Piotr,PW,0.0009,Polsat Rodzina,Polsat Rodzina,Polsat Rodzina,0.000743
2026_05,SPI Kino Polska Muzyka,Agata,PW,0.0005,SPI Kino Polska Muzyka,Kino Polska Muzyka,Kino Polska Muzyka,0.000381
2026_05,Polsat Viasat Nature,Łukasz,PW,0.0004,Polsat Viasat Nature,Polsat Viasat Nature,Polsat Viasat Nature [Viasat Nature],0.000476
2026_05,TELE5,Adam,PW,0.0008,TELE5,Tele5,Tele5,0.00095
2026_05,BBC Brit,Piotr,PW,0.0007,BBC Brit,BBC Brit,BBC Brit [BBC Entertainment],0.000551
2026_05,Eska TV Extra,Adam,PW,0.0004,Eska TV Extra,Eska Extra [Eska TV],Eska TV Extra [Eska TV],0.00038
2026_05,BBC Lifestyle,Piotr,PW,0.0004,BBC Lifestyle,BBC Lifestyle,BBC Lifestyle,0.00064
2026_05,4FUN DANCE,Wiola,PW,0.0004,4FUN DANCE,4FUN DANCE,4FUN DANCE [4FUN FIT&DANCE],0.000441
2026_05,Polsat Music,Piotr,PW,0.0004,Polsat Music,Polsat Music HD,Polsat Music HD [Muzo.tv],0.000428
2026_05,Polsat Games,Łukasz,PW,0.0004,Polsat Games,Polsat Games,Polsat Games,0.000247
2026_05,Polsat Sport 3,Rafał,PW,0.0005,Polsat Sport 3,Polsat Sport 3,Polsat Sport 3 [Polsat Sport News HD],0.000467
2026_05,Extreme Sports,Łukasz,PW,4e-05,Extreme Sports,Extreme Sports,Extreme Sports,2.2e-05
2026_05,Vox Music TV,Adam,PW,0.0003,Vox Music TV,Vox Music TV,Vox Music TV,0.000282
2026_05,AXN Spin,Piotr,PW,0.0002,AXN Spin,AXN Spin,AXN Spin,0.000182
2026_05,Eska Rock TV,Adam,PW,0.0003,Eska Rock TV,Eska Rock TV,Eska Rock TV [HIP HOP TV],0.000157
2026_05,Eleven Sports 2,Łukasz,PW,0.0005,Eleven Sports 2,Eleven Sports 2,Eleven Sports 2 [Eleven Sports],0.0005
2026_05,NBCU E Entertainment,Wiola,PW,0.0001,NBCU E Entertainment,E!Entertainment,E!Entertainment [E!],7.2e-05
2026_05,POLONIA1,Adam,PW,0.0002,POLONIA1,Polonia 1,Polonia1,0.000317
2026_05,Sundance TV,Agata,PW,0.0001,Sundance TV,Sundance Channel,Sundance Channel,0.00015
2026_05,Novela TV,Dariusz,PW,0.0001,Novela TV,Novela TV,Novela TV,3.6e-05
2026_05,SPI Gametoon,Agata,PW,4e-05,SPI Gametoon,Gametoon,Gametoon,1.8e-05
2026_05,Golf Zone,Agata,PW,4e-05,Golf Zone,Golf Zone,Golf Zone [Golf Channel Polska],4.5e-05
2026_05,Water Planet,Adam,PW,0.0001,Water Planet,Water Planet,Water Planet [CSB TV],0.000201
2026_05,Polsat Film 2,Łukasz,PW,0.0004,Polsat Film 2,Polsat Film 2,Polsat Film 2,0.000558
2026_05,Polsat Reality,Rafał,PW,0.0004,Polsat Reality,Polsat Reality,Polsat Reality,0.000518
2026_05,Polsat X,Rafał,PW,0.0003,Polsat X,Polsat X,Polsat X,0.000313
2026_05,DaVinci,Dariusz,PW,0.0001,DaVinci,Da Vinci,Da Vinci [Da Vinci Learning],4.4e-05
2026_05,TVT,Adam,PW,4e-05,TVT,TVT,TVT,7.2e-05
2026_05,FILMBOX Premium,Łukasz,PW,0.0002,FILMBOX Premium,FILMBOX+ Hits,FILMBOX+ Hits [FILMBOX Premium],0.000138
2026_05,Ale Kino+,Agata,PW,0.0012,Ale Kino+,Ale Kino+,Ale Kino+ [Ale Kino],0.001274
2026_05,Canal+ Domo,Wiola,PW,0.001,Canal+ Domo,CANAL+ DOMO,CANAL+ DOMO [Domo+],0.001051
2026_05,Planete+,Dariusz,PW,0.0015,Planete+,Planete+,Planete+ [Planete],0.001403
2026_05,MiniMini+,Dariusz,PW,0.0012,MiniMini+,MiniMini+,MiniMini+ [MiniMini],0.002081
2026_05,teleTOON+,Dariusz,PW,0.0003,teleTOON+,teleTOON+,teleTOON+ [ZigZap/Hyper],0.000323
2026_05,Novelas+,Agata,PW,0.002,Novelas+,Novelas,Novelas,0.00159
2026_05,CANAL+ KUCHNIA,Wiola,PW,0.001,CANAL+ KUCHNIA,CANAL+ KUCHNIA,CANAL+ KUCHNIA [kuchnia+],0.000997
2026_05,Canal+ 360,Rafał,PW,0.001,Canal+ 360,CANAL+ 360,Canal+ 360 [Canal+ Family],0.000923
2026_05,Canal+ Sport,Łukasz,PW,0.001,Canal+ Sport,Canal+ Sport,CANAL+ SPORT [Canal+ Niebieski],0.001989
2026_05,Canal+ Sport2,Adam,PW,0.0006,Canal+ Sport2,Canal+ Sport2,CANAL+ SPORT2,0.000919
2026_05,Canal+ Sport3,Adam,PW,0.0024,Canal+ Sport3,CANAL+ SPORT3,CANAL+ SPORT3,0.002794
2026_05,Canal+ Sport4,Rafał,PW,0.0002,Canal+ Sport4,CANAL+ SPORT4,CANAL+ SPORT4,0.000243
2026_05,Canal+ Sport5,Rafał,PW,0.0012,Canal+ Sport5,Canal+ SPORT5,CANAL+ SPORT5 [nSport+],0.002227
2026_05,CANAL+ Extra1,Łukasz,PW,0.0009,CANAL+ Extra1,CANAL+ Extra 1,CANAL+ EXTRA 1,0.001401
2026_05,CANAL+ Extra2,Łukasz,PW,0.0003,CANAL+ Extra2,CANAL+ Extra 2,CANAL+ EXTRA 2,
2026_05,Viasat True Crime,Rafał,PW,0.0003,Viasat True Crime,Viasat True Crime,Viasat True Crime,0.00034
2026_05,Novelas+1,Agata,PW,0.0001,Novelas+1,Novelas+1,Novelas+1 [DIZI],0.000154
2026_05,Kabaret TV,Rafał,PW,0.0016,Kabaret TV,Kabaret TV,Kabaret TV,0.001619
2026_05,Polsat News Polityka,Dariusz,PW,0.0005,Polsat News Polityka,Polsat News Polityka,Polsat News Polityka,0.000564
2026_05,Kanał Zero TV,Wiola,PW,0.0005,Kanał Zero TV,ZERO,ZERO,0.00269
2026_05,CANAL+ Seriale,Wiola,PW,0.0001,CANAL+ Seriale,Canal+ Seriale,Canal+ Seriale [Canal+ Film 2],0.000126
2026_05,CANAL+ Dokument,Wiola,PW,0.0002,CANAL+ Dokument,Canal+ Dokument,Canal+ Dokument [Canal+ Discovery],0.000207
2026_05,DocuBox,Dariusz,PW,0.0002,DocuBox,DocuBox,DocuBox,6e-05
2026_05,FILMBOX Action,Rafał,PW,0.0002,FILMBOX Action,FILMBOX+ Action,FILMBOX+ Action [FILMBOX Action],0.000272
2026_05,FILMBOX Extra,Rafał,PW,0.0001,FILMBOX Extra,FILMBOX+ Emotion,FILMBOX+ Emotion [FILMBOX Extra],0.000138
2026_05,FILMBOX Family,Rafał,PW,0.0002,FILMBOX Family,FILMBOX+ Comedy,FILMBOX+ Comedy [FILMBOX Family],0.000143
2026_05,TVN,,PW,0.0798,TVN,TVN,TVN,0.085019
2026_05,TVP1,,PW,0.0476,TVP1,TVP1,TVP1,0.047249
2026_05,TVP2,,PW,0.0422,TVP2,TVP2,TVP2,0.047725
2026_05,Polsat,Maciej,WK,0.07719999999999999,Polsat,Polsat,Polsat,0.076259
2026_05,Fokus TV,Adam,WK,0.008,Fokus TV,Fokus TV,Fokus TV,0.00843
2026_05,Nowa TV,Adam,WK,0.0034000000000000002,Nowa TV,Nowa TV,Nowa TV,0.003168
2026_05,Eleven Sports 1,Adam,WK,0.0033,Eleven Sports 1,Eleven Sports 1,Eleven Sports 1 [Eleven],0.00268
2026_05,Disco Polo Music,Adam,WK,0.0007000000000000001,Disco Polo Music,Disco Polo Music,Disco Polo Music,0.000422
2026_05,Puls 2,Agata,WK,0.0165,Puls 2,Puls 2,Puls 2,0.016387
2026_05,Zoom TV,Agata,WK,0.0043,Zoom TV,ZOOM,ZOOM [Zoom TV],0.004437
2026_05,SPI Kino Polska,Agata,WK,0.0027,SPI Kino Polska,Kino Polska,Kino Polska,0.002488
2026_05,History,Agata,WK,0.0033,History,History,HISTORY,0.004182
2026_05,CI Polsat,Agata,WK,0.0012,CI Polsat,CI Polsat,CI Polsat [Polsat Crime & Investigation Network],0.000963
2026_05,Polsat News,Dariusz,WK,0.0113,Polsat News,Polsat News,Polsat News,0.009875
2026_05,Stopklatka,Dariusz,WK,0.0109,Stopklatka,Stopklatka,Stopklatka,0.010373
2026_05,Wydarzenia24,Dariusz,WK,0.0105,Wydarzenia24,Wydarzenia24,Wydarzenia 24 [Superstacja],0.010476
2026_05,Puls,Łukasz,WK,0.0385,Puls,TV PULS,TV PULS [PULS],0.039444
2026_05,Polsat 2,Łukasz,WK,0.0066,Polsat 2,Polsat2,Polsat2,0.007425
2026_05,Polsat Film,Łukasz,WK,0.0053,Polsat Film,Polsat Film,Polsat Film,0.005179
2026_05,Polsat Sport 1,Łukasz,WK,0.0037,Polsat Sport 1,Polsat Sport 1,Polsat Sport 1 [Polsat Sport],0.003754
2026_05,Polsat Viasat History,Łukasz,WK,0.0011,Polsat Viasat History,Polsat Viasat History,Polsat Viasat History [Viasat History],0.000953
2026_05,Polsat Viasat Explore,Łukasz,WK,0.0011,Polsat Viasat Explore,Polsat Viasat Explore,Polsat Viasat Explore [Polsat Viasat Explorer],0.000832
2026_05,Szóstka,Piotr,WK,0.0181,Szóstka,TV6,TV6,0.016372
2026_05,Super Polsat,Piotr,WK,0.0115,Super Polsat,Super Polsat,Super Polsat [Polsat Sport News],0.010008
2026_05,WPOLSCE24,Piotr,WK,0.008100000000000001,WPOLSCE24,wPolsce24,wPolsce24 [Telewizja WPOLSCE.PL],0.007993
2026_05,AXN,Piotr,WK,0.0028000000000000004,AXN,AXN,AXN,0.003219
2026_05,BBC First,Piotr,WK,0.0026,BBC First,BBC First,BBC First [BBC HD],0.002008
2026_05,Polsat Play,Rafał,WK,0.0029,Polsat Play,Polsat Play,Polsat Play,0.003815
2026_05,Polo TV,Rafał,WK,0.0028000000000000004,Polo TV,Polo TV,Polo TV,0.003254
2026_05,SPI Kino TV,Rafał,WK,0.0025,SPI Kino TV,FILMBOX+ One,FILMBOX+ One [Kino TV],0.001927
2026_05,Eska TV,Rafał,WK,0.0033,Eska TV,Eska TV [8TV],Eska TV [8TV],0.004361
2026_05,AMC,Rafał,WK,0.0019,AMC,AMC,AMC [MGM],0.00209
2026_05,Czwórka,Wiola,WK,0.0323,Czwórka,TV4 pl,TV4,0.033485
2026_05,TV Republika,Wiola,WK,0.0335,TV Republika,Republika,Republika [TV Republika],0.034015
2026_05,WP,Wiola,WK,0.0052,WP,WP,WP,0.005312
2026_05,Polsat Seriale,Wiola,WK,0.0039000000000000003,Polsat Seriale,Polsat Seriale,Polsat Seriale [Polsat Romans],0.004128
2026_05,Polsat Cafe,Wiola,WK,0.003,Polsat Cafe,Polsat Cafe,Polsat Cafe,0.002354
2026_05,NBCU 13 Ulica,Wiola,WK,0.0019,NBCU 13 Ulica,13 Ulica,13 Ulica [13th Street Universal],0.0016
2026_05,4FUN.TV,Wiola,WK,0.0018,4FUN.TV,4FUN.TV,4FUN.TV [4fun.tv],0.002258
2026_05,Stars.tv,Wiola,WK,0.0024,Stars.tv,Stars.tv,Stars.tv,0.002252
2026_05,BBC Earth,Piotr,WK,0.0016,BBC Earth,BBC Earth,BBC Earth [BBC Knowledge],0.001415
2026_05,AXN White,Piotr,WK,0.0006,AXN White,AXN White,AXN White [AXN Crime],0.000865
2026_05,History2,Agata,WK,0.0019,History2,History2 [H2],HISTORY2 [H2],0.002054
2026_05,Polsat Doku,Dariusz,WK,0.0011,Polsat Doku,Polsat Doku,Polsat Doku,0.001003
2026_05,Polsat Sport 2,Adam,WK,0.0008,Polsat Sport 2,Polsat Sport 2,Polsat Sport 2 [Polsat Sport Extra],0.000856
2026_05,Polsat JimJam,Dariusz,WK,0.0009,Polsat JimJam,Polsat JimJam,Polsat JimJam [JimJam],0.001
2026_05,Epic Drama,Łukasz,WK,0.0007000000000000001,Epic Drama,Viasat Epic Drama,Viasat Epic Drama [Epic Drama],0.000348
2026_05,NBCU SciFi Universal,Łukasz,WK,0.0009,NBCU SciFi Universal,Scifi Universal,Scifi Universal,0.000592
2026_05,4FUN KIDS,Wiola,WK,0.00025,4FUN KIDS,4FUN KIDS,4FUN KIDS [4FUN GOLD],0.000919
2026_05,Polsat News 2,Dariusz,WK,0.00074,Polsat News 2,Polsat News 2,Polsat News 2 [Polsat Biznes],0.000835
2026_05,BBC CBeebies,Dariusz,WK,0.0012,BBC CBeebies,BBC CBeebies,BBC CBeebies,0.001147
2026_05,AXN Black,Piotr,WK,0.0018,AXN Black,AXN Black,AXN Black [AXN Sci-Fi],0.001573
2026_05,Polsat Rodzina,Piotr,WK,0.001,Polsat Rodzina,Polsat Rodzina,Polsat Rodzina,0.000743
2026_05,SPI Kino Polska Muzyka,Agata,WK,0.0004,SPI Kino Polska Muzyka,Kino Polska Muzyka,Kino Polska Muzyka,0.000381
2026_05,Polsat Viasat Nature,Łukasz,WK,0.00054,Polsat Viasat Nature,Polsat Viasat Nature,Polsat Viasat Nature [Viasat Nature],0.000476
2026_05,TELE5,Adam,WK,0.0009,TELE5,Tele5,Tele5,0.00095
2026_05,BBC Brit,Piotr,WK,0.0006,BBC Brit,BBC Brit,BBC Brit [BBC Entertainment],0.000551
2026_05,Eska TV Extra,Adam,WK,0.0004,Eska TV Extra,Eska Extra [Eska TV],Eska TV Extra [Eska TV],0.00038
2026_05,BBC Lifestyle,Piotr,WK,0.0007000000000000001,BBC Lifestyle,BBC Lifestyle,BBC Lifestyle,0.00064
2026_05,4FUN DANCE,Wiola,WK,0.00035000000000000005,4FUN DANCE,4FUN DANCE,4FUN DANCE [4FUN FIT&DANCE],0.000441
2026_05,Polsat Music,Piotr,WK,0.0003,Polsat Music,Polsat Music HD,Polsat Music HD [Muzo.tv],0.000428
2026_05,Polsat Games,Łukasz,WK,0.0003,Polsat Games,Polsat Games,Polsat Games,0.000247
2026_05,Polsat Sport 3,Rafał,WK,0.00045,Polsat Sport 3,Polsat Sport 3,Polsat Sport 3 [Polsat Sport News HD],0.000467
2026_05,Extreme Sports,Łukasz,WK,1e-05,Extreme Sports,Extreme Sports,Extreme Sports,2.2e-05
2026_05,Vox Music TV,Adam,WK,0.0003,Vox Music TV,Vox Music TV,Vox Music TV,0.000282
2026_05,AXN Spin,Piotr,WK,0.00015,AXN Spin,AXN Spin,AXN Spin,0.000182
2026_05,Eska Rock TV,Adam,WK,0.0003,Eska Rock TV,Eska Rock TV,Eska Rock TV [HIP HOP TV],0.000157
2026_05,Eleven Sports 2,Łukasz,WK,0.0006,Eleven Sports 2,Eleven Sports 2,Eleven Sports 2 [Eleven Sports],0.0005
2026_05,NBCU E Entertainment,Wiola,WK,0.0001,NBCU E Entertainment,E!Entertainment,E!Entertainment [E!],7.2e-05
2026_05,POLONIA1,Adam,WK,0.0002,POLONIA1,Polonia 1,Polonia1,0.000317
2026_05,Sundance TV,Agata,WK,0.00015,Sundance TV,Sundance Channel,Sundance Channel,0.00015
2026_05,Novela TV,Dariusz,WK,0.0001,Novela TV,Novela TV,Novela TV,3.6e-05
2026_05,SPI Gametoon,Agata,WK,1e-05,SPI Gametoon,Gametoon,Gametoon,1.8e-05
2026_05,Golf Zone,Agata,WK,1e-05,Golf Zone,Golf Zone,Golf Zone [Golf Channel Polska],4.5e-05
2026_05,Water Planet,Adam,WK,0.0001,Water Planet,Water Planet,Water Planet [CSB TV],0.000201
2026_05,Polsat Film 2,Łukasz,WK,0.0004,Polsat Film 2,Polsat Film 2,Polsat Film 2,0.000558
2026_05,Polsat Reality,Rafał,WK,0.0005,Polsat Reality,Polsat Reality,Polsat Reality,0.000518
2026_05,Polsat X,Rafał,WK,0.0004,Polsat X,Polsat X,Polsat X,0.000313
2026_05,DaVinci,Dariusz,WK,0.0001,DaVinci,Da Vinci,Da Vinci [Da Vinci Learning],4.4e-05
2026_05,TVT,Adam,WK,1e-05,TVT,TVT,TVT,7.2e-05
2026_05,FILMBOX Premium,Łukasz,WK,0.0003,FILMBOX Premium,FILMBOX+ Hits,FILMBOX+ Hits [FILMBOX Premium],0.000138
2026_05,Ale Kino+,Agata,WK,0.0015,Ale Kino+,Ale Kino+,Ale Kino+ [Ale Kino],0.001274
2026_05,Canal+ Domo,Wiola,WK,0.0011,Canal+ Domo,CANAL+ DOMO,CANAL+ DOMO [Domo+],0.001051
2026_05,Planete+,Dariusz,WK,0.0014000000000000002,Planete+,Planete+,Planete+ [Planete],0.001403
2026_05,MiniMini+,Dariusz,WK,0.0012,MiniMini+,MiniMini+,MiniMini+ [MiniMini],0.002081
2026_05,teleTOON+,Dariusz,WK,0.0003,teleTOON+,teleTOON+,teleTOON+ [ZigZap/Hyper],0.000323
2026_05,Novelas+,Agata,WK,0.0022,Novelas+,Novelas,Novelas,0.00159
2026_05,CANAL+ KUCHNIA,Wiola,WK,0.0011,CANAL+ KUCHNIA,CANAL+ KUCHNIA,CANAL+ KUCHNIA [kuchnia+],0.000997
2026_05,Canal+ 360,Rafał,WK,0.001,Canal+ 360,CANAL+ 360,Canal+ 360 [Canal+ Family],0.000923
2026_05,Canal+ Sport,Łukasz,WK,0.0008500000000000001,Canal+ Sport,Canal+ Sport,CANAL+ SPORT [Canal+ Niebieski],0.001989
2026_05,Canal+ Sport2,Adam,WK,0.00053,Canal+ Sport2,Canal+ Sport2,CANAL+ SPORT2,0.000919
2026_05,Canal+ Sport3,Adam,WK,0.0024,Canal+ Sport3,CANAL+ SPORT3,CANAL+ SPORT3,0.002794
2026_05,Canal+ Sport4,Rafał,WK,0.0007000000000000001,Canal+ Sport4,CANAL+ SPORT4,CANAL+ SPORT4,0.000243
2026_05,Canal+ Sport5,Rafał,WK,0.0013,Canal+ Sport5,Canal+ SPORT5,CANAL+ SPORT5 [nSport+],0.002227
2026_05,CANAL+ Extra1,Łukasz,WK,0.0009,CANAL+ Extra1,CANAL+ Extra 1,CANAL+ EXTRA 1,0.001401
2026_05,CANAL+ Extra2,Łukasz,WK,0.0004,CANAL+ Extra2,CANAL+ Extra 2,CANAL+ EXTRA 2,
2026_05,Viasat True Crime,Rafał,WK,0.0003,Viasat True Crime,Viasat True Crime,Viasat True Crime,0.00034
2026_05,Novelas+1,Agata,WK,0.0001,Novelas+1,Novelas+1,Novelas+1 [DIZI],0.000154
2026_05,Kabaret TV,Rafał,WK,0.0017000000000000001,Kabaret TV,Kabaret TV,Kabaret TV,0.001619
2026_05,Polsat News Polityka,Dariusz,WK,0.0005,Polsat News Polityka,Polsat News Polityka,Polsat News Polityka,0.000564
2026_05,Kanał Zero TV,Wiola,WK,0.0002,Kanał Zero TV,ZERO,ZERO,0.00269
2026_05,CANAL+ Seriale,Wiola,WK,0.0002,CANAL+ Seriale,Canal+ Seriale,Canal+ Seriale [Canal+ Film 2],0.000126
2026_05,CANAL+ Dokument,Wiola,WK,0.0003,CANAL+ Dokument,Canal+ Dokument,Canal+ Dokument [Canal+ Discovery],0.000207
2026_05,DocuBox,Dariusz,WK,0.0001,DocuBox,DocuBox,DocuBox,6e-05
2026_05,FILMBOX Action,Rafał,WK,0.0002,FILMBOX Action,FILMBOX+ Action,FILMBOX+ Action [FILMBOX Action],0.000272
2026_05,FILMBOX Extra,Rafał,WK,0.0001,FILMBOX Extra,FILMBOX+ Emotion,FILMBOX+ Emotion [FILMBOX Extra],0.000138
2026_05,FILMBOX Family,Rafał,WK,0.0002,FILMBOX Family,FILMBOX+ Comedy,FILMBOX+ Comedy [FILMBOX Family],0.000143
2026_05,TVN,,WK,0.0833,TVN,TVN,TVN,0.085019
2026_05,TVP1,,WK,0.048,TVP1,TVP1,TVP1,0.047249
2026_05,TVP2,,WK,0.0446,TVP2,TVP2,TVP2,0.047725
2026_06,Polsat,Maciej,DT,0.070657325,Polsat,Polsat,Polsat,0.065614
2026_06,Fokus TV,Adam,DT,0.008255765000000002,Fokus TV,Fokus TV,Fokus TV,0.008547
2026_06,Nowa TV,Adam,DT,0.00350448,Nowa TV,Nowa TV,Nowa TV,0.003253
2026_06,Eleven Sports 1,Adam,DT,0.0020650000000000004,Eleven Sports 1,Eleven Sports 1,Eleven Sports 1 [Eleven],0.001889
2026_06,Disco Polo Music,Adam,DT,0.000588,Disco Polo Music,Disco Polo Music,Disco Polo Music,0.000801
2026_06,Puls 2,Agata,DT,0.015802265,Puls 2,Puls 2,Puls 2,0.014073
2026_06,Zoom TV,Agata,DT,0.00483075,Zoom TV,ZOOM,ZOOM [Zoom TV],0.003246
2026_06,SPI Kino Polska,Agata,DT,0.0021920475,SPI Kino Polska,Kino Polska,Kino Polska,0.003078
2026_06,History,Agata,DT,0.00371478,History,History,HISTORY,0.003574
2026_06,CI Polsat,Agata,DT,0.0009947025,CI Polsat,CI Polsat,CI Polsat [Polsat Crime & Investigation Network],0.000928
2026_06,Polsat News,Dariusz,DT,0.010896844999999999,Polsat News,Polsat News,Polsat News,0.01037
2026_06,Stopklatka,Dariusz,DT,0.010624562499999999,Stopklatka,Stopklatka,Stopklatka,0.010383
2026_06,Wydarzenia24,Dariusz,DT,0.0108397575,Wydarzenia24,Wydarzenia24,Wydarzenia 24 [Superstacja],0.010748
2026_06,Puls,Łukasz,DT,0.037058089999999995,Puls,TV PULS,TV PULS [PULS],0.037032
2026_06,Polsat 2,Łukasz,DT,0.0069571749999999995,Polsat 2,Polsat2,Polsat2,0.006985
2026_06,Polsat Film,Łukasz,DT,0.00501144,Polsat Film,Polsat Film,Polsat Film,0.005334
2026_06,Polsat Sport 1,Łukasz,DT,0.004190175,Polsat Sport 1,Polsat Sport 1,Polsat Sport 1 [Polsat Sport],0.006966
2026_06,Polsat Viasat History,Łukasz,DT,0.001314,Polsat Viasat History,Polsat Viasat History,Polsat Viasat History [Viasat History],0.000994
2026_06,Polsat Viasat Explore,Łukasz,DT,0.000991125,Polsat Viasat Explore,Polsat Viasat Explore,Polsat Viasat Explore [Polsat Viasat Explorer],0.001033
2026_06,Szóstka,Piotr,DT,0.017301735,Szóstka,TV6,TV6,0.016383
2026_06,Super Polsat,Piotr,DT,0.0111045825,Super Polsat,Super Polsat,Super Polsat [Polsat Sport News],0.011813
2026_06,WPOLSCE24,Piotr,DT,0.0078969825,WPOLSCE24,wPolsce24,wPolsce24 [Telewizja WPOLSCE.PL],0.007908
2026_06,AXN,Piotr,DT,0.0031029750000000004,AXN,AXN,AXN,0.002793
2026_06,BBC First,Piotr,DT,0.00298035,BBC First,BBC First,BBC First [BBC HD],0.001545
2026_06,Polsat Play,Rafał,DT,0.0035082025000000004,Polsat Play,Polsat Play,Polsat Play,0.003203
2026_06,Polo TV,Rafał,DT,0.0035928,Polo TV,Polo TV,Polo TV,0.003777
2026_06,SPI Kino TV,Rafał,DT,0.00234017,SPI Kino TV,FILMBOX+ One,FILMBOX+ One [Kino TV],0.002016
2026_06,Eska TV,Rafał,DT,0.003620855,Eska TV,Eska TV [8TV],Eska TV [8TV],0.005053
2026_06,AMC,Rafał,DT,0.0019211250000000003,AMC,AMC,AMC [MGM],0.001735
2026_06,Czwórka,Rafał,DT,0.02851392,Czwórka,TV4 pl,TV4,0.028109
2026_06,TV Republika,Wiola,DT,0.03159892,TV Republika,Republika,Republika [TV Republika],0.031158
2026_06,WP,Wiola,DT,0.005589087499999999,WP,WP,WP,0.004439
2026_06,Polsat Seriale,Wiola,DT,0.0039632174999999995,Polsat Seriale,Polsat Seriale,Polsat Seriale [Polsat Romans],0.004256
2026_06,Polsat Cafe,Wiola,DT,0.00266448,Polsat Cafe,Polsat Cafe,Polsat Cafe,0.002773
2026_06,NBCU 13 Ulica,Wiola,DT,0.001747835,NBCU 13 Ulica,13 Ulica,13 Ulica [13th Street Universal],0.001159
2026_06,4FUN.TV,Wiola,DT,0.0019802025,4FUN.TV,4FUN.TV,4FUN.TV [4fun.tv],0.002005
2026_06,Stars.tv,Wiola,DT,0.002508165,Stars.tv,Stars.tv,Stars.tv,0.001894
2026_06,BBC Earth,Piotr,DT,0.0014570225,BBC Earth,BBC Earth,BBC Earth [BBC Knowledge],0.001147
2026_06,AXN White,Piotr,DT,0.0006748800000000001,AXN White,AXN White,AXN White [AXN Crime],0.000952
2026_06,History2,Agata,DT,0.0019693575,History2,History2 [H2],HISTORY2 [H2],0.001714
2026_06,Polsat Doku,Dariusz,DT,0.0011222200000000002,Polsat Doku,Polsat Doku,Polsat Doku,0.00097
2026_06,Polsat Sport 2,Adam,DT,0.0009596650000000001,Polsat Sport 2,Polsat Sport 2,Polsat Sport 2 [Polsat Sport Extra],0.001175
2026_06,Polsat JimJam,Dariusz,DT,0.0007573874999999999,Polsat JimJam,Polsat JimJam,Polsat JimJam [JimJam],0.000969
2026_06,Epic Drama,Łukasz,DT,0.0007353225,Epic Drama,Viasat Epic Drama,Viasat Epic Drama [Epic Drama],0.00055
2026_06,NBCU SciFi Universal,Łukasz,DT,0.000647425,NBCU SciFi Universal,Scifi Universal,Scifi Universal,0.00069
2026_06,4FUN KIDS,Wiola,DT,0.0005058,4FUN KIDS,4FUN KIDS,4FUN KIDS [4FUN GOLD],0.000539
2026_06,Polsat News 2,Dariusz,DT,0.00069795,Polsat News 2,Polsat News 2,Polsat News 2 [Polsat Biznes],0.000728
2026_06,BBC CBeebies,Dariusz,DT,0.0009360000000000001,BBC CBeebies,BBC CBeebies,BBC CBeebies,0.001057
2026_06,AXN Black,Piotr,DT,0.0017139375,AXN Black,AXN Black,AXN Black [AXN Sci-Fi],0.001617
2026_06,Polsat Rodzina,Piotr,DT,0.0008352699999999999,Polsat Rodzina,Polsat Rodzina,Polsat Rodzina,0.001067
2026_06,SPI Kino Polska Muzyka,Agata,DT,0.0004898025,SPI Kino Polska Muzyka,Kino Polska Muzyka,Kino Polska Muzyka,0.000308
2026_06,Polsat Viasat Nature,Łukasz,DT,0.0004120875,Polsat Viasat Nature,Polsat Viasat Nature,Polsat Viasat Nature [Viasat Nature],0.00037
2026_06,TELE5,Adam,DT,0.0007506675000000001,TELE5,Tele5,Tele5,0.000924
2026_06,BBC Brit,Piotr,DT,0.0006714675,BBC Brit,BBC Brit,BBC Brit [BBC Entertainment],0.000753
2026_06,Eska TV Extra,Adam,DT,0.00031252499999999997,Eska TV Extra,Eska Extra [Eska TV],Eska TV Extra [Eska TV],0.000427
2026_06,BBC Lifestyle,Piotr,DT,0.0006075000000000001,BBC Lifestyle,BBC Lifestyle,BBC Lifestyle,0.000524
2026_06,4FUN DANCE,Wiola,DT,0.000453915,4FUN DANCE,4FUN DANCE,4FUN DANCE [4FUN FIT&DANCE],0.000738
2026_06,Polsat Music,Piotr,DT,0.00032760000000000005,Polsat Music,Polsat Music HD,Polsat Music HD [Muzo.tv],0.000485
2026_06,Polsat Games,Łukasz,DT,0.0003593075,Polsat Games,Polsat Games,Polsat Games,0.000293
2026_06,Polsat Sport 3,Rafał,DT,0.0004541625,Polsat Sport 3,Polsat Sport 3,Polsat Sport 3 [Polsat Sport News HD],0.000787
2026_06,Extreme Sports,Łukasz,DT,2.49975e-05,Extreme Sports,Extreme Sports,Extreme Sports,2.8e-05
2026_06,Vox Music TV,Adam,DT,0.00033355250000000004,Vox Music TV,Vox Music TV,Vox Music TV,0.000334
2026_06,AXN Spin,Piotr,DT,0.00013959,AXN Spin,AXN Spin,AXN Spin,0.000141
2026_06,Eska Rock TV,Adam,DT,0.00021285000000000002,Eska Rock TV,Eska Rock TV,Eska Rock TV [HIP HOP TV],0.000182
2026_06,Eleven Sports 2,Łukasz,DT,0.000531765,Eleven Sports 2,Eleven Sports 2,Eleven Sports 2 [Eleven Sports],3.8e-05
2026_06,NBCU E Entertainment,Wiola,DT,8.39025e-05,NBCU E Entertainment,E!Entertainment,E!Entertainment [E!],8.1e-05
2026_06,POLONIA1,Adam,DT,0.00025451999999999994,POLONIA1,Polonia 1,Polonia1,0.000392
2026_06,Sundance TV,Agata,DT,0.00019312500000000002,Sundance TV,Sundance Channel,Sundance Channel,0.000222
2026_06,Novela TV,Dariusz,DT,5.933749999999999e-05,Novela TV,Novela TV,Novela TV,8.2e-05
2026_06,SPI Gametoon,Agata,DT,2.6977499999999997e-05,SPI Gametoon,Gametoon,Gametoon,2.4e-05
2026_06,Golf Zone,Agata,DT,4.03425e-05,Golf Zone,Golf Zone,Golf Zone [Golf Channel Polska],5e-05
2026_06,Water Planet,Adam,DT,5.4287500000000005e-05,Water Planet,Water Planet,Water Planet [CSB TV],5.3e-05
2026_06,Polsat Film 2,Łukasz,DT,0.00027126000000000006,Polsat Film 2,Polsat Film 2,Polsat Film 2,0.000523
2026_06,Polsat Reality,Rafał,DT,0.00037193249999999996,Polsat Reality,Polsat Reality,Polsat Reality,0.000415
2026_06,Polsat X,Rafał,DT,0.0003502,Polsat X,Polsat X,Polsat X,0.001056
2026_06,DaVinci,Dariusz,DT,8.61025e-05,DaVinci,Da Vinci,Da Vinci [Da Vinci Learning],4.6e-05
2026_06,TVT,Adam,DT,1.3042500000000003e-05,TVT,TVT,TVT,0.000118
2026_06,FILMBOX Premium,Łukasz,DT,0.0002764875,FILMBOX Premium,FILMBOX+ Hits,FILMBOX+ Hits [FILMBOX Premium],0.00022
2026_06,Ale Kino+,Agata,DT,0.0011842874999999998,Ale Kino+,Ale Kino+,Ale Kino+ [Ale Kino],0.001071
2026_06,Canal+ Domo,Wiola,DT,0.0010328175,Canal+ Domo,CANAL+ DOMO,CANAL+ DOMO [Domo+],0.001032
2026_06,Planete+,Dariusz,DT,0.0013076875,Planete+,Planete+,Planete+ [Planete],0.001353
2026_06,MiniMini+,Dariusz,DT,0.00184275,MiniMini+,MiniMini+,MiniMini+ [MiniMini],0.00164
2026_06,teleTOON+,Dariusz,DT,0.000346995,teleTOON+,teleTOON+,teleTOON+ [ZigZap/Hyper],0.000278
2026_06,Novelas+,Agata,DT,0.0015637325,Novelas+,Novelas,Novelas,0.002151
2026_06,CANAL+ KUCHNIA,Wiola,DT,0.001087425,CANAL+ KUCHNIA,CANAL+ KUCHNIA,CANAL+ KUCHNIA [kuchnia+],0.001093
2026_06,Canal+ 360,Rafał,DT,0.0007405725,Canal+ 360,CANAL+ 360,Canal+ 360 [Canal+ Family],0.000822
2026_06,Canal+ Sport,Łukasz,DT,0.001194305,Canal+ Sport,Canal+ Sport,CANAL+ SPORT [Canal+ Niebieski],0.000906
2026_06,Canal+ Sport2,Adam,DT,0.0006752124999999999,Canal+ Sport2,Canal+ Sport2,CANAL+ SPORT2,0.000213
2026_06,Canal+ Sport3,Adam,DT,0.001990785,Canal+ Sport3,CANAL+ SPORT3,CANAL+ SPORT3,5.5e-05
2026_06,Canal+ Sport4,Rafał,DT,0.000255915,Canal+ Sport4,CANAL+ SPORT4,CANAL+ SPORT4,5.3e-05
2026_06,Canal+ Sport5,Rafał,DT,0.00174932,Canal+ Sport5,Canal+ SPORT5,CANAL+ SPORT5 [nSport+],0.001541
2026_06,CANAL+ Extra1,Łukasz,DT,0.00118609,CANAL+ Extra1,CANAL+ Extra 1,CANAL+ EXTRA 1,2.6e-05
2026_06,CANAL+ Extra2,Łukasz,DT,2.5807500000000003e-05,CANAL+ Extra2,CANAL+ Extra 2,CANAL+ EXTRA 2,
2026_06,Viasat True Crime,Rafał,DT,0.000330525,Viasat True Crime,Viasat True Crime,Viasat True Crime,0.000328
2026_06,Novelas+1,Agata,DT,8.934749999999999e-05,Novelas+1,Novelas+1,Novelas+1 [DIZI],0.000173
2026_06,Kabaret TV,Rafał,DT,0.0016724749999999999,Kabaret TV,Kabaret TV,Kabaret TV,0.001631
2026_06,Polsat News Polityka,Dariusz,DT,0.0005918999999999999,Polsat News Polityka,Polsat News Polityka,Polsat News Polityka,0.000478
2026_06,Kanał Zero TV,Wiola,DT,0.0007895,Kanał Zero TV,ZERO,ZERO,0.001481
2026_06,CANAL+ Seriale,Wiola,DT,8.075250000000001e-05,CANAL+ Seriale,Canal+ Seriale,Canal+ Seriale [Canal+ Film 2],0.000149
2026_06,CANAL+ Dokument,Wiola,DT,0.00019575000000000001,CANAL+ Dokument,Canal+ Dokument,Canal+ Dokument [Canal+ Discovery],0.000203
2026_06,DocuBox,Dariusz,DT,5.7375e-05,DocuBox,DocuBox,DocuBox,5.2e-05
2026_06,FILMBOX Action,Rafał,DT,0.00025725,FILMBOX Action,FILMBOX+ Action,FILMBOX+ Action [FILMBOX Action],0.000485
2026_06,FILMBOX Extra,Rafał,DT,8.325000000000002e-05,FILMBOX Extra,FILMBOX+ Emotion,FILMBOX+ Emotion [FILMBOX Extra],0.000284
2026_06,FILMBOX Family,Rafał,DT,7.326000000000001e-05,FILMBOX Family,FILMBOX+ Comedy,FILMBOX+ Comedy [FILMBOX Family],0.000351
2026_06,TVN,,DT,0.082201545,TVN,TVN,TVN,0.0754
2026_06,TVP1,,DT,0.04548776,TVP1,TVP1,TVP1,0.067311
2026_06,TVP2,,DT,0.0437051925,TVP2,TVP2,TVP2,0.044827
2026_06,Polsat,Maciej,MJ,0.069255,Polsat,Polsat,Polsat,0.065614
2026_06,Fokus TV,Adam,MJ,0.008093999999999999,Fokus TV,Fokus TV,Fokus TV,0.008547
2026_06,Nowa TV,Adam,MJ,0.003881076279069768,Nowa TV,Nowa TV,Nowa TV,0.003253
2026_06,Eleven Sports 1,Adam,MJ,0.001356902571711177,Eleven Sports 1,Eleven Sports 1,Eleven Sports 1 [Eleven],0.001889
2026_06,Disco Polo Music,Adam,MJ,0.000655920568070519,Disco Polo Music,Disco Polo Music,Disco Polo Music,0.000801
2026_06,Puls 2,Agata,MJ,0.014957074073289557,Puls 2,Puls 2,Puls 2,0.014073
2026_06,Zoom TV,Agata,MJ,0.00471013725490196,Zoom TV,ZOOM,ZOOM [Zoom TV],0.003246
2026_06,SPI Kino Polska,Agata,MJ,0.002171684955460244,SPI Kino Polska,Kino Polska,Kino Polska,0.003078
2026_06,History,Agata,MJ,0.00362228868101029,History,History,HISTORY,0.003574
2026_06,CI Polsat,Agata,MJ,0.0009827442082890542,CI Polsat,CI Polsat,CI Polsat [Polsat Crime & Investigation Network],0.000928
2026_06,Polsat News,Dariusz,MJ,0.010355,Polsat News,Polsat News,Polsat News,0.01037
2026_06,Stopklatka,Dariusz,MJ,0.010958816715383329,Stopklatka,Stopklatka,Stopklatka,0.010383
2026_06,Wydarzenia24,Dariusz,MJ,0.00988,Wydarzenia24,Wydarzenia24,Wydarzenia 24 [Superstacja],0.010748
2026_06,Puls,Łukasz,MJ,0.033044909599655614,Puls,TV PULS,TV PULS [PULS],0.037032
2026_06,Polsat 2,Łukasz,MJ,0.0068685,Polsat 2,Polsat2,Polsat2,0.006985
2026_06,Polsat Film,Łukasz,MJ,0.005108591539187914,Polsat Film,Polsat Film,Polsat Film,0.005334
2026_06,Polsat Sport 1,Łukasz,MJ,0.004274999999999999,Polsat Sport 1,Polsat Sport 1,Polsat Sport 1 [Polsat Sport],0.006966
2026_06,Polsat Viasat History,Łukasz,MJ,0.0016644782082324452,Polsat Viasat History,Polsat Viasat History,Polsat Viasat History [Viasat History],0.000994
2026_06,Polsat Viasat Explore,Łukasz,MJ,0.0008265,Polsat Viasat Explore,Polsat Viasat Explore,Polsat Viasat Explore [Polsat Viasat Explorer],0.001033
2026_06,Szóstka,Piotr,MJ,0.01705394730734361,Szóstka,TV6,TV6,0.016383
2026_06,Super Polsat,Piotr,MJ,0.010434015562222803,Super Polsat,Super Polsat,Super Polsat [Polsat Sport News],0.011813
2026_06,WPOLSCE24,Piotr,MJ,0.009551921918113038,WPOLSCE24,wPolsce24,wPolsce24 [Telewizja WPOLSCE.PL],0.007908
2026_06,AXN,Piotr,MJ,0.0031257604718217553,AXN,AXN,AXN,0.002793
2026_06,BBC First,Piotr,MJ,0.0024795,BBC First,BBC First,BBC First [BBC HD],0.001545
2026_06,Polsat Play,Rafał,MJ,0.0033463188822683374,Polsat Play,Polsat Play,Polsat Play,0.003203
2026_06,Polo TV,Rafał,MJ,0.003034394863178108,Polo TV,Polo TV,Polo TV,0.003777
2026_06,SPI Kino TV,Rafał,MJ,0.002134901046931408,SPI Kino TV,FILMBOX+ One,FILMBOX+ One [Kino TV],0.002016
2026_06,Eska TV,Rafał,MJ,0.0029330112829324163,Eska TV,Eska TV [8TV],Eska TV [8TV],0.005053
2026_06,Czwórka,Rafał,MJ,0.026226328272316166,Czwórka,TV4 pl,TV4,0.028109
2026_06,TV Republika,Wiola,MJ,0.0304,TV Republika,Republika,Republika [TV Republika],0.031158
2026_06,WP,Wiola,MJ,0.004888938945233266,WP,WP,WP,0.004439
2026_06,Polsat Seriale,Wiola,MJ,0.0038,Polsat Seriale,Polsat Seriale,Polsat Seriale [Polsat Romans],0.004256
2026_06,Polsat Cafe,Wiola,MJ,0.00301915813769454,Polsat Cafe,Polsat Cafe,Polsat Cafe,0.002773
2026_06,NBCU 13 Ulica,Wiola,MJ,0.001447262487046632,NBCU 13 Ulica,13 Ulica,13 Ulica [13th Street Universal],0.001159
2026_06,4FUN.TV,Wiola,MJ,0.002252979841172877,4FUN.TV,4FUN.TV,4FUN.TV [4fun.tv],0.002005
2026_06,Stars.tv,Wiola,MJ,0.0030932107042253515,Stars.tv,Stars.tv,Stars.tv,0.001894
2026_06,BBC Earth,Piotr,MJ,0.00118652463592233,BBC Earth,BBC Earth,BBC Earth [BBC Knowledge],0.001147
2026_06,AXN White,Piotr,MJ,0.0005158712686567163,AXN White,AXN White,AXN White [AXN Crime],0.000952
2026_06,History2,Agata,MJ,0.00209,History2,History2 [H2],HISTORY2 [H2],0.001714
2026_06,Polsat Doku,Dariusz,MJ,0.0008879045454545453,Polsat Doku,Polsat Doku,Polsat Doku,0.00097
2026_06,Polsat Sport 2,Adam,MJ,0.0011942911646586345,Polsat Sport 2,Polsat Sport 2,Polsat Sport 2 [Polsat Sport Extra],0.001175
2026_06,Polsat JimJam,Dariusz,MJ,0.00047516491683991695,Polsat JimJam,Polsat JimJam,Polsat JimJam [JimJam],0.000969
2026_06,Epic Drama,Łukasz,MJ,0.0006173259813084111,Epic Drama,Viasat Epic Drama,Viasat Epic Drama [Epic Drama],0.00055
2026_06,NBCU SciFi Universal,Łukasz,MJ,0.0005225,NBCU SciFi Universal,Scifi Universal,Scifi Universal,0.00069
2026_06,4FUN KIDS,Wiola,MJ,0.00026599999999999996,4FUN KIDS,4FUN KIDS,4FUN KIDS [4FUN GOLD],0.000539
2026_06,Polsat News 2,Dariusz,MJ,0.0007184414364640883,Polsat News 2,Polsat News 2,Polsat News 2 [Polsat Biznes],0.000728
2026_06,BBC CBeebies,Dariusz,MJ,0.00141852223796034,BBC CBeebies,BBC CBeebies,BBC CBeebies,0.001057
2026_06,AXN Black,Piotr,MJ,0.0013285103741496598,AXN Black,AXN Black,AXN Black [AXN Sci-Fi],0.001617
2026_06,Polsat Rodzina,Piotr,MJ,0.000802193734939759,Polsat Rodzina,Polsat Rodzina,Polsat Rodzina,0.001067
2026_06,SPI Kino Polska Muzyka,Agata,MJ,0.0003264389298892989,SPI Kino Polska Muzyka,Kino Polska Muzyka,Kino Polska Muzyka,0.000308
2026_06,Polsat Viasat Nature,Łukasz,MJ,0.00045599999999999997,Polsat Viasat Nature,Polsat Viasat Nature,Polsat Viasat Nature [Viasat Nature],0.00037
2026_06,TELE5,Adam,MJ,0.0007409999999999999,TELE5,Tele5,Tele5,0.000924
2026_06,BBC Brit,Piotr,MJ,0.0008529857495881383,BBC Brit,BBC Brit,BBC Brit [BBC Entertainment],0.000753
2026_06,Eska TV Extra,Adam,MJ,0.000399,Eska TV Extra,Eska Extra [Eska TV],Eska TV Extra [Eska TV],0.000427
2026_06,BBC Lifestyle,Piotr,MJ,0.000399,BBC Lifestyle,BBC Lifestyle,BBC Lifestyle,0.000524
2026_06,4FUN DANCE,Wiola,MJ,0.0005225,4FUN DANCE,4FUN DANCE,4FUN DANCE [4FUN FIT&DANCE],0.000738
2026_06,Polsat Music,Piotr,MJ,0.0005010431034482759,Polsat Music,Polsat Music HD,Polsat Music HD [Muzo.tv],0.000485
2026_06,Polsat Games,Łukasz,MJ,0.0001666787410926366,Polsat Games,Polsat Games,Polsat Games,0.000293
2026_06,Polsat Sport 3,Rafał,MJ,0.0004905243902439024,Polsat Sport 3,Polsat Sport 3,Polsat Sport 3 [Polsat Sport News HD],0.000787
2026_06,Extreme Sports,Łukasz,MJ,9.959677419354837e-06,Extreme Sports,Extreme Sports,Extreme Sports,2.8e-05
2026_06,Vox Music TV,Adam,MJ,0.00034384864864864863,Vox Music TV,Vox Music TV,Vox Music TV,0.000334
2026_06,AXN Spin,Piotr,MJ,8.495837104072398e-05,AXN Spin,AXN Spin,AXN Spin,0.000141
2026_06,Eska Rock TV,Adam,MJ,0.00020899999999999998,Eska Rock TV,Eska Rock TV,Eska Rock TV [HIP HOP TV],0.000182
2026_06,Eleven Sports 2,Łukasz,MJ,5.836696832579185e-05,Eleven Sports 2,Eleven Sports 2,Eleven Sports 2 [Eleven Sports],3.8e-05
2026_06,NBCU E Entertainment,Wiola,MJ,9.996375e-05,NBCU E Entertainment,E!Entertainment,E!Entertainment [E!],8.1e-05
2026_06,POLONIA1,Adam,MJ,0.00021697254901960783,POLONIA1,Polonia 1,Polonia1,0.000392
2026_06,Sundance TV,Agata,MJ,7.491640625e-05,Sundance TV,Sundance Channel,Sundance Channel,0.000222
2026_06,Novela TV,Dariusz,MJ,0.00011572727272727273,Novela TV,Novela TV,Novela TV,8.2e-05
2026_06,SPI Gametoon,Agata,MJ,1.5868518518518518e-05,SPI Gametoon,Gametoon,Gametoon,2.4e-05
2026_06,Golf Zone,Agata,MJ,3.5477049180327866e-05,Golf Zone,Golf Zone,Golf Zone [Golf Channel Polska],5e-05
2026_06,Water Planet,Adam,MJ,1.8645333333333336e-05,Water Planet,Water Planet,Water Planet [CSB TV],5.3e-05
2026_06,Polsat Film 2,Łukasz,MJ,0.000304,Polsat Film 2,Polsat Film 2,Polsat Film 2,0.000523
2026_06,Polsat Reality,Rafał,MJ,0.00038,Polsat Reality,Polsat Reality,Polsat Reality,0.000415
2026_06,Polsat X,Rafał,MJ,0.0003135,Polsat X,Polsat X,Polsat X,0.001056
2026_06,DaVinci,Dariusz,MJ,0.00011469090909090909,DaVinci,Da Vinci,Da Vinci [Da Vinci Learning],4.6e-05
2026_06,TVT,Adam,MJ,1.9e-05,TVT,TVT,TVT,0.000118
2026_06,FILMBOX Premium,Łukasz,MJ,0.00026599999999999996,FILMBOX Premium,FILMBOX+ Hits,FILMBOX+ Hits [FILMBOX Premium],0.00022
2026_06,Ale Kino+,Agata,MJ,0.0013774999999999998,Ale Kino+,Ale Kino+,Ale Kino+ [Ale Kino],0.001071
2026_06,Canal+ Domo,Wiola,MJ,0.0008679377584780811,Canal+ Domo,CANAL+ DOMO,CANAL+ DOMO [Domo+],0.001032
2026_06,Planete+,Dariusz,MJ,0.001121,Planete+,Planete+,Planete+ [Planete],0.001353
2026_06,MiniMini+,Dariusz,MJ,0.0016179026548672564,MiniMini+,MiniMini+,MiniMini+ [MiniMini],0.00164
2026_06,teleTOON+,Dariusz,MJ,0.000399,teleTOON+,teleTOON+,teleTOON+ [ZigZap/Hyper],0.000278
2026_06,Novelas+,Agata,MJ,0.0016244999999999999,Novelas+,Novelas,Novelas,0.002151
2026_06,CANAL+ KUCHNIA,Wiola,MJ,0.00095,CANAL+ KUCHNIA,CANAL+ KUCHNIA,CANAL+ KUCHNIA [kuchnia+],0.001093
2026_06,Canal+ 360,Rafał,MJ,0.0005225,Canal+ 360,CANAL+ 360,Canal+ 360 [Canal+ Family],0.000822
2026_06,Canal+ Sport,Łukasz,MJ,0.00076,Canal+ Sport,Canal+ Sport,CANAL+ SPORT [Canal+ Niebieski],0.000906
2026_06,Canal+ Sport2,Adam,MJ,0.0007635249034749034,Canal+ Sport2,Canal+ Sport2,CANAL+ SPORT2,0.000213
2026_06,Canal+ Sport3,Adam,MJ,4.087055288461538e-05,Canal+ Sport3,CANAL+ SPORT3,CANAL+ SPORT3,5.5e-05
2026_06,Canal+ Sport4,Rafał,MJ,7.272847682119204e-05,Canal+ Sport4,CANAL+ SPORT4,CANAL+ SPORT4,5.3e-05
2026_06,Canal+ Sport5,Rafał,MJ,0.0017289999999999999,Canal+ Sport5,Canal+ SPORT5,CANAL+ SPORT5 [nSport+],0.001541
2026_06,CANAL+ Extra1,Łukasz,MJ,0.00019,CANAL+ Extra1,CANAL+ Extra 1,CANAL+ EXTRA 1,2.6e-05
2026_06,CANAL+ Extra2,Łukasz,MJ,9.5e-06,CANAL+ Extra2,CANAL+ Extra 2,CANAL+ EXTRA 2,
2026_06,Viasat True Crime,Rafał,MJ,0.000304,Viasat True Crime,Viasat True Crime,Viasat True Crime,0.000328
2026_06,Novelas+1,Agata,MJ,2.6777872340425533e-05,Novelas+1,Novelas+1,Novelas+1 [DIZI],0.000173
2026_06,Kabaret TV,Rafał,MJ,0.0017385,Kabaret TV,Kabaret TV,Kabaret TV,0.001631
2026_06,Polsat News Polityka,Dariusz,MJ,0.0005034999999999999,Polsat News Polityka,Polsat News Polityka,Polsat News Polityka,0.000478
2026_06,Kanał Zero TV,Wiola,MJ,0.001,Kanał Zero TV,ZERO,ZERO,0.001481
2026_06,CANAL+ Seriale,Wiola,MJ,0.000171,CANAL+ Seriale,Canal+ Seriale,Canal+ Seriale [Canal+ Film 2],0.000149
2026_06,CANAL+ Dokument,Wiola,MJ,0.00020899999999999998,CANAL+ Dokument,Canal+ Dokument,Canal+ Dokument [Canal+ Discovery],0.000203
2026_06,DocuBox,Dariusz,MJ,0.000152,DocuBox,DocuBox,DocuBox,5.2e-05
2026_06,FILMBOX Action,Rafał,MJ,0.0002375,FILMBOX Action,FILMBOX+ Action,FILMBOX+ Action [FILMBOX Action],0.000485
2026_06,FILMBOX Extra,Rafał,MJ,0.000152,FILMBOX Extra,FILMBOX+ Emotion,FILMBOX+ Emotion [FILMBOX Extra],0.000284
2026_06,FILMBOX Family,Rafał,MJ,0.000152,FILMBOX Family,FILMBOX+ Comedy,FILMBOX+ Comedy [FILMBOX Family],0.000351
2026_06,TVN,,MJ,0.08259537691565183,TVN,TVN,TVN,0.0754
2026_06,TVP1,,MJ,0.04429014029740083,TVP1,TVP1,TVP1,0.067311
2026_06,TVP2,,MJ,0.0346453654109589,TVP2,TVP2,TVP2,0.044827
2026_06,Polsat,Maciej,AKB,0.07004937017943644,Polsat,Polsat,Polsat,0.065614
2026_06,Fokus TV,Adam,AKB,0.008347384205207928,Fokus TV,Fokus TV,Fokus TV,0.008547
2026_06,Nowa TV,Adam,AKB,0.0035277991506370223,Nowa TV,Nowa TV,Nowa TV,0.003253
2026_06,Eleven Sports 1,Adam,AKB,0.0013839975753377207,Eleven Sports 1,Eleven Sports 1,Eleven Sports 1 [Eleven],0.001889
2026_06,Disco Polo Music,Adam,AKB,0.0005960207003089598,Disco Polo Music,Disco Polo Music,Disco Polo Music,0.000801
2026_06,Puls 2,Agata,AKB,0.016527245274219164,Puls 2,Puls 2,Puls 2,0.014073
2026_06,Zoom TV,Agata,AKB,0.004551624629041301,Zoom TV,ZOOM,ZOOM [Zoom TV],0.003246
2026_06,SPI Kino Polska,Agata,AKB,0.0029095036912751685,SPI Kino Polska,Kino Polska,Kino Polska,0.003078
2026_06,History,Agata,AKB,0.0036736155000000005,History,History,HISTORY,0.003574
2026_06,CI Polsat,Agata,AKB,0.0010109308755760367,CI Polsat,CI Polsat,CI Polsat [Polsat Crime & Investigation Network],0.000928
2026_06,Polsat News,Dariusz,AKB,0.010601820729768181,Polsat News,Polsat News,Polsat News,0.01037
2026_06,Stopklatka,Dariusz,AKB,0.011561475600309838,Stopklatka,Stopklatka,Stopklatka,0.010383
2026_06,Wydarzenia24,Dariusz,AKB,0.008931880811703635,Wydarzenia24,Wydarzenia24,Wydarzenia 24 [Superstacja],0.010748
2026_06,Puls,Łukasz,AKB,0.036079060704694924,Puls,TV PULS,TV PULS [PULS],0.037032
2026_06,Polsat 2,Łukasz,AKB,0.007312337349397592,Polsat 2,Polsat2,Polsat2,0.006985
2026_06,Polsat Film,Łukasz,AKB,0.005028088004591543,Polsat Film,Polsat Film,Polsat Film,0.005334
2026_06,Polsat Sport 1,Łukasz,AKB,0.005885911993614049,Polsat Sport 1,Polsat Sport 1,Polsat Sport 1 [Polsat Sport],0.006966
2026_06,Polsat Viasat History,Łukasz,AKB,0.0011603476336816225,Polsat Viasat History,Polsat Viasat History,Polsat Viasat History [Viasat History],0.000994
2026_06,Polsat Viasat Explore,Łukasz,AKB,0.0009473800145878921,Polsat Viasat Explore,Polsat Viasat Explore,Polsat Viasat Explore [Polsat Viasat Explorer],0.001033
2026_06,Szóstka,Piotr,AKB,0.016914084169163967,Szóstka,TV6,TV6,0.016383
2026_06,Super Polsat,Piotr,AKB,0.010510996069196627,Super Polsat,Super Polsat,Super Polsat [Polsat Sport News],0.011813
2026_06,WPOLSCE24,Piotr,AKB,0.00887931565204721,WPOLSCE24,wPolsce24,wPolsce24 [Telewizja WPOLSCE.PL],0.007908
2026_06,AXN,Piotr,AKB,0.00319526443902439,AXN,AXN,AXN,0.002793
2026_06,BBC First,Piotr,AKB,0.002860007213114754,BBC First,BBC First,BBC First [BBC HD],0.001545
2026_06,Polsat Play,Rafał,AKB,0.003536393857083159,Polsat Play,Polsat Play,Polsat Play,0.003203
2026_06,Polo TV,Rafał,AKB,0.0031344608432275255,Polo TV,Polo TV,Polo TV,0.003777
2026_06,SPI Kino TV,Rafał,AKB,0.0024648822598870054,SPI Kino TV,FILMBOX+ One,FILMBOX+ One [Kino TV],0.002016
2026_06,Eska TV,Rafał,AKB,0.0027918712514994003,Eska TV,Eska TV [8TV],Eska TV [8TV],0.005053
2026_06,AMC,Rafał,AKB,0.0020421316390633925,AMC,AMC,AMC [MGM],0.001735
2026_06,Czwórka,Rafał,AKB,0.027866539856831237,Czwórka,TV4 pl,TV4,0.028109
2026_06,TV Republika,Wiola,AKB,0.032141653736624094,TV Republika,Republika,Republika [TV Republika],0.031158
2026_06,WP,Wiola,AKB,0.005855874122527123,WP,WP,WP,0.004439
2026_06,Polsat Seriale,Wiola,AKB,0.004861116378600822,Polsat Seriale,Polsat Seriale,Polsat Seriale [Polsat Romans],0.004256
2026_06,Polsat Cafe,Wiola,AKB,0.002753881156316917,Polsat Cafe,Polsat Cafe,Polsat Cafe,0.002773
2026_06,NBCU 13 Ulica,Wiola,AKB,0.001824396724667349,NBCU 13 Ulica,13 Ulica,13 Ulica [13th Street Universal],0.001159
2026_06,4FUN.TV,Wiola,AKB,0.00238171184443135,4FUN.TV,4FUN.TV,4FUN.TV [4fun.tv],0.002005
2026_06,Stars.tv,Wiola,AKB,0.0025871566265060243,Stars.tv,Stars.tv,Stars.tv,0.001894
2026_06,BBC Earth,Piotr,AKB,0.0012845075461151477,BBC Earth,BBC Earth,BBC Earth [BBC Knowledge],0.001147
2026_06,AXN White,Piotr,AKB,0.0006754361842105264,AXN White,AXN White,AXN White [AXN Crime],0.000952
2026_06,History2,Agata,AKB,0.00215461717729784,History2,History2 [H2],HISTORY2 [H2],0.001714
2026_06,Polsat Doku,Dariusz,AKB,0.0010787874427730542,Polsat Doku,Polsat Doku,Polsat Doku,0.00097
2026_06,Polsat Sport 2,Adam,AKB,0.0012595649546827798,Polsat Sport 2,Polsat Sport 2,Polsat Sport 2 [Polsat Sport Extra],0.001175
2026_06,Polsat JimJam,Dariusz,AKB,0.0003707951273532669,Polsat JimJam,Polsat JimJam,Polsat JimJam [JimJam],0.000969
2026_06,Epic Drama,Łukasz,AKB,0.0006105423220973782,Epic Drama,Viasat Epic Drama,Viasat Epic Drama [Epic Drama],0.00055
2026_06,NBCU SciFi Universal,Łukasz,AKB,0.0005794438614900315,NBCU SciFi Universal,Scifi Universal,Scifi Universal,0.00069
2026_06,4FUN KIDS,Wiola,AKB,0.0003927916181606519,4FUN KIDS,4FUN KIDS,4FUN KIDS [4FUN GOLD],0.000539
2026_06,Polsat News 2,Dariusz,AKB,0.0007310069541029207,Polsat News 2,Polsat News 2,Polsat News 2 [Polsat Biznes],0.000728
2026_06,BBC CBeebies,Dariusz,AKB,0.0010699209068010078,BBC CBeebies,BBC CBeebies,BBC CBeebies,0.001057
2026_06,AXN Black,Piotr,AKB,0.0014297664122137404,AXN Black,AXN Black,AXN Black [AXN Sci-Fi],0.001617
2026_06,Polsat Rodzina,Piotr,AKB,0.0007586811320754717,Polsat Rodzina,Polsat Rodzina,Polsat Rodzina,0.001067
2026_06,SPI Kino Polska Muzyka,Agata,AKB,0.00044558375634517767,SPI Kino Polska Muzyka,Kino Polska Muzyka,Kino Polska Muzyka,0.000308
2026_06,Polsat Viasat Nature,Łukasz,AKB,0.0004013830802603037,Polsat Viasat Nature,Polsat Viasat Nature,Polsat Viasat Nature [Viasat Nature],0.00037
2026_06,TELE5,Adam,AKB,0.0006994197138314787,TELE5,Tele5,Tele5,0.000924
2026_06,BBC Brit,Piotr,AKB,0.0005703279069767443,BBC Brit,BBC Brit,BBC Brit [BBC Entertainment],0.000753
2026_06,Eska TV Extra,Adam,AKB,0.00032958278145695365,Eska TV Extra,Eska Extra [Eska TV],Eska TV Extra [Eska TV],0.000427
2026_06,BBC Lifestyle,Piotr,AKB,0.0004147016949152542,BBC Lifestyle,BBC Lifestyle,BBC Lifestyle,0.000524
2026_06,4FUN DANCE,Wiola,AKB,0.0004914962962962963,4FUN DANCE,4FUN DANCE,4FUN DANCE [4FUN FIT&DANCE],0.000738
2026_06,Polsat Music,Piotr,AKB,0.00026267100977198695,Polsat Music,Polsat Music HD,Polsat Music HD [Muzo.tv],0.000485
2026_06,Polsat Games,Łukasz,AKB,0.000132622641509434,Polsat Games,Polsat Games,Polsat Games,0.000293
2026_06,Polsat Sport 3,Rafał,AKB,0.0006162309711286088,Polsat Sport 3,Polsat Sport 3,Polsat Sport 3 [Polsat Sport News HD],0.000787
2026_06,Extreme Sports,Łukasz,AKB,6.551724137931036e-06,Extreme Sports,Extreme Sports,Extreme Sports,2.8e-05
2026_06,Vox Music TV,Adam,AKB,0.0003209607142857143,Vox Music TV,Vox Music TV,Vox Music TV,0.000334
2026_06,AXN Spin,Piotr,AKB,0.00015695652173913045,AXN Spin,AXN Spin,AXN Spin,0.000141
2026_06,Eska Rock TV,Adam,AKB,0.0002095789473684211,Eska Rock TV,Eska Rock TV,Eska Rock TV [HIP HOP TV],0.000182
2026_06,Eleven Sports 2,Łukasz,AKB,6.857296137339057e-05,Eleven Sports 2,Eleven Sports 2,Eleven Sports 2 [Eleven Sports],3.8e-05
2026_06,NBCU E Entertainment,Wiola,AKB,7.375384615384616e-05,NBCU E Entertainment,E!Entertainment,E!Entertainment [E!],8.1e-05
2026_06,POLONIA1,Adam,AKB,0.00024581249999999994,POLONIA1,Polonia 1,Polonia1,0.000392
2026_06,Sundance TV,Agata,AKB,0.0001104457627118644,Sundance TV,Sundance Channel,Sundance Channel,0.000222
2026_06,Novela TV,Dariusz,AKB,6.012857142857143e-05,Novela TV,Novela TV,Novela TV,8.2e-05
2026_06,SPI Gametoon,Agata,AKB,3.7000000000000005e-05,SPI Gametoon,Gametoon,Gametoon,2.4e-05
2026_06,Golf Zone,Agata,AKB,2.4543750000000004e-05,Golf Zone,Golf Zone,Golf Zone [Golf Channel Polska],5e-05
2026_06,Water Planet,Adam,AKB,1.598235294117647e-05,Water Planet,Water Planet,Water Planet [CSB TV],5.3e-05
2026_06,Polsat Film 2,Łukasz,AKB,0.0004775,Polsat Film 2,Polsat Film 2,Polsat Film 2,0.000523
2026_06,Polsat Reality,Rafał,AKB,0.000496,Polsat Reality,Polsat Reality,Polsat Reality,0.000415
2026_06,Polsat X,Rafał,AKB,0.000364,Polsat X,Polsat X,Polsat X,0.001056
2026_06,DaVinci,Dariusz,AKB,5.882383177570094e-05,DaVinci,Da Vinci,Da Vinci [Da Vinci Learning],4.6e-05
2026_06,TVT,Adam,AKB,3.35e-05,TVT,TVT,TVT,0.000118
2026_06,FILMBOX Premium,Łukasz,AKB,0.0002574,FILMBOX Premium,FILMBOX+ Hits,FILMBOX+ Hits [FILMBOX Premium],0.00022
2026_06,Ale Kino+,Agata,AKB,0.0013808984375,Ale Kino+,Ale Kino+,Ale Kino+ [Ale Kino],0.001071
2026_06,Canal+ Domo,Wiola,AKB,0.0010906097246127365,Canal+ Domo,CANAL+ DOMO,CANAL+ DOMO [Domo+],0.001032
2026_06,Planete+,Dariusz,AKB,0.0014360962871287132,Planete+,Planete+,Planete+ [Planete],0.001353
2026_06,MiniMini+,Dariusz,AKB,0.001486163341067285,MiniMini+,MiniMini+,MiniMini+ [MiniMini],0.00164
2026_06,teleTOON+,Dariusz,AKB,0.0003083969072164948,teleTOON+,teleTOON+,teleTOON+ [ZigZap/Hyper],0.000278
2026_06,Novelas+,Agata,AKB,0.0016334157660521298,Novelas+,Novelas,Novelas,0.002151
2026_06,CANAL+ KUCHNIA,Wiola,AKB,0.0009809162790697676,CANAL+ KUCHNIA,CANAL+ KUCHNIA,CANAL+ KUCHNIA [kuchnia+],0.001093
2026_06,Canal+ 360,Rafał,AKB,0.0007057082533589253,Canal+ 360,CANAL+ 360,Canal+ 360 [Canal+ Family],0.000822
2026_06,Canal+ Sport,Łukasz,AKB,0.0011064503496503496,Canal+ Sport,Canal+ Sport,CANAL+ SPORT [Canal+ Niebieski],0.000906
2026_06,Canal+ Sport2,Adam,AKB,0.0007839369085173502,Canal+ Sport2,Canal+ Sport2,CANAL+ SPORT2,0.000213
2026_06,Canal+ Sport3,Adam,AKB,8.038015158692562e-05,Canal+ Sport3,CANAL+ SPORT3,CANAL+ SPORT3,5.5e-05
2026_06,Canal+ Sport4,Rafał,AKB,2.6242718446601938e-05,Canal+ Sport4,CANAL+ SPORT4,CANAL+ SPORT4,5.3e-05
2026_06,Canal+ Sport5,Rafał,AKB,0.002037665306122449,Canal+ Sport5,Canal+ SPORT5,CANAL+ SPORT5 [nSport+],0.001541
2026_06,CANAL+ Extra1,Łukasz,AKB,0.0007410761421319797,CANAL+ Extra1,CANAL+ Extra 1,CANAL+ EXTRA 1,2.6e-05
2026_06,CANAL+ Extra2,Łukasz,AKB,1.5e-05,CANAL+ Extra2,CANAL+ Extra 2,CANAL+ EXTRA 2,
2026_06,Viasat True Crime,Rafał,AKB,0.0004264684615384616,Viasat True Crime,Viasat True Crime,Viasat True Crime,0.000328
2026_06,Novelas+1,Agata,AKB,5.470588235294117e-05,Novelas+1,Novelas+1,Novelas+1 [DIZI],0.000173
2026_06,Kabaret TV,Rafał,AKB,0.001608994586330935,Kabaret TV,Kabaret TV,Kabaret TV,0.001631
2026_06,Polsat News Polityka,Dariusz,AKB,0.0005205334174022699,Polsat News Polityka,Polsat News Polityka,Polsat News Polityka,0.000478
2026_06,Kanał Zero TV,Wiola,AKB,5e-05,Kanał Zero TV,ZERO,ZERO,0.001481
2026_06,CANAL+ Seriale,Wiola,AKB,0.000143,CANAL+ Seriale,Canal+ Seriale,Canal+ Seriale [Canal+ Film 2],0.000149
2026_06,CANAL+ Dokument,Wiola,AKB,0.000306,CANAL+ Dokument,Canal+ Dokument,Canal+ Dokument [Canal+ Discovery],0.000203
2026_06,DocuBox,Dariusz,AKB,8.4e-05,DocuBox,DocuBox,DocuBox,5.2e-05
2026_06,FILMBOX Action,Rafał,AKB,0.000298,FILMBOX Action,FILMBOX+ Action,FILMBOX+ Action [FILMBOX Action],0.000485
2026_06,FILMBOX Extra,Rafał,AKB,0.00015800000000000002,FILMBOX Extra,FILMBOX+ Emotion,FILMBOX+ Emotion [FILMBOX Extra],0.000284
2026_06,FILMBOX Family,Rafał,AKB,0.000173,FILMBOX Family,FILMBOX+ Comedy,FILMBOX+ Comedy [FILMBOX Family],0.000351
2026_06,TVN,,AKB,0.07443478842295201,TVN,TVN,TVN,0.0754
2026_06,TVP1,,AKB,0.057837131188913864,TVP1,TVP1,TVP1,0.067311
2026_06,TVP2,,AKB,0.046,TVP2,TVP2,TVP2,0.044827
2026_06,Polsat,Maciej,BW,0.0709,Polsat,Polsat,Polsat,0.065614
2026_06,Fokus TV,Adam,BW,0.008236333333333333,Fokus TV,Fokus TV,Fokus TV,0.008547
2026_06,Nowa TV,Adam,BW,0.0036,Nowa TV,Nowa TV,Nowa TV,0.003253
2026_06,Eleven Sports 1,Adam,BW,0.0018,Eleven Sports 1,Eleven Sports 1,Eleven Sports 1 [Eleven],0.001889
2026_06,Disco Polo Music,Adam,BW,0.0004873333333333333,Disco Polo Music,Disco Polo Music,Disco Polo Music,0.000801
2026_06,Puls 2,Agata,BW,0.0168,Puls 2,Puls 2,Puls 2,0.014073
2026_06,Zoom TV,Agata,BW,0.0046229999999999995,Zoom TV,ZOOM,ZOOM [Zoom TV],0.003246
2026_06,SPI Kino Polska,Agata,BW,0.002806,SPI Kino Polska,Kino Polska,Kino Polska,0.003078
2026_06,History,Agata,BW,0.003745333333333333,History,History,HISTORY,0.003574
2026_06,CI Polsat,Agata,BW,0.0010536666666666665,CI Polsat,CI Polsat,CI Polsat [Polsat Crime & Investigation Network],0.000928
2026_06,Polsat News,Dariusz,BW,0.010652333333333333,Polsat News,Polsat News,Polsat News,0.01037
2026_06,Stopklatka,Dariusz,BW,0.011019000000000001,Stopklatka,Stopklatka,Stopklatka,0.010383
2026_06,Wydarzenia24,Dariusz,BW,0.010083333333333333,Wydarzenia24,Wydarzenia24,Wydarzenia 24 [Superstacja],0.010748
2026_06,Puls,Łukasz,BW,0.0372,Puls,TV PULS,TV PULS [PULS],0.037032
2026_06,Polsat 2,Łukasz,BW,0.007026666666666667,Polsat 2,Polsat2,Polsat2,0.006985
2026_06,Polsat Film,Łukasz,BW,0.0051916666666666665,Polsat Film,Polsat Film,Polsat Film,0.005334
2026_06,Polsat Sport 1,Łukasz,BW,0.004,Polsat Sport 1,Polsat Sport 1,Polsat Sport 1 [Polsat Sport],0.006966
2026_06,Polsat Viasat History,Łukasz,BW,0.0011026666666666667,Polsat Viasat History,Polsat Viasat History,Polsat Viasat History [Viasat History],0.000994
2026_06,Polsat Viasat Explore,Łukasz,BW,0.000852,Polsat Viasat Explore,Polsat Viasat Explore,Polsat Viasat Explore [Polsat Viasat Explorer],0.001033
2026_06,Szóstka,Piotr,BW,0.0174,Szóstka,TV6,TV6,0.016383
2026_06,Super Polsat,Piotr,BW,0.0108,Super Polsat,Super Polsat,Super Polsat [Polsat Sport News],0.011813
2026_06,WPOLSCE24,Piotr,BW,0.008411666666666666,WPOLSCE24,wPolsce24,wPolsce24 [Telewizja WPOLSCE.PL],0.007908
2026_06,AXN,Piotr,BW,0.0029776666666666667,AXN,AXN,AXN,0.002793
2026_06,BBC First,Piotr,BW,0.0028966666666666667,BBC First,BBC First,BBC First [BBC HD],0.001545
2026_06,Polsat Play,Rafał,BW,0.00332,Polsat Play,Polsat Play,Polsat Play,0.003203
2026_06,Polo TV,Rafał,BW,0.0029683333333333332,Polo TV,Polo TV,Polo TV,0.003777
2026_06,SPI Kino TV,Rafał,BW,0.0023843333333333334,SPI Kino TV,FILMBOX+ One,FILMBOX+ One [Kino TV],0.002016
2026_06,Eska TV,Rafał,BW,0.0034,Eska TV,Eska TV [8TV],Eska TV [8TV],0.005053
2026_06,AMC,Rafał,BW,0.002009,AMC,AMC,AMC [MGM],0.001735
2026_06,Czwórka,Rafał,BW,0.029,Czwórka,TV4 pl,TV4,0.028109
2026_06,TV Republika,Wiola,BW,0.03182433333333333,TV Republika,Republika,Republika [TV Republika],0.031158
2026_06,WP,Wiola,BW,0.005249,WP,WP,WP,0.004439
2026_06,Polsat Seriale,Wiola,BW,0.004152,Polsat Seriale,Polsat Seriale,Polsat Seriale [Polsat Romans],0.004256
2026_06,Polsat Cafe,Wiola,BW,0.0023870000000000002,Polsat Cafe,Polsat Cafe,Polsat Cafe,0.002773
2026_06,NBCU 13 Ulica,Wiola,BW,0.001874333333333333,NBCU 13 Ulica,13 Ulica,13 Ulica [13th Street Universal],0.001159
2026_06,4FUN.TV,Wiola,BW,0.0021349999999999997,4FUN.TV,4FUN.TV,4FUN.TV [4fun.tv],0.002005
2026_06,Stars.tv,Wiola,BW,0.002507,Stars.tv,Stars.tv,Stars.tv,0.001894
2026_06,BBC Earth,Piotr,BW,0.0015633333333333332,BBC Earth,BBC Earth,BBC Earth [BBC Knowledge],0.001147
2026_06,AXN White,Piotr,BW,0.0006036666666666667,AXN White,AXN White,AXN White [AXN Crime],0.000952
2026_06,History2,Agata,BW,0.002177333333333333,History2,History2 [H2],HISTORY2 [H2],0.001714
2026_06,Polsat Doku,Dariusz,BW,0.0009209999999999999,Polsat Doku,Polsat Doku,Polsat Doku,0.00097
2026_06,Polsat Sport 2,Adam,BW,0.001,Polsat Sport 2,Polsat Sport 2,Polsat Sport 2 [Polsat Sport Extra],0.001175
2026_06,Polsat JimJam,Dariusz,BW,0.0007953333333333332,Polsat JimJam,Polsat JimJam,Polsat JimJam [JimJam],0.000969
2026_06,Epic Drama,Łukasz,BW,0.000575,Epic Drama,Viasat Epic Drama,Viasat Epic Drama [Epic Drama],0.00055
2026_06,NBCU SciFi Universal,Łukasz,BW,0.0008026666666666667,NBCU SciFi Universal,Scifi Universal,Scifi Universal,0.00069
2026_06,4FUN KIDS,Wiola,BW,0.00041933333333333335,4FUN KIDS,4FUN KIDS,4FUN KIDS [4FUN GOLD],0.000539
2026_06,Polsat News 2,Dariusz,BW,0.0007469999999999999,Polsat News 2,Polsat News 2,Polsat News 2 [Polsat Biznes],0.000728
2026_06,BBC CBeebies,Dariusz,BW,0.00101,BBC CBeebies,BBC CBeebies,BBC CBeebies,0.001057
2026_06,AXN Black,Piotr,BW,0.00147,AXN Black,AXN Black,AXN Black [AXN Sci-Fi],0.001617
2026_06,Polsat Rodzina,Piotr,BW,0.0008153333333333333,Polsat Rodzina,Polsat Rodzina,Polsat Rodzina,0.001067
2026_06,SPI Kino Polska Muzyka,Agata,BW,0.00046433333333333336,SPI Kino Polska Muzyka,Kino Polska Muzyka,Kino Polska Muzyka,0.000308
2026_06,Polsat Viasat Nature,Łukasz,BW,0.00038833333333333336,Polsat Viasat Nature,Polsat Viasat Nature,Polsat Viasat Nature [Viasat Nature],0.00037
2026_06,TELE5,Adam,BW,0.0009233333333333333,TELE5,Tele5,Tele5,0.000924
2026_06,BBC Brit,Piotr,BW,0.000659,BBC Brit,BBC Brit,BBC Brit [BBC Entertainment],0.000753
2026_06,Eska TV Extra,Adam,BW,0.00033,Eska TV Extra,Eska Extra [Eska TV],Eska TV Extra [Eska TV],0.000427
2026_06,BBC Lifestyle,Piotr,BW,0.0004913333333333333,BBC Lifestyle,BBC Lifestyle,BBC Lifestyle,0.000524
2026_06,4FUN DANCE,Wiola,BW,0.0004663333333333333,4FUN DANCE,4FUN DANCE,4FUN DANCE [4FUN FIT&DANCE],0.000738
2026_06,Polsat Music,Piotr,BW,0.00031600000000000004,Polsat Music,Polsat Music HD,Polsat Music HD [Muzo.tv],0.000485
2026_06,Polsat Games,Łukasz,BW,0.00030766666666666665,Polsat Games,Polsat Games,Polsat Games,0.000293
2026_06,Polsat Sport 3,Rafał,BW,0.0003646666666666666,Polsat Sport 3,Polsat Sport 3,Polsat Sport 3 [Polsat Sport News HD],0.000787
2026_06,Extreme Sports,Łukasz,BW,2.5666666666666666e-05,Extreme Sports,Extreme Sports,Extreme Sports,2.8e-05
2026_06,Vox Music TV,Adam,BW,0.0003906666666666666,Vox Music TV,Vox Music TV,Vox Music TV,0.000334
2026_06,AXN Spin,Piotr,BW,0.00015866666666666668,AXN Spin,AXN Spin,AXN Spin,0.000141
2026_06,Eska Rock TV,Adam,BW,0.00031299999999999996,Eska Rock TV,Eska Rock TV,Eska Rock TV [HIP HOP TV],0.000182
2026_06,Eleven Sports 2,Łukasz,BW,0.000636,Eleven Sports 2,Eleven Sports 2,Eleven Sports 2 [Eleven Sports],3.8e-05
2026_06,NBCU E Entertainment,Wiola,BW,7.166666666666667e-05,NBCU E Entertainment,E!Entertainment,E!Entertainment [E!],8.1e-05
2026_06,POLONIA1,Adam,BW,0.0002926666666666667,POLONIA1,Polonia 1,Polonia1,0.000392
2026_06,Sundance TV,Agata,BW,0.00017433333333333333,Sundance TV,Sundance Channel,Sundance Channel,0.000222
2026_06,Novela TV,Dariusz,BW,6.699999999999999e-05,Novela TV,Novela TV,Novela TV,8.2e-05
2026_06,SPI Gametoon,Agata,BW,1.8e-05,SPI Gametoon,Gametoon,Gametoon,2.4e-05
2026_06,Golf Zone,Agata,BW,4.766666666666667e-05,Golf Zone,Golf Zone,Golf Zone [Golf Channel Polska],5e-05
2026_06,Water Planet,Adam,BW,7.866666666666666e-05,Water Planet,Water Planet,Water Planet [CSB TV],5.3e-05
2026_06,Polsat Film 2,Łukasz,BW,0.00041766666666666666,Polsat Film 2,Polsat Film 2,Polsat Film 2,0.000523
2026_06,Polsat Reality,Rafał,BW,0.000509,Polsat Reality,Polsat Reality,Polsat Reality,0.000415
2026_06,Polsat X,Rafał,BW,0.0003713333333333333,Polsat X,Polsat X,Polsat X,0.001056
2026_06,DaVinci,Dariusz,BW,7.2e-05,DaVinci,Da Vinci,Da Vinci [Da Vinci Learning],4.6e-05
2026_06,TVT,Adam,BW,2.4999999999999998e-05,TVT,TVT,TVT,0.000118
2026_06,FILMBOX Premium,Łukasz,BW,0.000193,FILMBOX Premium,FILMBOX+ Hits,FILMBOX+ Hits [FILMBOX Premium],0.00022
2026_06,Ale Kino+,Agata,BW,0.0012583333333333333,Ale Kino+,Ale Kino+,Ale Kino+ [Ale Kino],0.001071
2026_06,Canal+ Domo,Wiola,BW,0.0010350000000000001,Canal+ Domo,CANAL+ DOMO,CANAL+ DOMO [Domo+],0.001032
2026_06,Planete+,Dariusz,BW,0.0014826666666666669,Planete+,Planete+,Planete+ [Planete],0.001353
2026_06,MiniMini+,Dariusz,BW,0.0016696666666666665,MiniMini+,MiniMini+,MiniMini+ [MiniMini],0.00164
2026_06,teleTOON+,Dariusz,BW,0.00037933333333333336,teleTOON+,teleTOON+,teleTOON+ [ZigZap/Hyper],0.000278
2026_06,Novelas+,Agata,BW,0.0016256666666666665,Novelas+,Novelas,Novelas,0.002151
2026_06,CANAL+ KUCHNIA,Wiola,BW,0.0010183333333333333,CANAL+ KUCHNIA,CANAL+ KUCHNIA,CANAL+ KUCHNIA [kuchnia+],0.001093
2026_06,Canal+ 360,Rafał,BW,0.0008,Canal+ 360,CANAL+ 360,Canal+ 360 [Canal+ Family],0.000822
2026_06,Canal+ Sport,Łukasz,BW,0.0014773333333333333,Canal+ Sport,Canal+ Sport,CANAL+ SPORT [Canal+ Niebieski],0.000906
2026_06,Canal+ Sport2,Adam,BW,0.0006356666666666666,Canal+ Sport2,Canal+ Sport2,CANAL+ SPORT2,0.000213
2026_06,Canal+ Sport3,Adam,BW,0.0003,Canal+ Sport3,CANAL+ SPORT3,CANAL+ SPORT3,5.5e-05
2026_06,Canal+ Sport4,Rafał,BW,0.00036866666666666667,Canal+ Sport4,CANAL+ SPORT4,CANAL+ SPORT4,5.3e-05
2026_06,Canal+ Sport5,Rafał,BW,0.001600666666666667,Canal+ Sport5,Canal+ SPORT5,CANAL+ SPORT5 [nSport+],0.001541
2026_06,CANAL+ Extra1,Łukasz,BW,0.0008,CANAL+ Extra1,CANAL+ Extra 1,CANAL+ EXTRA 1,2.6e-05
2026_06,CANAL+ Extra2,Łukasz,BW,0.00014566666666666667,CANAL+ Extra2,CANAL+ Extra 2,CANAL+ EXTRA 2,
2026_06,Viasat True Crime,Rafał,BW,0.0003856666666666667,Viasat True Crime,Viasat True Crime,Viasat True Crime,0.000328
2026_06,Novelas+1,Agata,BW,8.333333333333333e-05,Novelas+1,Novelas+1,Novelas+1 [DIZI],0.000173
2026_06,Kabaret TV,Rafał,BW,0.0017403333333333333,Kabaret TV,Kabaret TV,Kabaret TV,0.001631
2026_06,Polsat News Polityka,Dariusz,BW,0.0005596666666666666,Polsat News Polityka,Polsat News Polityka,Polsat News Polityka,0.000478
2026_06,Kanał Zero TV,Wiola,BW,0.0001,Kanał Zero TV,ZERO,ZERO,0.001481
2026_06,CANAL+ Seriale,Wiola,BW,0.000153,CANAL+ Seriale,Canal+ Seriale,Canal+ Seriale [Canal+ Film 2],0.000149
2026_06,CANAL+ Dokument,Wiola,BW,0.00032133333333333336,CANAL+ Dokument,Canal+ Dokument,Canal+ Dokument [Canal+ Discovery],0.000203
2026_06,DocuBox,Dariusz,BW,7.599999999999999e-05,DocuBox,DocuBox,DocuBox,5.2e-05
2026_06,FILMBOX Action,Rafał,BW,0.0003306666666666666,FILMBOX Action,FILMBOX+ Action,FILMBOX+ Action [FILMBOX Action],0.000485
2026_06,FILMBOX Extra,Rafał,BW,0.00014666666666666666,FILMBOX Extra,FILMBOX+ Emotion,FILMBOX+ Emotion [FILMBOX Extra],0.000284
2026_06,FILMBOX Family,Rafał,BW,0.00017266666666666667,FILMBOX Family,FILMBOX+ Comedy,FILMBOX+ Comedy [FILMBOX Family],0.000351
2026_06,TVN,,BW,0.0738,TVN,TVN,TVN,0.0754
2026_06,TVP1,,BW,0.06,TVP1,TVP1,TVP1,0.067311
2026_06,TVP2,,BW,0.045,TVP2,TVP2,TVP2,0.044827
2026_06,Polsat,Maciej,KB,0.0687,Polsat,Polsat,Polsat,0.065614
2026_06,Fokus TV,Adam,KB,0.00791652553217166,Fokus TV,Fokus TV,Fokus TV,0.008547
2026_06,Nowa TV,Adam,KB,0.004063062934543771,Nowa TV,Nowa TV,Nowa TV,0.003253
2026_06,Eleven Sports 1,Adam,KB,0.0010017327641250343,Eleven Sports 1,Eleven Sports 1,Eleven Sports 1 [Eleven],0.001889
2026_06,Disco Polo Music,Adam,KB,0.0006506598989458284,Disco Polo Music,Disco Polo Music,Disco Polo Music,0.000801
2026_06,Puls 2,Agata,KB,0.0154164153148013,Puls 2,Puls 2,Puls 2,0.014073
2026_06,Zoom TV,Agata,KB,0.004935771523978002,Zoom TV,ZOOM,ZOOM [Zoom TV],0.003246
2026_06,SPI Kino Polska,Agata,KB,0.00239348778902026,SPI Kino Polska,Kino Polska,Kino Polska,0.003078
2026_06,History,Agata,KB,0.0036861884896058467,History,History,HISTORY,0.003574
2026_06,CI Polsat,Agata,KB,0.0012028658534769658,CI Polsat,CI Polsat,CI Polsat [Polsat Crime & Investigation Network],0.000928
2026_06,Polsat News,Dariusz,KB,0.0105978290445739,Polsat News,Polsat News,Polsat News,0.01037
2026_06,Stopklatka,Dariusz,KB,0.010987736227791495,Stopklatka,Stopklatka,Stopklatka,0.010383
2026_06,Wydarzenia24,Dariusz,KB,0.0107612768134381,Wydarzenia24,Wydarzenia24,Wydarzenia 24 [Superstacja],0.010748
2026_06,Puls,Łukasz,KB,0.0343823102321515,Puls,TV PULS,TV PULS [PULS],0.037032
2026_06,Polsat 2,Łukasz,KB,0.006902780265895875,Polsat 2,Polsat2,Polsat2,0.006985
2026_06,Polsat Film,Łukasz,KB,0.005545730099395839,Polsat Film,Polsat Film,Polsat Film,0.005334
2026_06,Polsat Sport 1,Łukasz,KB,0.00462189558329433,Polsat Sport 1,Polsat Sport 1,Polsat Sport 1 [Polsat Sport],0.006966
2026_06,Polsat Viasat History,Łukasz,KB,0.0016836750164182616,Polsat Viasat History,Polsat Viasat History,Polsat Viasat History [Viasat History],0.000994
2026_06,Polsat Viasat Explore,Łukasz,KB,0.0008714967751538261,Polsat Viasat Explore,Polsat Viasat Explore,Polsat Viasat Explore [Polsat Viasat Explorer],0.001033
2026_06,Szóstka,Piotr,KB,0.01708599509656469,Szóstka,TV6,TV6,0.016383
2026_06,Super Polsat,Piotr,KB,0.010816956015872972,Super Polsat,Super Polsat,Super Polsat [Polsat Sport News],0.011813
2026_06,WPOLSCE24,Piotr,KB,0.00917880161696957,WPOLSCE24,wPolsce24,wPolsce24 [Telewizja WPOLSCE.PL],0.007908
2026_06,AXN,Piotr,KB,0.0030821613411391737,AXN,AXN,AXN,0.002793
2026_06,BBC First,Piotr,KB,0.003234021738851,BBC First,BBC First,BBC First [BBC HD],0.001545
2026_06,Polsat Play,Rafał,KB,0.003470361305614184,Polsat Play,Polsat Play,Polsat Play,0.003203
2026_06,Polo TV,Rafał,KB,0.0033357449872524,Polo TV,Polo TV,Polo TV,0.003777
2026_06,SPI Kino TV,Rafał,KB,0.002277712631594918,SPI Kino TV,FILMBOX+ One,FILMBOX+ One [Kino TV],0.002016
2026_06,Eska TV,Rafał,KB,0.003544814812505847,Eska TV,Eska TV [8TV],Eska TV [8TV],0.005053
2026_06,AMC,Rafał,KB,0.0017937838299770864,AMC,AMC,AMC [MGM],0.001735
2026_06,Czwórka,Rafał,KB,0.0274147270833471,Czwórka,TV4 pl,TV4,0.028109
2026_06,TV Republika,Wiola,KB,0.029632274833517,TV Republika,Republika,Republika [TV Republika],0.031158
2026_06,WP,Wiola,KB,0.005430228822123683,WP,WP,WP,0.004439
2026_06,Polsat Seriale,Wiola,KB,0.00406875587256878,Polsat Seriale,Polsat Seriale,Polsat Seriale [Polsat Romans],0.004256
2026_06,Polsat Cafe,Wiola,KB,0.0026169153924728746,Polsat Cafe,Polsat Cafe,Polsat Cafe,0.002773
2026_06,NBCU 13 Ulica,Wiola,KB,0.0013180684752734765,NBCU 13 Ulica,13 Ulica,13 Ulica [13th Street Universal],0.001159
2026_06,4FUN.TV,Wiola,KB,0.0021925394381523754,4FUN.TV,4FUN.TV,4FUN.TV [4fun.tv],0.002005
2026_06,Stars.tv,Wiola,KB,0.0025,Stars.tv,Stars.tv,Stars.tv,0.001894
2026_06,BBC Earth,Piotr,KB,0.0012789842246531925,BBC Earth,BBC Earth,BBC Earth [BBC Knowledge],0.001147
2026_06,AXN White,Piotr,KB,0.0005273512417605583,AXN White,AXN White,AXN White [AXN Crime],0.000952
2026_06,History2,Agata,KB,0.002201475374670881,History2,History2 [H2],HISTORY2 [H2],0.001714
2026_06,Polsat Doku,Dariusz,KB,0.0009588551916447167,Polsat Doku,Polsat Doku,Polsat Doku,0.00097
2026_06,Polsat Sport 2,Adam,KB,0.0010670264530646325,Polsat Sport 2,Polsat Sport 2,Polsat Sport 2 [Polsat Sport Extra],0.001175
2026_06,Polsat JimJam,Dariusz,KB,0.0005404943070423632,Polsat JimJam,Polsat JimJam,Polsat JimJam [JimJam],0.000969
2026_06,Epic Drama,Łukasz,KB,0.0006069451120070054,Epic Drama,Viasat Epic Drama,Viasat Epic Drama [Epic Drama],0.00055
2026_06,NBCU SciFi Universal,Łukasz,KB,0.0006193830120015344,NBCU SciFi Universal,Scifi Universal,Scifi Universal,0.00069
2026_06,4FUN KIDS,Wiola,KB,0.0001971362485174656,4FUN KIDS,4FUN KIDS,4FUN KIDS [4FUN GOLD],0.000539
2026_06,Polsat News 2,Dariusz,KB,0.000876410685170604,Polsat News 2,Polsat News 2,Polsat News 2 [Polsat Biznes],0.000728
2026_06,BBC CBeebies,Dariusz,KB,0.00132845237715211,BBC CBeebies,BBC CBeebies,BBC CBeebies,0.001057
2026_06,AXN Black,Piotr,KB,0.0013927131055402324,AXN Black,AXN Black,AXN Black [AXN Sci-Fi],0.001617
2026_06,Polsat Rodzina,Piotr,KB,0.0009707854510962325,Polsat Rodzina,Polsat Rodzina,Polsat Rodzina,0.001067
2026_06,SPI Kino Polska Muzyka,Agata,KB,0.0003536492388130382,SPI Kino Polska Muzyka,Kino Polska Muzyka,Kino Polska Muzyka,0.000308
2026_06,Polsat Viasat Nature,Łukasz,KB,0.00032923752577884377,Polsat Viasat Nature,Polsat Viasat Nature,Polsat Viasat Nature [Viasat Nature],0.00037
2026_06,TELE5,Adam,KB,0.0009233088870521652,TELE5,Tele5,Tele5,0.000924
2026_06,BBC Brit,Piotr,KB,0.0007888607895511155,BBC Brit,BBC Brit,BBC Brit [BBC Entertainment],0.000753
2026_06,Eska TV Extra,Adam,KB,0.00035209975949884937,Eska TV Extra,Eska Extra [Eska TV],Eska TV Extra [Eska TV],0.000427
2026_06,BBC Lifestyle,Piotr,KB,0.0003350377194361055,BBC Lifestyle,BBC Lifestyle,BBC Lifestyle,0.000524
2026_06,4FUN DANCE,Wiola,KB,0.0005215648352585052,4FUN DANCE,4FUN DANCE,4FUN DANCE [4FUN FIT&DANCE],0.000738
2026_06,Polsat Music,Piotr,KB,0.0003836590957597725,Polsat Music,Polsat Music HD,Polsat Music HD [Muzo.tv],0.000485
2026_06,Polsat Games,Łukasz,KB,0.00025635252486518425,Polsat Games,Polsat Games,Polsat Games,0.000293
2026_06,Polsat Sport 3,Rafał,KB,0.0005516512380357474,Polsat Sport 3,Polsat Sport 3,Polsat Sport 3 [Polsat Sport News HD],0.000787
2026_06,Extreme Sports,Łukasz,KB,1.9555611998897918e-05,Extreme Sports,Extreme Sports,Extreme Sports,2.8e-05
2026_06,Vox Music TV,Adam,KB,0.0003385828797111321,Vox Music TV,Vox Music TV,Vox Music TV,0.000334
2026_06,AXN Spin,Piotr,KB,0.00010996256945646868,AXN Spin,AXN Spin,AXN Spin,0.000141
2026_06,Eska Rock TV,Adam,KB,0.00029245102099669976,Eska Rock TV,Eska Rock TV,Eska Rock TV [HIP HOP TV],0.000182
2026_06,Eleven Sports 2,Łukasz,KB,7.320316044793136e-05,Eleven Sports 2,Eleven Sports 2,Eleven Sports 2 [Eleven Sports],3.8e-05
2026_06,NBCU E Entertainment,Wiola,KB,6.947857227117625e-05,NBCU E Entertainment,E!Entertainment,E!Entertainment [E!],8.1e-05
2026_06,POLONIA1,Adam,KB,0.00034847200316287226,POLONIA1,Polonia 1,Polonia1,0.000392
2026_06,Sundance TV,Agata,KB,0.00012759331816052878,Sundance TV,Sundance Channel,Sundance Channel,0.000222
2026_06,Novela TV,Dariusz,KB,7.311058715642519e-05,Novela TV,Novela TV,Novela TV,8.2e-05
2026_06,SPI Gametoon,Agata,KB,1.2807691114420453e-05,SPI Gametoon,Gametoon,Gametoon,2.4e-05
2026_06,Golf Zone,Agata,KB,6.845714285714285e-05,Golf Zone,Golf Zone,Golf Zone [Golf Channel Polska],5e-05
2026_06,Water Planet,Adam,KB,4.0127722540110476e-05,Water Planet,Water Planet,Water Planet [CSB TV],5.3e-05
2026_06,Polsat Film 2,Łukasz,KB,0.0004,Polsat Film 2,Polsat Film 2,Polsat Film 2,0.000523
2026_06,Polsat Reality,Rafał,KB,0.0005,Polsat Reality,Polsat Reality,Polsat Reality,0.000415
2026_06,Polsat X,Rafał,KB,0.0004,Polsat X,Polsat X,Polsat X,0.001056
2026_06,DaVinci,Dariusz,KB,0.00024890585193948386,DaVinci,Da Vinci,Da Vinci [Da Vinci Learning],4.6e-05
2026_06,TVT,Adam,KB,0.0001,TVT,TVT,TVT,0.000118
2026_06,FILMBOX Premium,Łukasz,KB,0.0002,FILMBOX Premium,FILMBOX+ Hits,FILMBOX+ Hits [FILMBOX Premium],0.00022
2026_06,Ale Kino+,Agata,KB,0.0011940504621266435,Ale Kino+,Ale Kino+,Ale Kino+ [Ale Kino],0.001071
2026_06,Canal+ Domo,Wiola,KB,0.0008775239846094687,Canal+ Domo,CANAL+ DOMO,CANAL+ DOMO [Domo+],0.001032
2026_06,Planete+,Dariusz,KB,0.0011269567489643388,Planete+,Planete+,Planete+ [Planete],0.001353
2026_06,MiniMini+,Dariusz,KB,0.0015208208480270878,MiniMini+,MiniMini+,MiniMini+ [MiniMini],0.00164
2026_06,teleTOON+,Dariusz,KB,0.00026721474198214515,teleTOON+,teleTOON+,teleTOON+ [ZigZap/Hyper],0.000278
2026_06,Novelas+,Agata,KB,0.00146762860566928,Novelas+,Novelas,Novelas,0.002151
2026_06,CANAL+ KUCHNIA,Wiola,KB,0.0010149423035823394,CANAL+ KUCHNIA,CANAL+ KUCHNIA,CANAL+ KUCHNIA [kuchnia+],0.001093
2026_06,Canal+ 360,Rafał,KB,0.000731793733928904,Canal+ 360,CANAL+ 360,Canal+ 360 [Canal+ Family],0.000822
2026_06,Canal+ Sport,Łukasz,KB,0.000707273962349905,Canal+ Sport,Canal+ Sport,CANAL+ SPORT [Canal+ Niebieski],0.000906
2026_06,Canal+ Sport2,Adam,KB,0.000495080579057237,Canal+ Sport2,Canal+ Sport2,CANAL+ SPORT2,0.000213
2026_06,Canal+ Sport3,Adam,KB,0.000209756613760728,Canal+ Sport3,CANAL+ SPORT3,CANAL+ SPORT3,5.5e-05
2026_06,Canal+ Sport4,Rafał,KB,0.0002102007874015748,Canal+ Sport4,CANAL+ SPORT4,CANAL+ SPORT4,5.3e-05
2026_06,Canal+ Sport5,Rafał,KB,0.00189433466061373,Canal+ Sport5,Canal+ SPORT5,CANAL+ SPORT5 [nSport+],0.001541
2026_06,CANAL+ Extra1,Łukasz,KB,0.000156110535714286,CANAL+ Extra1,CANAL+ Extra 1,CANAL+ EXTRA 1,2.6e-05
2026_06,CANAL+ Extra2,Łukasz,KB,7.4e-05,CANAL+ Extra2,CANAL+ Extra 2,CANAL+ EXTRA 2,
2026_06,Viasat True Crime,Rafał,KB,0.0005,Viasat True Crime,Viasat True Crime,Viasat True Crime,0.000328
2026_06,Novelas+1,Agata,KB,0.00015688094075042602,Novelas+1,Novelas+1,Novelas+1 [DIZI],0.000173
2026_06,Kabaret TV,Rafał,KB,0.0020135220169200394,Kabaret TV,Kabaret TV,Kabaret TV,0.001631
2026_06,Polsat News Polityka,Dariusz,KB,0.0005856094926464905,Polsat News Polityka,Polsat News Polityka,Polsat News Polityka,0.000478
2026_06,Kanał Zero TV,Wiola,KB,0.0005,Kanał Zero TV,ZERO,ZERO,0.001481
2026_06,CANAL+ Seriale,Wiola,KB,0.0001,CANAL+ Seriale,Canal+ Seriale,Canal+ Seriale [Canal+ Film 2],0.000149
2026_06,CANAL+ Dokument,Wiola,KB,0.0003,CANAL+ Dokument,Canal+ Dokument,Canal+ Dokument [Canal+ Discovery],0.000203
2026_06,DocuBox,Dariusz,KB,0.0001,DocuBox,DocuBox,DocuBox,5.2e-05
2026_06,FILMBOX Action,Rafał,KB,0.0003,FILMBOX Action,FILMBOX+ Action,FILMBOX+ Action [FILMBOX Action],0.000485
2026_06,FILMBOX Extra,Rafał,KB,0.00015688094075042602,FILMBOX Extra,FILMBOX+ Emotion,FILMBOX+ Emotion [FILMBOX Extra],0.000284
2026_06,FILMBOX Family,Rafał,KB,0.0002,FILMBOX Family,FILMBOX+ Comedy,FILMBOX+ Comedy [FILMBOX Family],0.000351
2026_06,TVN,,KB,0.0765,TVN,TVN,TVN,0.0754
2026_06,TVP1,,KB,0.062,TVP1,TVP1,TVP1,0.067311
2026_06,TVP2,,KB,0.046,TVP2,TVP2,TVP2,0.044827
2026_06,Polsat,Maciej,BD,0.0709929739822395,Polsat,Polsat,Polsat,0.065614
2026_06,Fokus TV,Adam,BD,0.0084690689,Fokus TV,Fokus TV,Fokus TV,0.008547
2026_06,Nowa TV,Adam,BD,0.0035804281286159812,Nowa TV,Nowa TV,Nowa TV,0.003253
2026_06,Eleven Sports 1,Adam,BD,0.001230953958324336,Eleven Sports 1,Eleven Sports 1,Eleven Sports 1 [Eleven],0.001889
2026_06,Disco Polo Music,Adam,BD,0.0005043605578326032,Disco Polo Music,Disco Polo Music,Disco Polo Music,0.000801
2026_06,Puls 2,Agata,BD,0.0158528919429375,Puls 2,Puls 2,Puls 2,0.014073
2026_06,Zoom TV,Agata,BD,0.00505425971712403,Zoom TV,ZOOM,ZOOM [Zoom TV],0.003246
2026_06,SPI Kino Polska,Agata,BD,0.00266003230166117,SPI Kino Polska,Kino Polska,Kino Polska,0.003078
2026_06,History,Agata,BD,0.00381864642256576,History,History,HISTORY,0.003574
2026_06,CI Polsat,Agata,BD,0.001184516234364013,CI Polsat,CI Polsat,CI Polsat [Polsat Crime & Investigation Network],0.000928
2026_06,Polsat News,Dariusz,BD,0.010577011258956,Polsat News,Polsat News,Polsat News,0.01037
2026_06,Stopklatka,Dariusz,BD,0.010736106415023504,Stopklatka,Stopklatka,Stopklatka,0.010383
2026_06,Wydarzenia24,Dariusz,BD,0.009966799684265918,Wydarzenia24,Wydarzenia24,Wydarzenia 24 [Superstacja],0.010748
2026_06,Puls,Łukasz,BD,0.0363555647756139,Puls,TV PULS,TV PULS [PULS],0.037032
2026_06,Polsat 2,Łukasz,BD,0.0073167056689432,Polsat 2,Polsat2,Polsat2,0.006985
2026_06,Polsat Film,Łukasz,BD,0.00539013682250774,Polsat Film,Polsat Film,Polsat Film,0.005334
2026_06,Polsat Sport 1,Łukasz,BD,0.003655,Polsat Sport 1,Polsat Sport 1,Polsat Sport 1 [Polsat Sport],0.006966
2026_06,Polsat Viasat History,Łukasz,BD,0.0014159754784231324,Polsat Viasat History,Polsat Viasat History,Polsat Viasat History [Viasat History],0.000994
2026_06,Polsat Viasat Explore,Łukasz,BD,0.0008613848958333334,Polsat Viasat Explore,Polsat Viasat Explore,Polsat Viasat Explore [Polsat Viasat Explorer],0.001033
2026_06,Szóstka,Piotr,BD,0.017490965537133,Szóstka,TV6,TV6,0.016383
2026_06,Super Polsat,Piotr,BD,0.010553155849538502,Super Polsat,Super Polsat,Super Polsat [Polsat Sport News],0.011813
2026_06,WPOLSCE24,Piotr,BD,0.00788616553813119,WPOLSCE24,wPolsce24,wPolsce24 [Telewizja WPOLSCE.PL],0.007908
2026_06,AXN,Piotr,BD,0.00361017561381606,AXN,AXN,AXN,0.002793
2026_06,BBC First,Piotr,BD,0.00306891754588125,BBC First,BBC First,BBC First [BBC HD],0.001545
2026_06,Polsat Play,Rafał,BD,0.00353891515994437,Polsat Play,Polsat Play,Polsat Play,0.003203
2026_06,Polo TV,Rafał,BD,0.00294154250597473,Polo TV,Polo TV,Polo TV,0.003777
2026_06,SPI Kino TV,Rafał,BD,0.0021753388090349074,SPI Kino TV,FILMBOX+ One,FILMBOX+ One [Kino TV],0.002016
2026_06,Eska TV,Rafał,BD,0.00347124949871097,Eska TV,Eska TV [8TV],Eska TV [8TV],0.005053
2026_06,AMC,Rafał,BD,0.0021136259013956405,AMC,AMC,AMC [MGM],0.001735
2026_06,Czwórka,Rafał,BD,0.02901894026172,Czwórka,TV4 pl,TV4,0.028109
2026_06,TV Republika,Wiola,BD,0.031009538372601,TV Republika,Republika,Republika [TV Republika],0.031158
2026_06,WP,Wiola,BD,0.005551049606678439,WP,WP,WP,0.004439
2026_06,Polsat Seriale,Wiola,BD,0.004232678718832897,Polsat Seriale,Polsat Seriale,Polsat Seriale [Polsat Romans],0.004256
2026_06,Polsat Cafe,Wiola,BD,0.0026343749289313295,Polsat Cafe,Polsat Cafe,Polsat Cafe,0.002773
2026_06,NBCU 13 Ulica,Wiola,BD,0.0017579059174875347,NBCU 13 Ulica,13 Ulica,13 Ulica [13th Street Universal],0.001159
2026_06,4FUN.TV,Wiola,BD,0.0020352953424657536,4FUN.TV,4FUN.TV,4FUN.TV [4fun.tv],0.002005
2026_06,Stars.tv,Wiola,BD,0.002514904394076139,Stars.tv,Stars.tv,Stars.tv,0.001894
2026_06,BBC Earth,Piotr,BD,0.00157520961389346,BBC Earth,BBC Earth,BBC Earth [BBC Knowledge],0.001147
2026_06,AXN White,Piotr,BD,0.0005551009564293305,AXN White,AXN White,AXN White [AXN Crime],0.000952
2026_06,History2,Agata,BD,0.0020093912809161295,History2,History2 [H2],HISTORY2 [H2],0.001714
2026_06,Polsat Doku,Dariusz,BD,0.0010614410411952271,Polsat Doku,Polsat Doku,Polsat Doku,0.00097
2026_06,Polsat Sport 2,Adam,BD,0.000677699339580544,Polsat Sport 2,Polsat Sport 2,Polsat Sport 2 [Polsat Sport Extra],0.001175
2026_06,Polsat JimJam,Dariusz,BD,0.0007801741662117102,Polsat JimJam,Polsat JimJam,Polsat JimJam [JimJam],0.000969
2026_06,Epic Drama,Łukasz,BD,0.000656898561807748,Epic Drama,Viasat Epic Drama,Viasat Epic Drama [Epic Drama],0.00055
2026_06,NBCU SciFi Universal,Łukasz,BD,0.00078275,NBCU SciFi Universal,Scifi Universal,Scifi Universal,0.00069
2026_06,4FUN KIDS,Wiola,BD,0.000269734709259948,4FUN KIDS,4FUN KIDS,4FUN KIDS [4FUN GOLD],0.000539
2026_06,Polsat News 2,Dariusz,BD,0.0007342878368836441,Polsat News 2,Polsat News 2,Polsat News 2 [Polsat Biznes],0.000728
2026_06,BBC CBeebies,Dariusz,BD,0.0010446007399333274,BBC CBeebies,BBC CBeebies,BBC CBeebies,0.001057
2026_06,AXN Black,Piotr,BD,0.0014339349615932928,AXN Black,AXN Black,AXN Black [AXN Sci-Fi],0.001617
2026_06,Polsat Rodzina,Piotr,BD,0.0006555,Polsat Rodzina,Polsat Rodzina,Polsat Rodzina,0.001067
2026_06,SPI Kino Polska Muzyka,Agata,BD,0.00046550812307132104,SPI Kino Polska Muzyka,Kino Polska Muzyka,Kino Polska Muzyka,0.000308
2026_06,Polsat Viasat Nature,Łukasz,BD,0.00039527403166903646,Polsat Viasat Nature,Polsat Viasat Nature,Polsat Viasat Nature [Viasat Nature],0.00037
2026_06,TELE5,Adam,BD,0.0009302720644566502,TELE5,Tele5,Tele5,0.000924
2026_06,BBC Brit,Piotr,BD,0.0006402324804599091,BBC Brit,BBC Brit,BBC Brit [BBC Entertainment],0.000753
2026_06,Eska TV Extra,Adam,BD,0.0002829421193472164,Eska TV Extra,Eska Extra [Eska TV],Eska TV Extra [Eska TV],0.000427
2026_06,BBC Lifestyle,Piotr,BD,0.00044384786260831294,BBC Lifestyle,BBC Lifestyle,BBC Lifestyle,0.000524
2026_06,4FUN DANCE,Wiola,BD,0.000461295068642427,4FUN DANCE,4FUN DANCE,4FUN DANCE [4FUN FIT&DANCE],0.000738
2026_06,Polsat Music,Piotr,BD,0.00033315085904911314,Polsat Music,Polsat Music HD,Polsat Music HD [Muzo.tv],0.000485
2026_06,Polsat Games,Łukasz,BD,0.00025074993137240854,Polsat Games,Polsat Games,Polsat Games,0.000293
2026_06,Polsat Sport 3,Rafał,BD,0.00038638610475650177,Polsat Sport 3,Polsat Sport 3,Polsat Sport 3 [Polsat Sport News HD],0.000787
2026_06,Extreme Sports,Łukasz,BD,3.94558823529412e-05,Extreme Sports,Extreme Sports,Extreme Sports,2.8e-05
2026_06,Vox Music TV,Adam,BD,0.00034325581964812074,Vox Music TV,Vox Music TV,Vox Music TV,0.000334
2026_06,AXN Spin,Piotr,BD,0.00010653272566184621,AXN Spin,AXN Spin,AXN Spin,0.000141
2026_06,Eska Rock TV,Adam,BD,0.0003117788505064222,Eska Rock TV,Eska Rock TV,Eska Rock TV [HIP HOP TV],0.000182
2026_06,Eleven Sports 2,Łukasz,BD,0.000241163345636165,Eleven Sports 2,Eleven Sports 2,Eleven Sports 2 [Eleven Sports],3.8e-05
2026_06,NBCU E Entertainment,Wiola,BD,8.895903031249604e-05,NBCU E Entertainment,E!Entertainment,E!Entertainment [E!],8.1e-05
2026_06,POLONIA1,Adam,BD,0.0002448,POLONIA1,Polonia 1,Polonia1,0.000392
2026_06,Sundance TV,Agata,BD,0.00018414751794023395,Sundance TV,Sundance Channel,Sundance Channel,0.000222
2026_06,Novela TV,Dariusz,BD,5.169517652791525e-05,Novela TV,Novela TV,Novela TV,8.2e-05
2026_06,SPI Gametoon,Agata,BD,2.7779547831790944e-05,SPI Gametoon,Gametoon,Gametoon,2.4e-05
2026_06,Golf Zone,Agata,BD,4.623685355862775e-05,Golf Zone,Golf Zone,Golf Zone [Golf Channel Polska],5e-05
2026_06,Water Planet,Adam,BD,0.00014296821236559138,Water Planet,Water Planet,Water Planet [CSB TV],5.3e-05
2026_06,Polsat Film 2,Łukasz,BD,0.00043625,Polsat Film 2,Polsat Film 2,Polsat Film 2,0.000523
2026_06,Polsat Reality,Rafał,BD,0.0005375,Polsat Reality,Polsat Reality,Polsat Reality,0.000415
2026_06,Polsat X,Rafał,BD,0.00034550000000000005,Polsat X,Polsat X,Polsat X,0.001056
2026_06,DaVinci,Dariusz,BD,0.00010241775828475034,DaVinci,Da Vinci,Da Vinci [Da Vinci Learning],4.6e-05
2026_06,TVT,Adam,BD,5.275e-05,TVT,TVT,TVT,0.000118
2026_06,FILMBOX Premium,Łukasz,BD,0.0002130591462684325,FILMBOX Premium,FILMBOX+ Hits,FILMBOX+ Hits [FILMBOX Premium],0.00022
2026_06,Ale Kino+,Agata,BD,0.0012307623368843126,Ale Kino+,Ale Kino+,Ale Kino+ [Ale Kino],0.001071
2026_06,Canal+ Domo,Wiola,BD,0.0009238699059533027,Canal+ Domo,CANAL+ DOMO,CANAL+ DOMO [Domo+],0.001032
2026_06,Planete+,Dariusz,BD,0.001617099482515035,Planete+,Planete+,Planete+ [Planete],0.001353
2026_06,MiniMini+,Dariusz,BD,0.00143449549111361,MiniMini+,MiniMini+,MiniMini+ [MiniMini],0.00164
2026_06,teleTOON+,Dariusz,BD,0.00039840000000000003,teleTOON+,teleTOON+,teleTOON+ [ZigZap/Hyper],0.000278
2026_06,Novelas+,Agata,BD,0.0016174459459459458,Novelas+,Novelas,Novelas,0.002151
2026_06,CANAL+ KUCHNIA,Wiola,BD,0.0010966295696909643,CANAL+ KUCHNIA,CANAL+ KUCHNIA,CANAL+ KUCHNIA [kuchnia+],0.001093
2026_06,Canal+ 360,Rafał,BD,0.0007334292460534917,Canal+ 360,CANAL+ 360,Canal+ 360 [Canal+ Family],0.000822
2026_06,Canal+ Sport,Łukasz,BD,0.0009441783845997202,Canal+ Sport,Canal+ Sport,CANAL+ SPORT [Canal+ Niebieski],0.000906
2026_06,Canal+ Sport2,Adam,BD,0.0002947959009240468,Canal+ Sport2,Canal+ Sport2,CANAL+ SPORT2,0.000213
2026_06,Canal+ Sport3,Adam,BD,8.067548501430392e-05,Canal+ Sport3,CANAL+ SPORT3,CANAL+ SPORT3,5.5e-05
2026_06,Canal+ Sport4,Rafał,BD,2e-05,Canal+ Sport4,CANAL+ SPORT4,CANAL+ SPORT4,5.3e-05
2026_06,Canal+ Sport5,Rafał,BD,0.00145338674750974,Canal+ Sport5,Canal+ SPORT5,CANAL+ SPORT5 [nSport+],0.001541
2026_06,CANAL+ Extra1,Łukasz,BD,4.6e-05,CANAL+ Extra1,CANAL+ Extra 1,CANAL+ EXTRA 1,2.6e-05
2026_06,CANAL+ Extra2,Łukasz,BD,0.0,CANAL+ Extra2,CANAL+ Extra 2,CANAL+ EXTRA 2,
2026_06,Viasat True Crime,Rafał,BD,0.00035235,Viasat True Crime,Viasat True Crime,Viasat True Crime,0.000328
2026_06,Novelas+1,Agata,BD,0.00012225476157348215,Novelas+1,Novelas+1,Novelas+1 [DIZI],0.000173
2026_06,Kabaret TV,Rafał,BD,0.0017308003106838782,Kabaret TV,Kabaret TV,Kabaret TV,0.001631
2026_06,Polsat News Polityka,Dariusz,BD,0.0004916276557254001,Polsat News Polityka,Polsat News Polityka,Polsat News Polityka,0.000478
2026_06,Kanał Zero TV,Wiola,BD,0.0007334292460534917,Kanał Zero TV,ZERO,ZERO,0.001481
2026_06,CANAL+ Seriale,Wiola,BD,0.000166579660944767,CANAL+ Seriale,Canal+ Seriale,Canal+ Seriale [Canal+ Film 2],0.000149
2026_06,CANAL+ Dokument,Wiola,BD,0.000303383518877,CANAL+ Dokument,Canal+ Dokument,Canal+ Dokument [Canal+ Discovery],0.000203
2026_06,DocuBox,Dariusz,BD,0.00010015839094661,DocuBox,DocuBox,DocuBox,5.2e-05
2026_06,FILMBOX Action,Rafał,BD,0.00031725,FILMBOX Action,FILMBOX+ Action,FILMBOX+ Action [FILMBOX Action],0.000485
2026_06,FILMBOX Extra,Rafał,BD,0.00014275000000000003,FILMBOX Extra,FILMBOX+ Emotion,FILMBOX+ Emotion [FILMBOX Extra],0.000284
2026_06,FILMBOX Family,Rafał,BD,0.00017775,FILMBOX Family,FILMBOX+ Comedy,FILMBOX+ Comedy [FILMBOX Family],0.000351
2026_06,TVN,,BD,0.0772012157209647,TVN,TVN,TVN,0.0754
2026_06,TVP1,,BD,0.0583173307353275,TVP1,TVP1,TVP1,0.067311
2026_06,TVP2,,BD,0.04631193585047214,TVP2,TVP2,TVP2,0.044827
2026_06,Polsat,Maciej,AK,0.071928,Polsat,Polsat,Polsat,0.065614
2026_06,Fokus TV,Adam,AK,0.008172977574933906,Fokus TV,Fokus TV,Fokus TV,0.008547
2026_06,Nowa TV,Adam,AK,0.00404195149375527,Nowa TV,Nowa TV,Nowa TV,0.003253
2026_06,Eleven Sports 1,Adam,AK,0.00191086988244831,Eleven Sports 1,Eleven Sports 1,Eleven Sports 1 [Eleven],0.001889
2026_06,Disco Polo Music,Adam,AK,0.0005830104229998822,Disco Polo Music,Disco Polo Music,Disco Polo Music,0.000801
2026_06,Puls 2,Agata,AK,0.0174142775605545,Puls 2,Puls 2,Puls 2,0.014073
2026_06,Zoom TV,Agata,AK,0.005071909258406259,Zoom TV,ZOOM,ZOOM [Zoom TV],0.003246
2026_06,SPI Kino Polska,Agata,AK,0.002631443806646526,SPI Kino Polska,Kino Polska,Kino Polska,0.003078
2026_06,History,Agata,AK,0.0034628778399736597,History,History,HISTORY,0.003574
2026_06,CI Polsat,Agata,AK,0.0009883024809160305,CI Polsat,CI Polsat,CI Polsat [Polsat Crime & Investigation Network],0.000928
2026_06,Polsat News,Dariusz,AK,0.010644461696834499,Polsat News,Polsat News,Polsat News,0.01037
2026_06,Stopklatka,Dariusz,AK,0.010601083451684,Stopklatka,Stopklatka,Stopklatka,0.010383
2026_06,Wydarzenia24,Dariusz,AK,0.011542767596657698,Wydarzenia24,Wydarzenia24,Wydarzenia 24 [Superstacja],0.010748
2026_06,Puls,Łukasz,AK,0.033780540697320595,Puls,TV PULS,TV PULS [PULS],0.037032
2026_06,Polsat 2,Łukasz,AK,0.00805964800406769,Polsat 2,Polsat2,Polsat2,0.006985
2026_06,Polsat Film,Łukasz,AK,0.0052647739065975,Polsat Film,Polsat Film,Polsat Film,0.005334
2026_06,Polsat Sport 1,Łukasz,AK,0.00841430822227242,Polsat Sport 1,Polsat Sport 1,Polsat Sport 1 [Polsat Sport],0.006966
2026_06,Polsat Viasat History,Łukasz,AK,0.00156065125312224,Polsat Viasat History,Polsat Viasat History,Polsat Viasat History [Viasat History],0.000994
2026_06,Polsat Viasat Explore,Łukasz,AK,0.0007869878348480647,Polsat Viasat Explore,Polsat Viasat Explore,Polsat Viasat Explore [Polsat Viasat Explorer],0.001033
2026_06,Szóstka,Piotr,AK,0.017925020726982,Szóstka,TV6,TV6,0.016383
2026_06,Super Polsat,Piotr,AK,0.010700954744797984,Super Polsat,Super Polsat,Super Polsat [Polsat Sport News],0.011813
2026_06,WPOLSCE24,Piotr,AK,0.008808720496362858,WPOLSCE24,wPolsce24,wPolsce24 [Telewizja WPOLSCE.PL],0.007908
2026_06,AXN,Piotr,AK,0.003412,AXN,AXN,AXN,0.002793
2026_06,BBC First,Piotr,AK,0.002606821997471555,BBC First,BBC First,BBC First [BBC HD],0.001545
2026_06,Polsat Play,Rafał,AK,0.0035266291952884155,Polsat Play,Polsat Play,Polsat Play,0.003203
2026_06,Polo TV,Rafał,AK,0.00244339238613843,Polo TV,Polo TV,Polo TV,0.003777
2026_06,SPI Kino TV,Rafał,AK,0.002096038648909425,SPI Kino TV,FILMBOX+ One,FILMBOX+ One [Kino TV],0.002016
2026_06,Eska TV,Rafał,AK,0.003273688649770423,Eska TV,Eska TV [8TV],Eska TV [8TV],0.005053
2026_06,AMC,Rafał,AK,0.002066,AMC,AMC,AMC [MGM],0.001735
2026_06,Czwórka,Rafał,AK,0.02805896743642251,Czwórka,TV4 pl,TV4,0.028109
2026_06,TV Republika,Wiola,AK,0.030968477389793,TV Republika,Republika,Republika [TV Republika],0.031158
2026_06,WP,Wiola,AK,0.00586515225826478,WP,WP,WP,0.004439
2026_06,Polsat Seriale,Wiola,AK,0.003760391335567257,Polsat Seriale,Polsat Seriale,Polsat Seriale [Polsat Romans],0.004256
2026_06,Polsat Cafe,Wiola,AK,0.002295570053204966,Polsat Cafe,Polsat Cafe,Polsat Cafe,0.002773
2026_06,NBCU 13 Ulica,Wiola,AK,0.0018260000000000001,NBCU 13 Ulica,13 Ulica,13 Ulica [13th Street Universal],0.001159
2026_06,4FUN.TV,Wiola,AK,0.002149,4FUN.TV,4FUN.TV,4FUN.TV [4fun.tv],0.002005
2026_06,Stars.tv,Wiola,AK,0.002673036233944382,Stars.tv,Stars.tv,Stars.tv,0.001894
2026_06,BBC Earth,Piotr,AK,0.00124474358974359,BBC Earth,BBC Earth,BBC Earth [BBC Knowledge],0.001147
2026_06,AXN White,Piotr,AK,0.00046,AXN White,AXN White,AXN White [AXN Crime],0.000952
2026_06,History2,Agata,AK,0.002149638695884554,History2,History2 [H2],HISTORY2 [H2],0.001714
2026_06,Polsat Doku,Dariusz,AK,0.0008832520847342875,Polsat Doku,Polsat Doku,Polsat Doku,0.00097
2026_06,Polsat Sport 2,Adam,AK,0.00178238195664909,Polsat Sport 2,Polsat Sport 2,Polsat Sport 2 [Polsat Sport Extra],0.001175
2026_06,Polsat JimJam,Dariusz,AK,0.0004656786079836234,Polsat JimJam,Polsat JimJam,Polsat JimJam [JimJam],0.000969
2026_06,Epic Drama,Łukasz,AK,0.000497671052631579,Epic Drama,Viasat Epic Drama,Viasat Epic Drama [Epic Drama],0.00055
2026_06,NBCU SciFi Universal,Łukasz,AK,0.0004989534246575343,NBCU SciFi Universal,Scifi Universal,Scifi Universal,0.00069
2026_06,4FUN KIDS,Wiola,AK,0.0005639999999999999,4FUN KIDS,4FUN KIDS,4FUN KIDS [4FUN GOLD],0.000539
2026_06,Polsat News 2,Dariusz,AK,0.0007764264237355637,Polsat News 2,Polsat News 2,Polsat News 2 [Polsat Biznes],0.000728
2026_06,BBC CBeebies,Dariusz,AK,0.001055,BBC CBeebies,BBC CBeebies,BBC CBeebies,0.001057
2026_06,AXN Black,Piotr,AK,0.001134,AXN Black,AXN Black,AXN Black [AXN Sci-Fi],0.001617
2026_06,Polsat Rodzina,Piotr,AK,0.0007478929256093518,Polsat Rodzina,Polsat Rodzina,Polsat Rodzina,0.001067
2026_06,SPI Kino Polska Muzyka,Agata,AK,0.000452429416564667,SPI Kino Polska Muzyka,Kino Polska Muzyka,Kino Polska Muzyka,0.000308
2026_06,Polsat Viasat Nature,Łukasz,AK,0.000376923076923077,Polsat Viasat Nature,Polsat Viasat Nature,Polsat Viasat Nature [Viasat Nature],0.00037
2026_06,TELE5,Adam,AK,0.0008081666666666667,TELE5,Tele5,Tele5,0.000924
2026_06,BBC Brit,Piotr,AK,0.000665,BBC Brit,BBC Brit,BBC Brit [BBC Entertainment],0.000753
2026_06,Eska TV Extra,Adam,AK,0.0003558817580549378,Eska TV Extra,Eska Extra [Eska TV],Eska TV Extra [Eska TV],0.000427
2026_06,BBC Lifestyle,Piotr,AK,0.00031620670995670993,BBC Lifestyle,BBC Lifestyle,BBC Lifestyle,0.000524
2026_06,4FUN DANCE,Wiola,AK,0.00048300000000000003,4FUN DANCE,4FUN DANCE,4FUN DANCE [4FUN FIT&DANCE],0.000738
2026_06,Polsat Music,Piotr,AK,0.00038116781609195407,Polsat Music,Polsat Music HD,Polsat Music HD [Muzo.tv],0.000485
2026_06,Polsat Games,Łukasz,AK,0.00021252726392251815,Polsat Games,Polsat Games,Polsat Games,0.000293
2026_06,Polsat Sport 3,Rafał,AK,0.000705312137907243,Polsat Sport 3,Polsat Sport 3,Polsat Sport 3 [Polsat Sport News HD],0.000787
2026_06,Extreme Sports,Łukasz,AK,1.3500000000000001e-05,Extreme Sports,Extreme Sports,Extreme Sports,2.8e-05
2026_06,Vox Music TV,Adam,AK,0.0003373333333333333,Vox Music TV,Vox Music TV,Vox Music TV,0.000334
2026_06,AXN Spin,Piotr,AK,0.000124,AXN Spin,AXN Spin,AXN Spin,0.000141
2026_06,Eska Rock TV,Adam,AK,0.00019302906976744188,Eska Rock TV,Eska Rock TV,Eska Rock TV [HIP HOP TV],0.000182
2026_06,Eleven Sports 2,Łukasz,AK,6.793166287015945e-05,Eleven Sports 2,Eleven Sports 2,Eleven Sports 2 [Eleven Sports],3.8e-05
2026_06,NBCU E Entertainment,Wiola,AK,6.29e-05,NBCU E Entertainment,E!Entertainment,E!Entertainment [E!],8.1e-05
2026_06,POLONIA1,Adam,AK,0.00025812274368231046,POLONIA1,Polonia 1,Polonia1,0.000392
2026_06,Sundance TV,Agata,AK,0.00010361676646706586,Sundance TV,Sundance Channel,Sundance Channel,0.000222
2026_06,Novela TV,Dariusz,AK,6.885304054054053e-05,Novela TV,Novela TV,Novela TV,8.2e-05
2026_06,SPI Gametoon,Agata,AK,1.0404411764705883e-05,SPI Gametoon,Gametoon,Gametoon,2.4e-05
2026_06,Golf Zone,Agata,AK,4.266666666666667e-05,Golf Zone,Golf Zone,Golf Zone [Golf Channel Polska],5e-05
2026_06,Water Planet,Adam,AK,3.38965517241379e-05,Water Planet,Water Planet,Water Planet [CSB TV],5.3e-05
2026_06,Polsat Film 2,Łukasz,AK,0.000343,Polsat Film 2,Polsat Film 2,Polsat Film 2,0.000523
2026_06,Polsat Reality,Rafał,AK,0.0004712,Polsat Reality,Polsat Reality,Polsat Reality,0.000415
2026_06,Polsat X,Rafał,AK,0.000315,Polsat X,Polsat X,Polsat X,0.001056
2026_06,DaVinci,Dariusz,AK,0.0001161237113402062,DaVinci,Da Vinci,Da Vinci [Da Vinci Learning],4.6e-05
2026_06,TVT,Adam,AK,2.3999999999999997e-05,TVT,TVT,TVT,0.000118
2026_06,FILMBOX Premium,Łukasz,AK,0.00016903934169876805,FILMBOX Premium,FILMBOX+ Hits,FILMBOX+ Hits [FILMBOX Premium],0.00022
2026_06,Ale Kino+,Agata,AK,0.001161,Ale Kino+,Ale Kino+,Ale Kino+ [Ale Kino],0.001071
2026_06,Canal+ Domo,Wiola,AK,0.000980334471803018,Canal+ Domo,CANAL+ DOMO,CANAL+ DOMO [Domo+],0.001032
2026_06,Planete+,Dariusz,AK,0.0010670483061480554,Planete+,Planete+,Planete+ [Planete],0.001353
2026_06,MiniMini+,Dariusz,AK,0.0015335338101430402,MiniMini+,MiniMini+,MiniMini+ [MiniMini],0.00164
2026_06,teleTOON+,Dariusz,AK,0.00028434342442589867,teleTOON+,teleTOON+,teleTOON+ [ZigZap/Hyper],0.000278
2026_06,Novelas+,Agata,AK,0.00149078095238095,Novelas+,Novelas,Novelas,0.002151
2026_06,CANAL+ KUCHNIA,Wiola,AK,0.0012324348128608814,CANAL+ KUCHNIA,CANAL+ KUCHNIA,CANAL+ KUCHNIA [kuchnia+],0.001093
2026_06,Canal+ 360,Rafał,AK,0.0007184648147990573,Canal+ 360,CANAL+ 360,Canal+ 360 [Canal+ Family],0.000822
2026_06,Canal+ Sport,Łukasz,AK,0.00093428734974242,Canal+ Sport,Canal+ Sport,CANAL+ SPORT [Canal+ Niebieski],0.000906
2026_06,Canal+ Sport2,Adam,AK,0.000766663252685376,Canal+ Sport2,Canal+ Sport2,CANAL+ SPORT2,0.000213
2026_06,Canal+ Sport3,Adam,AK,4.066652960526316e-05,Canal+ Sport3,CANAL+ SPORT3,CANAL+ SPORT3,5.5e-05
2026_06,Canal+ Sport4,Rafał,AK,6.992125984251969e-05,Canal+ Sport4,CANAL+ SPORT4,CANAL+ SPORT4,5.3e-05
2026_06,Canal+ Sport5,Rafał,AK,0.0019621050156739812,Canal+ Sport5,Canal+ SPORT5,CANAL+ SPORT5 [nSport+],0.001541
2026_06,CANAL+ Extra1,Łukasz,AK,0.000116421428571429,CANAL+ Extra1,CANAL+ Extra 1,CANAL+ EXTRA 1,2.6e-05
2026_06,CANAL+ Extra2,Łukasz,AK,4.4000000000000006e-05,CANAL+ Extra2,CANAL+ Extra 2,CANAL+ EXTRA 2,
2026_06,Viasat True Crime,Rafał,AK,0.0004872470588235294,Viasat True Crime,Viasat True Crime,Viasat True Crime,0.000328
2026_06,Novelas+1,Agata,AK,0.0007038667215138,Novelas+1,Novelas+1,Novelas+1 [DIZI],0.000173
2026_06,Kabaret TV,Rafał,AK,0.00195449350649351,Kabaret TV,Kabaret TV,Kabaret TV,0.001631
2026_06,Polsat News Polityka,Dariusz,AK,0.0005932189852929812,Polsat News Polityka,Polsat News Polityka,Polsat News Polityka,0.000478
2026_06,Kanał Zero TV,Wiola,AK,0.0008045,Kanał Zero TV,ZERO,ZERO,0.001481
2026_06,CANAL+ Seriale,Wiola,AK,0.000165,CANAL+ Seriale,Canal+ Seriale,Canal+ Seriale [Canal+ Film 2],0.000149
2026_06,CANAL+ Dokument,Wiola,AK,0.00021799999999999999,CANAL+ Dokument,Canal+ Dokument,Canal+ Dokument [Canal+ Discovery],0.000203
2026_06,DocuBox,Dariusz,AK,8.4e-05,DocuBox,DocuBox,DocuBox,5.2e-05
2026_06,FILMBOX Action,Rafał,AK,0.0002743,FILMBOX Action,FILMBOX+ Action,FILMBOX+ Action [FILMBOX Action],0.000485
2026_06,FILMBOX Extra,Rafał,AK,0.0001435,FILMBOX Extra,FILMBOX+ Emotion,FILMBOX+ Emotion [FILMBOX Extra],0.000284
2026_06,FILMBOX Family,Rafał,AK,0.0001371,FILMBOX Family,FILMBOX+ Comedy,FILMBOX+ Comedy [FILMBOX Family],0.000351
2026_06,TVN,,AK,0.07771499999999999,TVN,TVN,TVN,0.0754
2026_06,TVP1,,AK,0.06452200000000001,TVP1,TVP1,TVP1,0.067311
2026_06,TVP2,,AK,0.044699,TVP2,TVP2,TVP2,0.044827
2026_06,Polsat,Maciej,RD,0.0726,Polsat,Polsat,Polsat,0.065614
2026_06,Fokus TV,Adam,RD,0.008199999999999999,Fokus TV,Fokus TV,Fokus TV,0.008547
2026_06,Nowa TV,Adam,RD,0.0036,Nowa TV,Nowa TV,Nowa TV,0.003253
2026_06,Eleven Sports 1,Adam,RD,0.00104,Eleven Sports 1,Eleven Sports 1,Eleven Sports 1 [Eleven],0.001889
2026_06,Disco Polo Music,Adam,RD,0.000504,Disco Polo Music,Disco Polo Music,Disco Polo Music,0.000801
2026_06,Puls 2,Agata,RD,0.0166,Puls 2,Puls 2,Puls 2,0.014073
2026_06,Zoom TV,Agata,RD,0.0043,Zoom TV,ZOOM,ZOOM [Zoom TV],0.003246
2026_06,SPI Kino Polska,Agata,RD,0.002652806132665741,SPI Kino Polska,Kino Polska,Kino Polska,0.003078
2026_06,History,Agata,RD,0.0037,History,History,HISTORY,0.003574
2026_06,CI Polsat,Agata,RD,0.001061,CI Polsat,CI Polsat,CI Polsat [Polsat Crime & Investigation Network],0.000928
2026_06,Polsat News,Dariusz,RD,0.0109,Polsat News,Polsat News,Polsat News,0.01037
2026_06,Stopklatka,Dariusz,RD,0.011000000000000001,Stopklatka,Stopklatka,Stopklatka,0.010383
2026_06,Wydarzenia24,Dariusz,RD,0.0108,Wydarzenia24,Wydarzenia24,Wydarzenia 24 [Superstacja],0.010748
2026_06,Puls,Łukasz,RD,0.0345,Puls,TV PULS,TV PULS [PULS],0.037032
2026_06,Polsat 2,Łukasz,RD,0.0075,Polsat 2,Polsat2,Polsat2,0.006985
2026_06,Polsat Film,Łukasz,RD,0.0054,Polsat Film,Polsat Film,Polsat Film,0.005334
2026_06,Polsat Sport 1,Łukasz,RD,0.005699999999999999,Polsat Sport 1,Polsat Sport 1,Polsat Sport 1 [Polsat Sport],0.006966
2026_06,Polsat Viasat History,Łukasz,RD,0.001238,Polsat Viasat History,Polsat Viasat History,Polsat Viasat History [Viasat History],0.000994
2026_06,Polsat Viasat Explore,Łukasz,RD,0.000867,Polsat Viasat Explore,Polsat Viasat Explore,Polsat Viasat Explore [Polsat Viasat Explorer],0.001033
2026_06,Szóstka,Piotr,RD,0.0179,Szóstka,TV6,TV6,0.016383
2026_06,Super Polsat,Piotr,RD,0.01211532112713143,Super Polsat,Super Polsat,Super Polsat [Polsat Sport News],0.011813
2026_06,WPOLSCE24,Piotr,RD,0.00795,WPOLSCE24,wPolsce24,wPolsce24 [Telewizja WPOLSCE.PL],0.007908
2026_06,AXN,Piotr,RD,0.0033007382138946395,AXN,AXN,AXN,0.002793
2026_06,BBC First,Piotr,RD,0.00338,BBC First,BBC First,BBC First [BBC HD],0.001545
2026_06,Polsat Play,Rafał,RD,0.0034999999999999996,Polsat Play,Polsat Play,Polsat Play,0.003203
2026_06,Polo TV,Rafał,RD,0.0029,Polo TV,Polo TV,Polo TV,0.003777
2026_06,SPI Kino TV,Rafał,RD,0.00214,SPI Kino TV,FILMBOX+ One,FILMBOX+ One [Kino TV],0.002016
2026_06,Eska TV,Rafał,RD,0.00363,Eska TV,Eska TV [8TV],Eska TV [8TV],0.005053
2026_06,AMC,Rafał,RD,0.0022,AMC,AMC,AMC [MGM],0.001735
2026_06,Czwórka,Rafał,RD,0.028999999999999998,Czwórka,TV4 pl,TV4,0.028109
2026_06,TV Republika,Wiola,RD,0.0317,TV Republika,Republika,Republika [TV Republika],0.031158
2026_06,WP,Wiola,RD,0.00485,WP,WP,WP,0.004439
2026_06,Polsat Seriale,Wiola,RD,0.003984808475357104,Polsat Seriale,Polsat Seriale,Polsat Seriale [Polsat Romans],0.004256
2026_06,Polsat Cafe,Wiola,RD,0.002510009573129048,Polsat Cafe,Polsat Cafe,Polsat Cafe,0.002773
2026_06,NBCU 13 Ulica,Wiola,RD,0.0015459999999999998,NBCU 13 Ulica,13 Ulica,13 Ulica [13th Street Universal],0.001159
2026_06,4FUN.TV,Wiola,RD,0.001904,4FUN.TV,4FUN.TV,4FUN.TV [4fun.tv],0.002005
2026_06,Stars.tv,Wiola,RD,0.002637531883625535,Stars.tv,Stars.tv,Stars.tv,0.001894
2026_06,BBC Earth,Piotr,RD,0.001522,BBC Earth,BBC Earth,BBC Earth [BBC Knowledge],0.001147
2026_06,AXN White,Piotr,RD,0.000598,AXN White,AXN White,AXN White [AXN Crime],0.000952
2026_06,History2,Agata,RD,0.002098,History2,History2 [H2],HISTORY2 [H2],0.001714
2026_06,Polsat Doku,Dariusz,RD,0.000886,Polsat Doku,Polsat Doku,Polsat Doku,0.00097
2026_06,Polsat Sport 2,Adam,RD,0.00117,Polsat Sport 2,Polsat Sport 2,Polsat Sport 2 [Polsat Sport Extra],0.001175
2026_06,Polsat JimJam,Dariusz,RD,0.000722,Polsat JimJam,Polsat JimJam,Polsat JimJam [JimJam],0.000969
2026_06,Epic Drama,Łukasz,RD,0.0006469999999999999,Epic Drama,Viasat Epic Drama,Viasat Epic Drama [Epic Drama],0.00055
2026_06,NBCU SciFi Universal,Łukasz,RD,0.0006569999999999999,NBCU SciFi Universal,Scifi Universal,Scifi Universal,0.00069
2026_06,4FUN KIDS,Wiola,RD,0.000415,4FUN KIDS,4FUN KIDS,4FUN KIDS [4FUN GOLD],0.000539
2026_06,Polsat News 2,Dariusz,RD,0.00074,Polsat News 2,Polsat News 2,Polsat News 2 [Polsat Biznes],0.000728
2026_06,BBC CBeebies,Dariusz,RD,0.0006990000000000001,BBC CBeebies,BBC CBeebies,BBC CBeebies,0.001057
2026_06,AXN Black,Piotr,RD,0.001249,AXN Black,AXN Black,AXN Black [AXN Sci-Fi],0.001617
2026_06,Polsat Rodzina,Piotr,RD,0.000998,Polsat Rodzina,Polsat Rodzina,Polsat Rodzina,0.001067
2026_06,SPI Kino Polska Muzyka,Agata,RD,0.000306,SPI Kino Polska Muzyka,Kino Polska Muzyka,Kino Polska Muzyka,0.000308
2026_06,Polsat Viasat Nature,Łukasz,RD,0.00035299999999999996,Polsat Viasat Nature,Polsat Viasat Nature,Polsat Viasat Nature [Viasat Nature],0.00037
2026_06,TELE5,Adam,RD,0.000697,TELE5,Tele5,Tele5,0.000924
2026_06,BBC Brit,Piotr,RD,0.0008010000000000001,BBC Brit,BBC Brit,BBC Brit [BBC Entertainment],0.000753
2026_06,Eska TV Extra,Adam,RD,0.000366,Eska TV Extra,Eska Extra [Eska TV],Eska TV Extra [Eska TV],0.000427
2026_06,BBC Lifestyle,Piotr,RD,0.000443,BBC Lifestyle,BBC Lifestyle,BBC Lifestyle,0.000524
2026_06,4FUN DANCE,Wiola,RD,0.000479,4FUN DANCE,4FUN DANCE,4FUN DANCE [4FUN FIT&DANCE],0.000738
2026_06,Polsat Music,Piotr,RD,0.00032399999999999996,Polsat Music,Polsat Music HD,Polsat Music HD [Muzo.tv],0.000485
2026_06,Polsat Games,Łukasz,RD,0.000196,Polsat Games,Polsat Games,Polsat Games,0.000293
2026_06,Polsat Sport 3,Rafał,RD,0.00047,Polsat Sport 3,Polsat Sport 3,Polsat Sport 3 [Polsat Sport News HD],0.000787
2026_06,Extreme Sports,Łukasz,RD,2.6e-05,Extreme Sports,Extreme Sports,Extreme Sports,2.8e-05
2026_06,Vox Music TV,Adam,RD,0.00025100000000000003,Vox Music TV,Vox Music TV,Vox Music TV,0.000334
2026_06,AXN Spin,Piotr,RD,0.00010899999999999999,AXN Spin,AXN Spin,AXN Spin,0.000141
2026_06,Eska Rock TV,Adam,RD,0.000276,Eska Rock TV,Eska Rock TV,Eska Rock TV [HIP HOP TV],0.000182
2026_06,Eleven Sports 2,Łukasz,RD,0.00012468333333333335,Eleven Sports 2,Eleven Sports 2,Eleven Sports 2 [Eleven Sports],3.8e-05
2026_06,NBCU E Entertainment,Wiola,RD,6.3e-05,NBCU E Entertainment,E!Entertainment,E!Entertainment [E!],8.1e-05
2026_06,POLONIA1,Adam,RD,0.00025100000000000003,POLONIA1,Polonia 1,Polonia1,0.000392
2026_06,Sundance TV,Agata,RD,0.000168,Sundance TV,Sundance Channel,Sundance Channel,0.000222
2026_06,Novela TV,Dariusz,RD,5.4999999999999995e-05,Novela TV,Novela TV,Novela TV,8.2e-05
2026_06,SPI Gametoon,Agata,RD,1.6e-05,SPI Gametoon,Gametoon,Gametoon,2.4e-05
2026_06,Golf Zone,Agata,RD,6e-05,Golf Zone,Golf Zone,Golf Zone [Golf Channel Polska],5e-05
2026_06,Water Planet,Adam,RD,4.4999999999999996e-05,Water Planet,Water Planet,Water Planet [CSB TV],5.3e-05
2026_06,Polsat Film 2,Łukasz,RD,0.000428,Polsat Film 2,Polsat Film 2,Polsat Film 2,0.000523
2026_06,Polsat Reality,Rafał,RD,0.000419,Polsat Reality,Polsat Reality,Polsat Reality,0.000415
2026_06,Polsat X,Rafał,RD,0.000349,Polsat X,Polsat X,Polsat X,0.001056
2026_06,DaVinci,Dariusz,RD,0.00014099999999999998,DaVinci,Da Vinci,Da Vinci [Da Vinci Learning],4.6e-05
2026_06,TVT,Adam,RD,2.2000000000000003e-05,TVT,TVT,TVT,0.000118
2026_06,FILMBOX Premium,Łukasz,RD,0.000258,FILMBOX Premium,FILMBOX+ Hits,FILMBOX+ Hits [FILMBOX Premium],0.00022
2026_06,Ale Kino+,Agata,RD,0.001119,Ale Kino+,Ale Kino+,Ale Kino+ [Ale Kino],0.001071
2026_06,Canal+ Domo,Wiola,RD,0.000999,Canal+ Domo,CANAL+ DOMO,CANAL+ DOMO [Domo+],0.001032
2026_06,Planete+,Dariusz,RD,0.0014039999999999999,Planete+,Planete+,Planete+ [Planete],0.001353
2026_06,MiniMini+,Dariusz,RD,0.001544,MiniMini+,MiniMini+,MiniMini+ [MiniMini],0.00164
2026_06,teleTOON+,Dariusz,RD,0.000249,teleTOON+,teleTOON+,teleTOON+ [ZigZap/Hyper],0.000278
2026_06,Novelas+,Agata,RD,0.0016,Novelas+,Novelas,Novelas,0.002151
2026_06,CANAL+ KUCHNIA,Wiola,RD,0.000984,CANAL+ KUCHNIA,CANAL+ KUCHNIA,CANAL+ KUCHNIA [kuchnia+],0.001093
2026_06,Canal+ 360,Rafał,RD,0.00084,Canal+ 360,CANAL+ 360,Canal+ 360 [Canal+ Family],0.000822
2026_06,Canal+ Sport,Łukasz,RD,0.0007147333333333332,Canal+ Sport,Canal+ Sport,CANAL+ SPORT [Canal+ Niebieski],0.000906
2026_06,Canal+ Sport2,Adam,RD,0.0008692015365763284,Canal+ Sport2,Canal+ Sport2,CANAL+ SPORT2,0.000213
2026_06,Canal+ Sport3,Adam,RD,3.396666666666666e-05,Canal+ Sport3,CANAL+ SPORT3,CANAL+ SPORT3,5.5e-05
2026_06,Canal+ Sport4,Rafał,RD,4.0666666666666675e-05,Canal+ Sport4,CANAL+ SPORT4,CANAL+ SPORT4,5.3e-05
2026_06,Canal+ Sport5,Rafał,RD,0.0016,Canal+ Sport5,Canal+ SPORT5,CANAL+ SPORT5 [nSport+],0.001541
2026_06,CANAL+ Extra1,Łukasz,RD,9.259999999999999e-05,CANAL+ Extra1,CANAL+ Extra 1,CANAL+ EXTRA 1,2.6e-05
2026_06,CANAL+ Extra2,Łukasz,RD,3.796774193548385e-05,CANAL+ Extra2,CANAL+ Extra 2,CANAL+ EXTRA 2,
2026_06,Viasat True Crime,Rafał,RD,0.000241,Viasat True Crime,Viasat True Crime,Viasat True Crime,0.000328
2026_06,Novelas+1,Agata,RD,0.00010899999999999999,Novelas+1,Novelas+1,Novelas+1 [DIZI],0.000173
2026_06,Kabaret TV,Rafał,RD,0.0017230000000000001,Kabaret TV,Kabaret TV,Kabaret TV,0.001631
2026_06,Polsat News Polityka,Dariusz,RD,0.0006270000000000001,Polsat News Polityka,Polsat News Polityka,Polsat News Polityka,0.000478
2026_06,Kanał Zero TV,Wiola,RD,0.0005,Kanał Zero TV,ZERO,ZERO,0.001481
2026_06,CANAL+ Seriale,Wiola,RD,1.81e-06,CANAL+ Seriale,Canal+ Seriale,Canal+ Seriale [Canal+ Film 2],0.000149
2026_06,CANAL+ Dokument,Wiola,RD,2.11e-06,CANAL+ Dokument,Canal+ Dokument,Canal+ Dokument [Canal+ Discovery],0.000203
2026_06,DocuBox,Dariusz,RD,6e-05,DocuBox,DocuBox,DocuBox,5.2e-05
2026_06,FILMBOX Action,Rafał,RD,0.000281,FILMBOX Action,FILMBOX+ Action,FILMBOX+ Action [FILMBOX Action],0.000485
2026_06,FILMBOX Extra,Rafał,RD,0.000154,FILMBOX Extra,FILMBOX+ Emotion,FILMBOX+ Emotion [FILMBOX Extra],0.000284
2026_06,FILMBOX Family,Rafał,RD,0.000125,FILMBOX Family,FILMBOX+ Comedy,FILMBOX+ Comedy [FILMBOX Family],0.000351
2026_06,TVN,,RD,0.0791609777287243,TVN,TVN,TVN,0.0754
2026_06,TVP1,,RD,0.04510789004312376,TVP1,TVP1,TVP1,0.067311
2026_06,TVP2,,RD,0.0437110545920797,TVP2,TVP2,TVP2,0.044827
2026_06,Polsat,Maciej,PW,0.071,Polsat,Polsat,Polsat,0.065614
2026_06,Fokus TV,Adam,PW,0.0085,Fokus TV,Fokus TV,Fokus TV,0.008547
2026_06,Nowa TV,Adam,PW,0.0036,Nowa TV,Nowa TV,Nowa TV,0.003253
2026_06,Eleven Sports 1,Adam,PW,0.0015,Eleven Sports 1,Eleven Sports 1,Eleven Sports 1 [Eleven],0.001889
2026_06,Disco Polo Music,Adam,PW,0.0006,Disco Polo Music,Disco Polo Music,Disco Polo Music,0.000801
2026_06,Puls 2,Agata,PW,0.0179,Puls 2,Puls 2,Puls 2,0.014073
2026_06,Zoom TV,Agata,PW,0.0049,Zoom TV,ZOOM,ZOOM [Zoom TV],0.003246
2026_06,SPI Kino Polska,Agata,PW,0.0026,SPI Kino Polska,Kino Polska,Kino Polska,0.003078
2026_06,History,Agata,PW,0.0036,History,History,HISTORY,0.003574
2026_06,CI Polsat,Agata,PW,0.0011,CI Polsat,CI Polsat,CI Polsat [Polsat Crime & Investigation Network],0.000928
2026_06,Polsat News,Dariusz,PW,0.0114,Polsat News,Polsat News,Polsat News,0.01037
2026_06,Stopklatka,Dariusz,PW,0.0114,Stopklatka,Stopklatka,Stopklatka,0.010383
2026_06,Wydarzenia24,Dariusz,PW,0.0111,Wydarzenia24,Wydarzenia24,Wydarzenia 24 [Superstacja],0.010748
2026_06,Puls,Łukasz,PW,0.035,Puls,TV PULS,TV PULS [PULS],0.037032
2026_06,Polsat 2,Łukasz,PW,0.0068,Polsat 2,Polsat2,Polsat2,0.006985
2026_06,Polsat Film,Łukasz,PW,0.0051,Polsat Film,Polsat Film,Polsat Film,0.005334
2026_06,Polsat Sport 1,Łukasz,PW,0.0045,Polsat Sport 1,Polsat Sport 1,Polsat Sport 1 [Polsat Sport],0.006966
2026_06,Polsat Viasat History,Łukasz,PW,0.0014,Polsat Viasat History,Polsat Viasat History,Polsat Viasat History [Viasat History],0.000994
2026_06,Polsat Viasat Explore,Łukasz,PW,0.0009,Polsat Viasat Explore,Polsat Viasat Explore,Polsat Viasat Explore [Polsat Viasat Explorer],0.001033
2026_06,Szóstka,Piotr,PW,0.0174,Szóstka,TV6,TV6,0.016383
2026_06,Super Polsat,Piotr,PW,0.0108,Super Polsat,Super Polsat,Super Polsat [Polsat Sport News],0.011813
2026_06,WPOLSCE24,Piotr,PW,0.0083,WPOLSCE24,wPolsce24,wPolsce24 [Telewizja WPOLSCE.PL],0.007908
2026_06,AXN,Piotr,PW,0.0028,AXN,AXN,AXN,0.002793
2026_06,BBC First,Piotr,PW,0.003,BBC First,BBC First,BBC First [BBC HD],0.001545
2026_06,Polsat Play,Rafał,PW,0.0037,Polsat Play,Polsat Play,Polsat Play,0.003203
2026_06,Polo TV,Rafał,PW,0.0035,Polo TV,Polo TV,Polo TV,0.003777
2026_06,SPI Kino TV,Rafał,PW,0.0022,SPI Kino TV,FILMBOX+ One,FILMBOX+ One [Kino TV],0.002016
2026_06,Eska TV,Rafał,PW,0.0038,Eska TV,Eska TV [8TV],Eska TV [8TV],0.005053
2026_06,AMC,Rafał,PW,0.0021,AMC,AMC,AMC [MGM],0.001735
2026_06,Czwórka,Rafał,PW,0.0295,Czwórka,TV4 pl,TV4,0.028109
2026_06,TV Republika,Wiola,PW,0.033,TV Republika,Republika,Republika [TV Republika],0.031158
2026_06,WP,Wiola,PW,0.0051,WP,WP,WP,0.004439
2026_06,Polsat Seriale,Wiola,PW,0.0038,Polsat Seriale,Polsat Seriale,Polsat Seriale [Polsat Romans],0.004256
2026_06,Polsat Cafe,Wiola,PW,0.0022,Polsat Cafe,Polsat Cafe,Polsat Cafe,0.002773
2026_06,NBCU 13 Ulica,Wiola,PW,0.0019,NBCU 13 Ulica,13 Ulica,13 Ulica [13th Street Universal],0.001159
2026_06,4FUN.TV,Wiola,PW,0.002,4FUN.TV,4FUN.TV,4FUN.TV [4fun.tv],0.002005
2026_06,Stars.tv,Wiola,PW,0.0025,Stars.tv,Stars.tv,Stars.tv,0.001894
2026_06,BBC Earth,Piotr,PW,0.0014,BBC Earth,BBC Earth,BBC Earth [BBC Knowledge],0.001147
2026_06,AXN White,Piotr,PW,0.0005,AXN White,AXN White,AXN White [AXN Crime],0.000952
2026_06,History2,Agata,PW,0.0021,History2,History2 [H2],HISTORY2 [H2],0.001714
2026_06,Polsat Doku,Dariusz,PW,0.0012,Polsat Doku,Polsat Doku,Polsat Doku,0.00097
2026_06,Polsat Sport 2,Adam,PW,0.0011,Polsat Sport 2,Polsat Sport 2,Polsat Sport 2 [Polsat Sport Extra],0.001175
2026_06,Polsat JimJam,Dariusz,PW,0.0006,Polsat JimJam,Polsat JimJam,Polsat JimJam [JimJam],0.000969
2026_06,Epic Drama,Łukasz,PW,0.0006,Epic Drama,Viasat Epic Drama,Viasat Epic Drama [Epic Drama],0.00055
2026_06,NBCU SciFi Universal,Łukasz,PW,0.0008,NBCU SciFi Universal,Scifi Universal,Scifi Universal,0.00069
2026_06,4FUN KIDS,Wiola,PW,0.0004,4FUN KIDS,4FUN KIDS,4FUN KIDS [4FUN GOLD],0.000539
2026_06,Polsat News 2,Dariusz,PW,0.0006,Polsat News 2,Polsat News 2,Polsat News 2 [Polsat Biznes],0.000728
2026_06,BBC CBeebies,Dariusz,PW,0.0012,BBC CBeebies,BBC CBeebies,BBC CBeebies,0.001057
2026_06,AXN Black,Piotr,PW,0.0015,AXN Black,AXN Black,AXN Black [AXN Sci-Fi],0.001617
2026_06,Polsat Rodzina,Piotr,PW,0.0007,Polsat Rodzina,Polsat Rodzina,Polsat Rodzina,0.001067
2026_06,SPI Kino Polska Muzyka,Agata,PW,0.0004,SPI Kino Polska Muzyka,Kino Polska Muzyka,Kino Polska Muzyka,0.000308
2026_06,Polsat Viasat Nature,Łukasz,PW,0.0004,Polsat Viasat Nature,Polsat Viasat Nature,Polsat Viasat Nature [Viasat Nature],0.00037
2026_06,TELE5,Adam,PW,0.0007,TELE5,Tele5,Tele5,0.000924
2026_06,BBC Brit,Piotr,PW,0.0006,BBC Brit,BBC Brit,BBC Brit [BBC Entertainment],0.000753
2026_06,Eska TV Extra,Adam,PW,0.0003,Eska TV Extra,Eska Extra [Eska TV],Eska TV Extra [Eska TV],0.000427
2026_06,BBC Lifestyle,Piotr,PW,0.0005,BBC Lifestyle,BBC Lifestyle,BBC Lifestyle,0.000524
2026_06,4FUN DANCE,Wiola,PW,0.0005,4FUN DANCE,4FUN DANCE,4FUN DANCE [4FUN FIT&DANCE],0.000738
2026_06,Polsat Music,Piotr,PW,0.0003,Polsat Music,Polsat Music HD,Polsat Music HD [Muzo.tv],0.000485
2026_06,Polsat Games,Łukasz,PW,0.0004,Polsat Games,Polsat Games,Polsat Games,0.000293
2026_06,Polsat Sport 3,Rafał,PW,0.0005,Polsat Sport 3,Polsat Sport 3,Polsat Sport 3 [Polsat Sport News HD],0.000787
2026_06,Extreme Sports,Łukasz,PW,4e-05,Extreme Sports,Extreme Sports,Extreme Sports,2.8e-05
2026_06,Vox Music TV,Adam,PW,0.0003,Vox Music TV,Vox Music TV,Vox Music TV,0.000334
2026_06,AXN Spin,Piotr,PW,0.0001,AXN Spin,AXN Spin,AXN Spin,0.000141
2026_06,Eska Rock TV,Adam,PW,0.0002,Eska Rock TV,Eska Rock TV,Eska Rock TV [HIP HOP TV],0.000182
2026_06,Eleven Sports 2,Łukasz,PW,0.0002,Eleven Sports 2,Eleven Sports 2,Eleven Sports 2 [Eleven Sports],3.8e-05
2026_06,NBCU E Entertainment,Wiola,PW,0.0001,NBCU E Entertainment,E!Entertainment,E!Entertainment [E!],8.1e-05
2026_06,POLONIA1,Adam,PW,0.0002,POLONIA1,Polonia 1,Polonia1,0.000392
2026_06,Sundance TV,Agata,PW,0.0001,Sundance TV,Sundance Channel,Sundance Channel,0.000222
2026_06,Novela TV,Dariusz,PW,0.0001,Novela TV,Novela TV,Novela TV,8.2e-05
2026_06,SPI Gametoon,Agata,PW,4e-05,SPI Gametoon,Gametoon,Gametoon,2.4e-05
2026_06,Golf Zone,Agata,PW,4e-05,Golf Zone,Golf Zone,Golf Zone [Golf Channel Polska],5e-05
2026_06,Water Planet,Adam,PW,4e-05,Water Planet,Water Planet,Water Planet [CSB TV],5.3e-05
2026_06,Polsat Film 2,Łukasz,PW,0.0003,Polsat Film 2,Polsat Film 2,Polsat Film 2,0.000523
2026_06,Polsat Reality,Rafał,PW,0.0005,Polsat Reality,Polsat Reality,Polsat Reality,0.000415
2026_06,Polsat X,Rafał,PW,0.0004,Polsat X,Polsat X,Polsat X,0.001056
2026_06,DaVinci,Dariusz,PW,0.0001,DaVinci,Da Vinci,Da Vinci [Da Vinci Learning],4.6e-05
2026_06,TVT,Adam,PW,4e-05,TVT,TVT,TVT,0.000118
2026_06,FILMBOX Premium,Łukasz,PW,0.0003,FILMBOX Premium,FILMBOX+ Hits,FILMBOX+ Hits [FILMBOX Premium],0.00022
2026_06,Ale Kino+,Agata,PW,0.0012,Ale Kino+,Ale Kino+,Ale Kino+ [Ale Kino],0.001071
2026_06,Canal+ Domo,Wiola,PW,0.001,Canal+ Domo,CANAL+ DOMO,CANAL+ DOMO [Domo+],0.001032
2026_06,Planete+,Dariusz,PW,0.0012,Planete+,Planete+,Planete+ [Planete],0.001353
2026_06,MiniMini+,Dariusz,PW,0.0015,MiniMini+,MiniMini+,MiniMini+ [MiniMini],0.00164
2026_06,teleTOON+,Dariusz,PW,0.0004,teleTOON+,teleTOON+,teleTOON+ [ZigZap/Hyper],0.000278
2026_06,Novelas+,Agata,PW,0.0016,Novelas+,Novelas,Novelas,0.002151
2026_06,CANAL+ KUCHNIA,Wiola,PW,0.001,CANAL+ KUCHNIA,CANAL+ KUCHNIA,CANAL+ KUCHNIA [kuchnia+],0.001093
2026_06,Canal+ 360,Rafał,PW,0.0006,Canal+ 360,CANAL+ 360,Canal+ 360 [Canal+ Family],0.000822
2026_06,Canal+ Sport,Łukasz,PW,0.001,Canal+ Sport,Canal+ Sport,CANAL+ SPORT [Canal+ Niebieski],0.000906
2026_06,Canal+ Sport2,Adam,PW,0.0005,Canal+ Sport2,Canal+ Sport2,CANAL+ SPORT2,0.000213
2026_06,Canal+ Sport3,Adam,PW,0.0002,Canal+ Sport3,CANAL+ SPORT3,CANAL+ SPORT3,5.5e-05
2026_06,Canal+ Sport4,Rafał,PW,0.0004,Canal+ Sport4,CANAL+ SPORT4,CANAL+ SPORT4,5.3e-05
2026_06,Canal+ Sport5,Rafał,PW,0.0017,Canal+ Sport5,Canal+ SPORT5,CANAL+ SPORT5 [nSport+],0.001541
2026_06,CANAL+ Extra1,Łukasz,PW,0.0005,CANAL+ Extra1,CANAL+ Extra 1,CANAL+ EXTRA 1,2.6e-05
2026_06,CANAL+ Extra2,Łukasz,PW,4e-05,CANAL+ Extra2,CANAL+ Extra 2,CANAL+ EXTRA 2,
2026_06,Viasat True Crime,Rafał,PW,0.0003,Viasat True Crime,Viasat True Crime,Viasat True Crime,0.000328
2026_06,Novelas+1,Agata,PW,0.0001,Novelas+1,Novelas+1,Novelas+1 [DIZI],0.000173
2026_06,Kabaret TV,Rafał,PW,0.0016,Kabaret TV,Kabaret TV,Kabaret TV,0.001631
2026_06,Polsat News Polityka,Dariusz,PW,0.0005,Polsat News Polityka,Polsat News Polityka,Polsat News Polityka,0.000478
2026_06,Kanał Zero TV,Wiola,PW,0.0005,Kanał Zero TV,ZERO,ZERO,0.001481
2026_06,CANAL+ Seriale,Wiola,PW,0.0002,CANAL+ Seriale,Canal+ Seriale,Canal+ Seriale [Canal+ Film 2],0.000149
2026_06,CANAL+ Dokument,Wiola,PW,0.0003,CANAL+ Dokument,Canal+ Dokument,Canal+ Dokument [Canal+ Discovery],0.000203
2026_06,DocuBox,Dariusz,PW,0.0001,DocuBox,DocuBox,DocuBox,5.2e-05
2026_06,FILMBOX Action,Rafał,PW,0.0002,FILMBOX Action,FILMBOX+ Action,FILMBOX+ Action [FILMBOX Action],0.000485
2026_06,FILMBOX Extra,Rafał,PW,0.0002,FILMBOX Extra,FILMBOX+ Emotion,FILMBOX+ Emotion [FILMBOX Extra],0.000284
2026_06,FILMBOX Family,Rafał,PW,0.0002,FILMBOX Family,FILMBOX+ Comedy,FILMBOX+ Comedy [FILMBOX Family],0.000351
2026_06,TVN,,PW,0.075,TVN,TVN,TVN,0.0754
2026_06,TVP1,,PW,0.045,TVP1,TVP1,TVP1,0.067311
2026_06,TVP2,,PW,0.045,TVP2,TVP2,TVP2,0.044827
2026_06,Polsat,Maciej,WK,0.0708,Polsat,Polsat,Polsat,0.065614
2026_06,Fokus TV,Adam,WK,0.008,Fokus TV,Fokus TV,Fokus TV,0.008547
2026_06,Nowa TV,Adam,WK,0.0039000000000000003,Nowa TV,Nowa TV,Nowa TV,0.003253
2026_06,Eleven Sports 1,Adam,WK,0.0016,Eleven Sports 1,Eleven Sports 1,Eleven Sports 1 [Eleven],0.001889
2026_06,Disco Polo Music,Adam,WK,0.0007000000000000001,Disco Polo Music,Disco Polo Music,Disco Polo Music,0.000801
2026_06,Puls 2,Agata,WK,0.0159,Puls 2,Puls 2,Puls 2,0.014073
2026_06,Zoom TV,Agata,WK,0.004699999999999999,Zoom TV,ZOOM,ZOOM [Zoom TV],0.003246
2026_06,SPI Kino Polska,Agata,WK,0.0025,SPI Kino Polska,Kino Polska,Kino Polska,0.003078
2026_06,History,Agata,WK,0.0037,History,History,HISTORY,0.003574
2026_06,CI Polsat,Agata,WK,0.0012,CI Polsat,CI Polsat,CI Polsat [Polsat Crime & Investigation Network],0.000928
2026_06,Polsat News,Dariusz,WK,0.0109,Polsat News,Polsat News,Polsat News,0.01037
2026_06,Stopklatka,Dariusz,WK,0.0109,Stopklatka,Stopklatka,Stopklatka,0.010383
2026_06,Wydarzenia24,Dariusz,WK,0.0102,Wydarzenia24,Wydarzenia24,Wydarzenia 24 [Superstacja],0.010748
2026_06,Puls,Łukasz,WK,0.037000000000000005,Puls,TV PULS,TV PULS [PULS],0.037032
2026_06,Polsat 2,Łukasz,WK,0.0068000000000000005,Polsat 2,Polsat2,Polsat2,0.006985
2026_06,Polsat Film,Łukasz,WK,0.0053,Polsat Film,Polsat Film,Polsat Film,0.005334
2026_06,Polsat Sport 1,Łukasz,WK,0.0044,Polsat Sport 1,Polsat Sport 1,Polsat Sport 1 [Polsat Sport],0.006966
2026_06,Polsat Viasat History,Łukasz,WK,0.0017000000000000001,Polsat Viasat History,Polsat Viasat History,Polsat Viasat History [Viasat History],0.000994
2026_06,Polsat Viasat Explore,Łukasz,WK,0.001,Polsat Viasat Explore,Polsat Viasat Explore,Polsat Viasat Explore [Polsat Viasat Explorer],0.001033
2026_06,Szóstka,Piotr,WK,0.0172,Szóstka,TV6,TV6,0.016383
2026_06,Super Polsat,Piotr,WK,0.010700000000000001,Super Polsat,Super Polsat,Super Polsat [Polsat Sport News],0.011813
2026_06,WPOLSCE24,Piotr,WK,0.008100000000000001,WPOLSCE24,wPolsce24,wPolsce24 [Telewizja WPOLSCE.PL],0.007908
2026_06,AXN,Piotr,WK,0.003,AXN,AXN,AXN,0.002793
2026_06,BBC First,Piotr,WK,0.0026,BBC First,BBC First,BBC First [BBC HD],0.001545
2026_06,Polsat Play,Rafał,WK,0.0034000000000000002,Polsat Play,Polsat Play,Polsat Play,0.003203
2026_06,Polo TV,Rafał,WK,0.0034000000000000002,Polo TV,Polo TV,Polo TV,0.003777
2026_06,SPI Kino TV,Rafał,WK,0.0022,SPI Kino TV,FILMBOX+ One,FILMBOX+ One [Kino TV],0.002016
2026_06,Eska TV,Rafał,WK,0.0033,Eska TV,Eska TV [8TV],Eska TV [8TV],0.005053
2026_06,AMC,Rafał,WK,0.0019,AMC,AMC,AMC [MGM],0.001735
2026_06,Czwórka,Rafał,WK,0.028900000000000002,Czwórka,TV4 pl,TV4,0.028109
2026_06,TV Republika,Wiola,WK,0.0319,TV Republika,Republika,Republika [TV Republika],0.031158
2026_06,WP,Wiola,WK,0.0053,WP,WP,WP,0.004439
2026_06,Polsat Seriale,Wiola,WK,0.004,Polsat Seriale,Polsat Seriale,Polsat Seriale [Polsat Romans],0.004256
2026_06,Polsat Cafe,Wiola,WK,0.0025,Polsat Cafe,Polsat Cafe,Polsat Cafe,0.002773
2026_06,NBCU 13 Ulica,Wiola,WK,0.0017499999999999998,NBCU 13 Ulica,13 Ulica,13 Ulica [13th Street Universal],0.001159
2026_06,4FUN.TV,Wiola,WK,0.0021,4FUN.TV,4FUN.TV,4FUN.TV [4fun.tv],0.002005
2026_06,Stars.tv,Wiola,WK,0.0024,Stars.tv,Stars.tv,Stars.tv,0.001894
2026_06,BBC Earth,Piotr,WK,0.0015,BBC Earth,BBC Earth,BBC Earth [BBC Knowledge],0.001147
2026_06,AXN White,Piotr,WK,0.0006,AXN White,AXN White,AXN White [AXN Crime],0.000952
2026_06,History2,Agata,WK,0.0019500000000000001,History2,History2 [H2],HISTORY2 [H2],0.001714
2026_06,Polsat Doku,Dariusz,WK,0.0011,Polsat Doku,Polsat Doku,Polsat Doku,0.00097
2026_06,Polsat Sport 2,Adam,WK,0.0011,Polsat Sport 2,Polsat Sport 2,Polsat Sport 2 [Polsat Sport Extra],0.001175
2026_06,Polsat JimJam,Dariusz,WK,0.0006,Polsat JimJam,Polsat JimJam,Polsat JimJam [JimJam],0.000969
2026_06,Epic Drama,Łukasz,WK,0.0007000000000000001,Epic Drama,Viasat Epic Drama,Viasat Epic Drama [Epic Drama],0.00055
2026_06,NBCU SciFi Universal,Łukasz,WK,0.0006,NBCU SciFi Universal,Scifi Universal,Scifi Universal,0.00069
2026_06,4FUN KIDS,Wiola,WK,0.00045,4FUN KIDS,4FUN KIDS,4FUN KIDS [4FUN GOLD],0.000539
2026_06,Polsat News 2,Dariusz,WK,0.00074,Polsat News 2,Polsat News 2,Polsat News 2 [Polsat Biznes],0.000728
2026_06,BBC CBeebies,Dariusz,WK,0.0012,BBC CBeebies,BBC CBeebies,BBC CBeebies,0.001057
2026_06,AXN Black,Piotr,WK,0.0016,AXN Black,AXN Black,AXN Black [AXN Sci-Fi],0.001617
2026_06,Polsat Rodzina,Piotr,WK,0.0009,Polsat Rodzina,Polsat Rodzina,Polsat Rodzina,0.001067
2026_06,SPI Kino Polska Muzyka,Agata,WK,0.0004,SPI Kino Polska Muzyka,Kino Polska Muzyka,Kino Polska Muzyka,0.000308
2026_06,Polsat Viasat Nature,Łukasz,WK,0.00054,Polsat Viasat Nature,Polsat Viasat Nature,Polsat Viasat Nature [Viasat Nature],0.00037
2026_06,TELE5,Adam,WK,0.0009,TELE5,Tele5,Tele5,0.000924
2026_06,BBC Brit,Piotr,WK,0.0007000000000000001,BBC Brit,BBC Brit,BBC Brit [BBC Entertainment],0.000753
2026_06,Eska TV Extra,Adam,WK,0.0004,Eska TV Extra,Eska Extra [Eska TV],Eska TV Extra [Eska TV],0.000427
2026_06,BBC Lifestyle,Piotr,WK,0.0004,BBC Lifestyle,BBC Lifestyle,BBC Lifestyle,0.000524
2026_06,4FUN DANCE,Wiola,WK,0.00045,4FUN DANCE,4FUN DANCE,4FUN DANCE [4FUN FIT&DANCE],0.000738
2026_06,Polsat Music,Piotr,WK,0.0003,Polsat Music,Polsat Music HD,Polsat Music HD [Muzo.tv],0.000485
2026_06,Polsat Games,Łukasz,WK,0.0003,Polsat Games,Polsat Games,Polsat Games,0.000293
2026_06,Polsat Sport 3,Rafał,WK,0.00045,Polsat Sport 3,Polsat Sport 3,Polsat Sport 3 [Polsat Sport News HD],0.000787
2026_06,Extreme Sports,Łukasz,WK,1e-05,Extreme Sports,Extreme Sports,Extreme Sports,2.8e-05
2026_06,Vox Music TV,Adam,WK,0.0003,Vox Music TV,Vox Music TV,Vox Music TV,0.000334
2026_06,AXN Spin,Piotr,WK,0.0001,AXN Spin,AXN Spin,AXN Spin,0.000141
2026_06,Eska Rock TV,Adam,WK,0.0003,Eska Rock TV,Eska Rock TV,Eska Rock TV [HIP HOP TV],0.000182
2026_06,Eleven Sports 2,Łukasz,WK,0.0002,Eleven Sports 2,Eleven Sports 2,Eleven Sports 2 [Eleven Sports],3.8e-05
2026_06,NBCU E Entertainment,Wiola,WK,0.0001,NBCU E Entertainment,E!Entertainment,E!Entertainment [E!],8.1e-05
2026_06,POLONIA1,Adam,WK,0.0002,POLONIA1,Polonia 1,Polonia1,0.000392
2026_06,Sundance TV,Agata,WK,0.00015,Sundance TV,Sundance Channel,Sundance Channel,0.000222
2026_06,Novela TV,Dariusz,WK,0.0001,Novela TV,Novela TV,Novela TV,8.2e-05
2026_06,SPI Gametoon,Agata,WK,1e-05,SPI Gametoon,Gametoon,Gametoon,2.4e-05
2026_06,Golf Zone,Agata,WK,1e-05,Golf Zone,Golf Zone,Golf Zone [Golf Channel Polska],5e-05
2026_06,Water Planet,Adam,WK,0.0001,Water Planet,Water Planet,Water Planet [CSB TV],5.3e-05
2026_06,Polsat Film 2,Łukasz,WK,0.0004,Polsat Film 2,Polsat Film 2,Polsat Film 2,0.000523
2026_06,Polsat Reality,Rafał,WK,0.0005,Polsat Reality,Polsat Reality,Polsat Reality,0.000415
2026_06,Polsat X,Rafał,WK,0.0004,Polsat X,Polsat X,Polsat X,0.001056
2026_06,DaVinci,Dariusz,WK,0.0001,DaVinci,Da Vinci,Da Vinci [Da Vinci Learning],4.6e-05
2026_06,TVT,Adam,WK,1e-05,TVT,TVT,TVT,0.000118
2026_06,FILMBOX Premium,Łukasz,WK,0.0003,FILMBOX Premium,FILMBOX+ Hits,FILMBOX+ Hits [FILMBOX Premium],0.00022
2026_06,Ale Kino+,Agata,WK,0.0013,Ale Kino+,Ale Kino+,Ale Kino+ [Ale Kino],0.001071
2026_06,Canal+ Domo,Wiola,WK,0.001,Canal+ Domo,CANAL+ DOMO,CANAL+ DOMO [Domo+],0.001032
2026_06,Planete+,Dariusz,WK,0.0012,Planete+,Planete+,Planete+ [Planete],0.001353
2026_06,MiniMini+,Dariusz,WK,0.0015,MiniMini+,MiniMini+,MiniMini+ [MiniMini],0.00164
2026_06,teleTOON+,Dariusz,WK,0.0003,teleTOON+,teleTOON+,teleTOON+ [ZigZap/Hyper],0.000278
2026_06,Novelas+,Agata,WK,0.0015,Novelas+,Novelas,Novelas,0.002151
2026_06,CANAL+ KUCHNIA,Wiola,WK,0.0011,CANAL+ KUCHNIA,CANAL+ KUCHNIA,CANAL+ KUCHNIA [kuchnia+],0.001093
2026_06,Canal+ 360,Rafał,WK,0.0007000000000000001,Canal+ 360,CANAL+ 360,Canal+ 360 [Canal+ Family],0.000822
2026_06,Canal+ Sport,Łukasz,WK,0.0008500000000000001,Canal+ Sport,Canal+ Sport,CANAL+ SPORT [Canal+ Niebieski],0.000906
2026_06,Canal+ Sport2,Adam,WK,0.00053,Canal+ Sport2,Canal+ Sport2,CANAL+ SPORT2,0.000213
2026_06,Canal+ Sport3,Adam,WK,0.0001,Canal+ Sport3,CANAL+ SPORT3,CANAL+ SPORT3,5.5e-05
2026_06,Canal+ Sport4,Rafał,WK,0.0002,Canal+ Sport4,CANAL+ SPORT4,CANAL+ SPORT4,5.3e-05
2026_06,Canal+ Sport5,Rafał,WK,0.0017000000000000001,Canal+ Sport5,Canal+ SPORT5,CANAL+ SPORT5 [nSport+],0.001541
2026_06,CANAL+ Extra1,Łukasz,WK,0.0009,CANAL+ Extra1,CANAL+ Extra 1,CANAL+ EXTRA 1,2.6e-05
2026_06,CANAL+ Extra2,Łukasz,WK,0.0001,CANAL+ Extra2,CANAL+ Extra 2,CANAL+ EXTRA 2,
2026_06,Viasat True Crime,Rafał,WK,0.0003,Viasat True Crime,Viasat True Crime,Viasat True Crime,0.000328
2026_06,Novelas+1,Agata,WK,0.0001,Novelas+1,Novelas+1,Novelas+1 [DIZI],0.000173
2026_06,Kabaret TV,Rafał,WK,0.0017000000000000001,Kabaret TV,Kabaret TV,Kabaret TV,0.001631
2026_06,Polsat News Polityka,Dariusz,WK,0.0005,Polsat News Polityka,Polsat News Polityka,Polsat News Polityka,0.000478
2026_06,Kanał Zero TV,Wiola,WK,0.0008,Kanał Zero TV,ZERO,ZERO,0.001481
2026_06,CANAL+ Seriale,Wiola,WK,0.00015,CANAL+ Seriale,Canal+ Seriale,Canal+ Seriale [Canal+ Film 2],0.000149
2026_06,CANAL+ Dokument,Wiola,WK,0.00025,CANAL+ Dokument,Canal+ Dokument,Canal+ Dokument [Canal+ Discovery],0.000203
2026_06,DocuBox,Dariusz,WK,0.0001,DocuBox,DocuBox,DocuBox,5.2e-05
2026_06,FILMBOX Action,Rafał,WK,0.0002,FILMBOX Action,FILMBOX+ Action,FILMBOX+ Action [FILMBOX Action],0.000485
2026_06,FILMBOX Extra,Rafał,WK,0.0001,FILMBOX Extra,FILMBOX+ Emotion,FILMBOX+ Emotion [FILMBOX Extra],0.000284
2026_06,FILMBOX Family,Rafał,WK,0.0002,FILMBOX Family,FILMBOX+ Comedy,FILMBOX+ Comedy [FILMBOX Family],0.000351
2026_06,TVN,,WK,0.0825,TVN,TVN,TVN,0.0754
2026_06,TVP1,,WK,0.0461,TVP1,TVP1,TVP1,0.067311
2026_06,TVP2,,WK,0.0446,TVP2,TVP2,TVP2,0.044827
2026_07,Polsat,Maciej,DT,0.070470675,Polsat,Polsat,Polsat,
2026_07,Polsat Sport 1,Adam,DT,0.007267725000000001,Polsat Sport 1,Polsat Sport 1,Polsat Sport 1 [Polsat Sport],
2026_07,Fokus TV,Adam,DT,0.008667945000000002,Fokus TV,Fokus TV,Fokus TV,
2026_07,Polsat 2,Adam,DT,0.007966777500000001,Polsat 2,Polsat2,Polsat2,
2026_07,WP,Adam,DT,0.005112360000000001,WP,WP,WP,
2026_07,Nowa TV,Adam,DT,0.0035284500000000002,Nowa TV,Nowa TV,Nowa TV,
2026_07,Eleven Sports 1,Adam,DT,0.0018267825000000003,Eleven Sports 1,Eleven Sports 1,Eleven Sports 1 [Eleven],
2026_07,Canal+ Sport3,Adam,DT,0.0010427174999999998,Canal+ Sport3,CANAL+ SPORT3,CANAL+ SPORT3,
2026_07,Disco Polo Music,Adam,DT,0.0007326,Disco Polo Music,Disco Polo Music,Disco Polo Music,
2026_07,TELE5,Adam,DT,0.000690525,TELE5,Tele5,Tele5,
2026_07,Eska TV Extra,Adam,DT,0.00043127000000000004,Eska TV Extra,Eska Extra [Eska TV],Eska TV Extra [Eska TV],
2026_07,Vox Music TV,Adam,DT,0.00030492,Vox Music TV,Vox Music TV,Vox Music TV,
2026_07,Canal+ Sport2,Adam,DT,0.0005492024999999999,Canal+ Sport2,Canal+ Sport2,CANAL+ SPORT2,
2026_07,Eska Rock TV,Adam,DT,0.00019008,Eska Rock TV,Eska Rock TV,Eska Rock TV [HIP HOP TV],
2026_07,POLONIA1,Adam,DT,0.0002645775,POLONIA1,Polonia 1,Polonia1,
2026_07,Eleven Sports 2,Adam,DT,0.0002195325,Eleven Sports 2,Eleven Sports 2,Eleven Sports 2 [Eleven Sports],
2026_07,Water Planet,Adam,DT,7.89525e-05,Water Planet,Water Planet,Water Planet [CSB TV],
2026_07,TVT,Adam,DT,4.3e-05,TVT,TVT,TVT,
2026_07,Puls 2,Agata,DT,0.014324812499999997,Puls 2,Puls 2,Puls 2,
2026_07,ZOOM,Agata,DT,0.00432285,ZOOM,ZOOM,ZOOM [Zoom TV],
2026_07,History,Agata,DT,0.00397137,History,History,HISTORY,
2026_07,Polsat Seriale,Agata,DT,0.0037154700000000002,Polsat Seriale,Polsat Seriale,Polsat Seriale [Polsat Romans],
2026_07,SPI Kino Polska,Agata,DT,0.0028836225,SPI Kino Polska,Kino Polska,Kino Polska,
2026_07,Novelas+,Agata,DT,0.001759725,Novelas+,Novelas,Novelas,
2026_07,History2,Agata,DT,0.0021303425,History2,History2 [H2],HISTORY2 [H2],
2026_07,Ale Kino+,Agata,DT,0.0012491175,Ale Kino+,Ale Kino+,Ale Kino+ [Ale Kino],
2026_07,CI Polsat,Agata,DT,0.0009516374999999999,CI Polsat,CI Polsat,CI Polsat [Polsat Crime & Investigation Network],
2026_07,NBCU SciFi Universal,Agata,DT,0.0006189974999999999,NBCU SciFi Universal,Scifi Universal,Scifi Universal,
2026_07,SPI Kino Polska Muzyka,Agata,DT,0.000424215,SPI Kino Polska Muzyka,Kino Polska Muzyka,Kino Polska Muzyka,
2026_07,Polsat Games,Agata,DT,0.0003724875,Polsat Games,Polsat Games,Polsat Games,
2026_07,FilmBox+ hits,Rafał,DT,0.00020497499999999998,FilmBox+ hits,FILMBOX+ Hits,FILMBOX+ Hits [FILMBOX Premium],
2026_07,Sundance TV,Agata,DT,0.00011583,Sundance TV,Sundance Channel,Sundance Channel,
2026_07,SPI Gametoon,Agata,DT,2.2275000000000003e-05,SPI Gametoon,Gametoon,Gametoon,
2026_07,Golf Zone,Agata,DT,4.4692500000000006e-05,Golf Zone,Golf Zone,Golf Zone [Golf Channel Polska],
2026_07,Novelas+1,Agata,DT,0.0001214525,Novelas+1,Novelas+1,Novelas+1 [DIZI],
2026_07,Stopklatka,Dariusz,DT,0.011221245,Stopklatka,Stopklatka,Stopklatka,
2026_07,Polsat News,Dariusz,DT,0.01102714,Polsat News,Polsat News,Polsat News,
2026_07,Wydarzenia24,Dariusz,DT,0.010151279999999999,Wydarzenia24,Wydarzenia24,Wydarzenia 24 [Superstacja],
2026_07,Polsat Film,Dariusz,DT,0.005963545000000001,Polsat Film,Polsat Film,Polsat Film,
2026_07,MiniMini+,Dariusz,DT,0.0019752750000000003,MiniMini+,MiniMini+,MiniMini+ [MiniMini],
2026_07,Planete+,Dariusz,DT,0.0014038624999999998,Planete+,Planete+,Planete+ [Planete],
2026_07,Polsat Doku,Dariusz,DT,0.00137562,Polsat Doku,Polsat Doku,Polsat Doku,
2026_07,BBC CBeebies,Dariusz,DT,0.0012560624999999998,BBC CBeebies,BBC CBeebies,BBC CBeebies,
2026_07,Polsat JimJam,Dariusz,DT,0.0009831825000000002,Polsat JimJam,Polsat JimJam,Polsat JimJam [JimJam],
2026_07,Polsat News Polityka,Dariusz,DT,0.000636975,Polsat News Polityka,Polsat News Polityka,Polsat News Polityka,
2026_07,Polsat News 2,Dariusz,DT,0.0007352799999999999,Polsat News 2,Polsat News 2,Polsat News 2 [Polsat Biznes],
2026_07,teleTOON+,Dariusz,DT,0.00033140249999999996,teleTOON+,teleTOON+,teleTOON+ [ZigZap/Hyper],
2026_07,Polsat Film 2,Dariusz,DT,0.000710625,Polsat Film 2,Polsat Film 2,Polsat Film 2,
2026_07,Extreme Sports,Dariusz,DT,2.00475e-05,Extreme Sports,Extreme Sports,Extreme Sports,
2026_07,Novela TV,Dariusz,DT,0.00011187000000000001,Novela TV,Novela TV,Novela TV,
2026_07,DaVinci,Dariusz,DT,5.3625e-05,DaVinci,Da Vinci,Da Vinci [Da Vinci Learning],
2026_07,DocuBox,Dariusz,DT,4.05e-05,DocuBox,DocuBox,DocuBox,
2026_07,Szóstka,Piotr,DT,0.017342325,Szóstka,TV6,TV6,
2026_07,Super Polsat,Piotr,DT,0.010874670000000003,Super Polsat,Super Polsat,Super Polsat [Polsat Sport News],
2026_07,WPOLSCE24,Piotr,DT,0.00832887,WPOLSCE24,wPolsce24,wPolsce24 [Telewizja WPOLSCE.PL],
2026_07,AXN,Piotr,DT,0.0032563575000000003,AXN,AXN,AXN,
2026_07,BBC First,Piotr,DT,0.00220572,BBC First,BBC First,BBC First [BBC HD],
2026_07,Stars.tv,Piotr,DT,0.0020896425,Stars.tv,Stars.tv,Stars.tv,
2026_07,AXN Black,Piotr,DT,0.0015681599999999999,AXN Black,AXN Black,AXN Black [AXN Sci-Fi],
2026_07,BBC Earth,Piotr,DT,0.0014788924999999998,BBC Earth,BBC Earth,BBC Earth [BBC Knowledge],
2026_07,BBC Lifestyle,Piotr,DT,0.0006334625,BBC Lifestyle,BBC Lifestyle,BBC Lifestyle,
2026_07,Polsat Sport 3,Piotr,DT,0.0007548000000000001,Polsat Sport 3,Polsat Sport 3,Polsat Sport 3 [Polsat Sport News HD],
2026_07,Polsat Rodzina,Piotr,DT,0.0007987499999999999,Polsat Rodzina,Polsat Rodzina,Polsat Rodzina,
2026_07,AXN White,Piotr,DT,0.0006499349999999999,AXN White,AXN White,AXN White [AXN Crime],
2026_07,BBC Brit,Piotr,DT,0.00063832,BBC Brit,BBC Brit,BBC Brit [BBC Entertainment],
2026_07,Polsat Music,Piotr,DT,0.00047519999999999995,Polsat Music,Polsat Music HD,Polsat Music HD [Muzo.tv],
2026_07,AXN Spin,Piotr,DT,0.000155925,AXN Spin,AXN Spin,AXN Spin,
2026_07,CANAL+ Extra1,Piotr,DT,0.0004719,CANAL+ Extra1,CANAL+ Extra 1,CANAL+ EXTRA 1,
2026_07,CANAL+ Extra2,Piotr,DT,3.2e-05,CANAL+ Extra2,CANAL+ Extra 2,CANAL+ EXTRA 2,
2026_07,Puls,Rafał,DT,0.038045205000000006,Puls,TV PULS,TV PULS [PULS],
2026_07,Eska TV,Rafał,DT,0.0042271025000000005,Eska TV,Eska TV [8TV],Eska TV [8TV],
2026_07,Polsat Play,Rafał,DT,0.0034026000000000004,Polsat Play,Polsat Play,Polsat Play,
2026_07,Polo TV,Rafał,DT,0.0033230749999999996,Polo TV,Polo TV,Polo TV,
2026_07,FilmBox+ one,Rafał,DT,0.00250866,FilmBox+ one,FILMBOX+ One,FILMBOX+ One [Kino TV],
2026_07,Polsat Sport 2,Rafał,DT,0.0012779025000000002,Polsat Sport 2,Polsat Sport 2,Polsat Sport 2 [Polsat Sport Extra],
2026_07,Kabaret TV,Rafał,DT,0.00157815,Kabaret TV,Kabaret TV,Kabaret TV,
2026_07,Canal+ Sport5,Rafał,DT,0.0016391925,Canal+ Sport5,Canal+ SPORT5,CANAL+ SPORT5 [nSport+],
2026_07,AMC,Rafał,DT,0.0019767,AMC,AMC,AMC [MGM],
2026_07,Canal+ 360,Rafał,DT,0.00088209,Canal+ 360,CANAL+ 360,Canal+ 360 [Canal+ Family],
2026_07,Polsat Reality,Rafał,DT,0.00040522500000000005,Polsat Reality,Polsat Reality,Polsat Reality,
2026_07,Canal+ Sport,Rafał,DT,0.00084744,Canal+ Sport,Canal+ Sport,CANAL+ SPORT [Canal+ Niebieski],
2026_07,Viasat True Crime,Rafał,DT,0.00033269,Viasat True Crime,Viasat True Crime,Viasat True Crime,
2026_07,Polsat X,Rafał,DT,0.000299625,Polsat X,Polsat X,Polsat X,
2026_07,Canal+ Sport4,Rafał,DT,9.9345e-05,Canal+ Sport4,CANAL+ SPORT4,CANAL+ SPORT4,
2026_07,FilmBox+ action,Rafał,DT,0.00028612500000000003,FilmBox+ action,FILMBOX+ Action,FILMBOX+ Action [FILMBOX Action],
2026_07,FilmBox+ emotion,Rafał,DT,0.0001522125,FilmBox+ emotion,FILMBOX+ Emotion,FILMBOX+ Emotion [FILMBOX Extra],
2026_07,FilmBox+ comedy,Rafał,DT,0.00015048,FilmBox+ comedy,FILMBOX+ Comedy,FILMBOX+ Comedy [FILMBOX Family],
2026_07,TV Republika,Wiola,DT,0.03230484,TV Republika,Republika,Republika [TV Republika],
2026_07,Czwórka,Wiola,DT,0.0284711975,Czwórka,TV4 pl,TV4,
2026_07,Polsat Cafe,Wiola,DT,0.002711625,Polsat Cafe,Polsat Cafe,Polsat Cafe,
2026_07,4FUN.TV,Wiola,DT,0.0018127999999999998,4FUN.TV,4FUN.TV,4FUN.TV [4fun.tv],
2026_07,Polsat Viasat History,Wiola,DT,0.00109585,Polsat Viasat History,Polsat Viasat History,Polsat Viasat History [Viasat History],
2026_07,CANAL+ KUCHNIA,Wiola,DT,0.0011754000000000003,CANAL+ KUCHNIA,CANAL+ KUCHNIA,CANAL+ KUCHNIA [kuchnia+],
2026_07,NBCU 13 Ulica,Wiola,DT,0.0015095025,NBCU 13 Ulica,13 Ulica,13 Ulica [13th Street Universal],
2026_07,Canal+ Domo,Wiola,DT,0.0009798749999999998,Canal+ Domo,CANAL+ DOMO,CANAL+ DOMO [Domo+],
2026_07,Viasat Epic Drama,Wiola,DT,0.0006292125,Viasat Epic Drama,Viasat Epic Drama,Viasat Epic Drama [Epic Drama],
2026_07,4FUN KIDS,Wiola,DT,0.000834525,4FUN KIDS,4FUN KIDS,4FUN KIDS [4FUN GOLD],
2026_07,Polsat Viasat Explore,Wiola,DT,0.000834525,Polsat Viasat Explore,Polsat Viasat Explore,Polsat Viasat Explore [Polsat Viasat Explorer],
2026_07,Polsat Viasat Nature,Wiola,DT,0.00045911249999999997,Polsat Viasat Nature,Polsat Viasat Nature,Polsat Viasat Nature [Viasat Nature],
2026_07,4FUN DANCE,Wiola,DT,0.0004592124999999999,4FUN DANCE,4FUN DANCE,4FUN DANCE [4FUN FIT&DANCE],
2026_07,NBCU E Entertainment,Wiola,DT,9.77625e-05,NBCU E Entertainment,E!Entertainment,E!Entertainment [E!],
2026_07,ZERO,Wiola,DT,0.0013343749999999998,ZERO,ZERO,ZERO,
2026_07,CANAL+ Seriale,Wiola,DT,0.0001155,CANAL+ Seriale,Canal+ Seriale,Canal+ Seriale [Canal+ Film 2],
2026_07,CANAL+ Dokument,Wiola,DT,0.0001935,CANAL+ Dokument,Canal+ Dokument,Canal+ Dokument [Canal+ Discovery],
2026_07,TVN,,DT,0.0768643425,TVN,TVN,TVN,
2026_07,TVP1,,DT,0.05048753,TVP1,TVP1,TVP1,
2026_07,TVP2,,DT,0.03967301250000001,TVP2,TVP2,TVP2,
2026_07,Polsat,Maciej,MJ,0.068055,Polsat,Polsat,Polsat,
2026_07,Polsat Sport 1,Adam,MJ,0.00801,Polsat Sport 1,Polsat Sport 1,Polsat Sport 1 [Polsat Sport],
2026_07,Fokus TV,Adam,MJ,0.008469093892861329,Fokus TV,Fokus TV,Fokus TV,
2026_07,Polsat 2,Adam,MJ,0.008418966392080854,Polsat 2,Polsat2,Polsat2,
2026_07,WP,Adam,MJ,0.00453375,WP,WP,WP,
2026_07,Nowa TV,Adam,MJ,0.00344175,Nowa TV,Nowa TV,Nowa TV,
2026_07,Eleven Sports 1,Adam,MJ,0.00108,Eleven Sports 1,Eleven Sports 1,Eleven Sports 1 [Eleven],
2026_07,Canal+ Sport3,Adam,MJ,0.00117,Canal+ Sport3,CANAL+ SPORT3,CANAL+ SPORT3,
2026_07,Disco Polo Music,Adam,MJ,0.0003955940088105727,Disco Polo Music,Disco Polo Music,Disco Polo Music,
2026_07,TELE5,Adam,MJ,0.0008482499999999999,TELE5,Tele5,Tele5,
2026_07,Eska TV Extra,Adam,MJ,0.00053625,Eska TV Extra,Eska Extra [Eska TV],Eska TV Extra [Eska TV],
2026_07,Vox Music TV,Adam,MJ,0.00029249999999999995,Vox Music TV,Vox Music TV,Vox Music TV,
2026_07,Canal+ Sport2,Adam,MJ,0.00027,Canal+ Sport2,Canal+ Sport2,CANAL+ SPORT2,
2026_07,Eska Rock TV,Adam,MJ,0.0001467063829787234,Eska Rock TV,Eska Rock TV,Eska Rock TV [HIP HOP TV],
2026_07,POLONIA1,Adam,MJ,0.00026325,POLONIA1,Polonia 1,Polonia1,
2026_07,Eleven Sports 2,Adam,MJ,0.00010093429844097994,Eleven Sports 2,Eleven Sports 2,Eleven Sports 2 [Eleven Sports],
2026_07,Water Planet,Adam,MJ,9.75e-05,Water Planet,Water Planet,Water Planet [CSB TV],
2026_07,TVT,Adam,MJ,4.875e-05,TVT,TVT,TVT,
2026_07,Puls 2,Agata,MJ,0.014544997099767979,Puls 2,Puls 2,Puls 2,
2026_07,ZOOM,Agata,MJ,0.0039975,ZOOM,ZOOM,ZOOM [Zoom TV],
2026_07,History,Agata,MJ,0.004095,History,History,HISTORY,
2026_07,Polsat Seriale,Agata,MJ,0.0039,Polsat Seriale,Polsat Seriale,Polsat Seriale [Polsat Romans],
2026_07,SPI Kino Polska,Agata,MJ,0.0026812499999999996,SPI Kino Polska,Kino Polska,Kino Polska,
2026_07,Novelas+,Agata,MJ,0.0029065870883882156,Novelas+,Novelas,Novelas,
2026_07,History2,Agata,MJ,0.0020475,History2,History2 [H2],HISTORY2 [H2],
2026_07,Ale Kino+,Agata,MJ,0.0017035731629392971,Ale Kino+,Ale Kino+,Ale Kino+ [Ale Kino],
2026_07,CI Polsat,Agata,MJ,0.000975,CI Polsat,CI Polsat,CI Polsat [Polsat Crime & Investigation Network],
2026_07,NBCU SciFi Universal,Agata,MJ,0.0005984580310880828,NBCU SciFi Universal,Scifi Universal,Scifi Universal,
2026_07,SPI Kino Polska Muzyka,Agata,MJ,0.0003334152475247524,SPI Kino Polska Muzyka,Kino Polska Muzyka,Kino Polska Muzyka,
2026_07,Polsat Games,Agata,MJ,0.00029249999999999995,Polsat Games,Polsat Games,Polsat Games,
2026_07,FilmBox+ hits,Rafał,MJ,0.000195,FilmBox+ hits,FILMBOX+ Hits,FILMBOX+ Hits [FILMBOX Premium],
2026_07,Sundance TV,Agata,MJ,0.00014624999999999998,Sundance TV,Sundance Channel,Sundance Channel,
2026_07,SPI Gametoon,Agata,MJ,9.610714285714284e-06,SPI Gametoon,Gametoon,Gametoon,
2026_07,Golf Zone,Agata,MJ,5.2702702702702705e-05,Golf Zone,Golf Zone,Golf Zone [Golf Channel Polska],
2026_07,Novelas+1,Agata,MJ,0.00016575000000000002,Novelas+1,Novelas+1,Novelas+1 [DIZI],
2026_07,Stopklatka,Dariusz,MJ,0.01187017593360996,Stopklatka,Stopklatka,Stopklatka,
2026_07,Polsat News,Dariusz,MJ,0.0086775,Polsat News,Polsat News,Polsat News,
2026_07,Wydarzenia24,Dariusz,MJ,0.00985725,Wydarzenia24,Wydarzenia24,Wydarzenia 24 [Superstacja],
2026_07,Polsat Film,Dariusz,MJ,0.0056549999999999994,Polsat Film,Polsat Film,Polsat Film,
2026_07,MiniMini+,Dariusz,MJ,0.00195,MiniMini+,MiniMini+,MiniMini+ [MiniMini],
2026_07,Planete+,Dariusz,MJ,0.0016522581840390876,Planete+,Planete+,Planete+ [Planete],
2026_07,Polsat Doku,Dariusz,MJ,0.0009717499999999998,Polsat Doku,Polsat Doku,Polsat Doku,
2026_07,BBC CBeebies,Dariusz,MJ,0.00133575,BBC CBeebies,BBC CBeebies,BBC CBeebies,
2026_07,Polsat JimJam,Dariusz,MJ,0.001057131087662338,Polsat JimJam,Polsat JimJam,Polsat JimJam [JimJam],
2026_07,Polsat News Polityka,Dariusz,MJ,0.0004875,Polsat News Polityka,Polsat News Polityka,Polsat News Polityka,
2026_07,Polsat News 2,Dariusz,MJ,0.000702,Polsat News 2,Polsat News 2,Polsat News 2 [Polsat Biznes],
2026_07,teleTOON+,Dariusz,MJ,0.00033649032258064514,teleTOON+,teleTOON+,teleTOON+ [ZigZap/Hyper],
2026_07,Polsat Film 2,Dariusz,MJ,0.0006825,Polsat Film 2,Polsat Film 2,Polsat Film 2,
2026_07,Extreme Sports,Dariusz,MJ,1.89e-05,Extreme Sports,Extreme Sports,Extreme Sports,
2026_07,Novela TV,Dariusz,MJ,6.824999999999999e-05,Novela TV,Novela TV,Novela TV,
2026_07,DaVinci,Dariusz,MJ,3.317468354430379e-05,DaVinci,Da Vinci,Da Vinci [Da Vinci Learning],
2026_07,DocuBox,Dariusz,MJ,6.824999999999999e-05,DocuBox,DocuBox,DocuBox,
2026_07,Szóstka,Piotr,MJ,0.01647495044640252,Szóstka,TV6,TV6,
2026_07,Super Polsat,Piotr,MJ,0.009821376711956521,Super Polsat,Super Polsat,Super Polsat [Polsat Sport News],
2026_07,WPOLSCE24,Piotr,MJ,0.008333129039782297,WPOLSCE24,wPolsce24,wPolsce24 [Telewizja WPOLSCE.PL],
2026_07,AXN,Piotr,MJ,0.00336375,AXN,AXN,AXN,
2026_07,BBC First,Piotr,MJ,0.0017635072881355934,BBC First,BBC First,BBC First [BBC HD],
2026_07,Stars.tv,Piotr,MJ,0.0018723505993150685,Stars.tv,Stars.tv,Stars.tv,
2026_07,AXN Black,Piotr,MJ,0.000975,AXN Black,AXN Black,AXN Black [AXN Sci-Fi],
2026_07,BBC Earth,Piotr,MJ,0.0012915068711826761,BBC Earth,BBC Earth,BBC Earth [BBC Knowledge],
2026_07,BBC Lifestyle,Piotr,MJ,0.0006630000000000001,BBC Lifestyle,BBC Lifestyle,BBC Lifestyle,
2026_07,Polsat Sport 3,Piotr,MJ,0.000781317391304348,Polsat Sport 3,Polsat Sport 3,Polsat Sport 3 [Polsat Sport News HD],
2026_07,Polsat Rodzina,Piotr,MJ,0.0006825,Polsat Rodzina,Polsat Rodzina,Polsat Rodzina,
2026_07,AXN White,Piotr,MJ,0.0007605,AXN White,AXN White,AXN White [AXN Crime],
2026_07,BBC Brit,Piotr,MJ,0.0005073845273264402,BBC Brit,BBC Brit,BBC Brit [BBC Entertainment],
2026_07,Polsat Music,Piotr,MJ,0.0005335943579766536,Polsat Music,Polsat Music HD,Polsat Music HD [Muzo.tv],
2026_07,AXN Spin,Piotr,MJ,0.000195,AXN Spin,AXN Spin,AXN Spin,
2026_07,CANAL+ Extra1,Piotr,MJ,0.000117,CANAL+ Extra1,CANAL+ Extra 1,CANAL+ EXTRA 1,
2026_07,CANAL+ Extra2,Piotr,MJ,1.95e-05,CANAL+ Extra2,CANAL+ Extra 2,CANAL+ EXTRA 2,
2026_07,Puls,Rafał,MJ,0.0318825,Puls,TV PULS,TV PULS [PULS],
2026_07,Eska TV,Rafał,MJ,0.004875,Eska TV,Eska TV [8TV],Eska TV [8TV],
2026_07,Polsat Play,Rafał,MJ,0.00394875,Polsat Play,Polsat Play,Polsat Play,
2026_07,Polo TV,Rafał,MJ,0.003095645173848123,Polo TV,Polo TV,Polo TV,
2026_07,FilmBox+ one,Rafał,MJ,0.0022149974025974023,FilmBox+ one,FILMBOX+ One,FILMBOX+ One [Kino TV],
2026_07,Polsat Sport 2,Rafał,MJ,0.001008,Polsat Sport 2,Polsat Sport 2,Polsat Sport 2 [Polsat Sport Extra],
2026_07,Kabaret TV,Rafał,MJ,0.00170625,Kabaret TV,Kabaret TV,Kabaret TV,
2026_07,Canal+ Sport5,Rafał,MJ,0.00021600000000000002,Canal+ Sport5,Canal+ SPORT5,CANAL+ SPORT5 [nSport+],
2026_07,AMC,Rafał,MJ,0.001849360532994924,AMC,AMC,AMC [MGM],
2026_07,Canal+ 360,Rafał,MJ,0.000702,Canal+ 360,CANAL+ 360,Canal+ 360 [Canal+ Family],
2026_07,Polsat Reality,Rafał,MJ,0.0004875,Polsat Reality,Polsat Reality,Polsat Reality,
2026_07,Canal+ Sport,Rafał,MJ,0.00054,Canal+ Sport,Canal+ Sport,CANAL+ SPORT [Canal+ Niebieski],
2026_07,Viasat True Crime,Rafał,MJ,0.00053625,Viasat True Crime,Viasat True Crime,Viasat True Crime,
2026_07,Polsat X,Rafał,MJ,0.00029249999999999995,Polsat X,Polsat X,Polsat X,
2026_07,Canal+ Sport4,Rafał,MJ,5.9974789915966376e-05,Canal+ Sport4,CANAL+ SPORT4,CANAL+ SPORT4,
2026_07,FilmBox+ action,Rafał,MJ,0.00024375,FilmBox+ action,FILMBOX+ Action,FILMBOX+ Action [FILMBOX Action],
2026_07,FilmBox+ emotion,Rafał,MJ,0.00034125,FilmBox+ emotion,FILMBOX+ Emotion,FILMBOX+ Emotion [FILMBOX Extra],
2026_07,FilmBox+ comedy,Rafał,MJ,0.00022425,FilmBox+ comedy,FILMBOX+ Comedy,FILMBOX+ Comedy [FILMBOX Family],
2026_07,TV Republika,Wiola,MJ,0.03201168962139069,TV Republika,Republika,Republika [TV Republika],
2026_07,Czwórka,Wiola,MJ,0.029632154145349393,Czwórka,TV4 pl,TV4,
2026_07,Polsat Cafe,Wiola,MJ,0.0027494999999999998,Polsat Cafe,Polsat Cafe,Polsat Cafe,
2026_07,4FUN.TV,Wiola,MJ,0.00217425,4FUN.TV,4FUN.TV,4FUN.TV [4fun.tv],
2026_07,Polsat Viasat History,Wiola,MJ,0.00119925,Polsat Viasat History,Polsat Viasat History,Polsat Viasat History [Viasat History],
2026_07,CANAL+ KUCHNIA,Wiola,MJ,0.001091037662337662,CANAL+ KUCHNIA,CANAL+ KUCHNIA,CANAL+ KUCHNIA [kuchnia+],
2026_07,NBCU 13 Ulica,Wiola,MJ,0.0013162500000000001,NBCU 13 Ulica,13 Ulica,13 Ulica [13th Street Universal],
2026_07,Canal+ Domo,Wiola,MJ,0.0011499578627280624,Canal+ Domo,CANAL+ DOMO,CANAL+ DOMO [Domo+],
2026_07,Viasat Epic Drama,Wiola,MJ,0.00037595140280561115,Viasat Epic Drama,Viasat Epic Drama,Viasat Epic Drama [Epic Drama],
2026_07,4FUN KIDS,Wiola,MJ,0.000975,4FUN KIDS,4FUN KIDS,4FUN KIDS [4FUN GOLD],
2026_07,Polsat Viasat Explore,Wiola,MJ,0.00063375,Polsat Viasat Explore,Polsat Viasat Explore,Polsat Viasat Explore [Polsat Viasat Explorer],
2026_07,Polsat Viasat Nature,Wiola,MJ,0.0006431174641148325,Polsat Viasat Nature,Polsat Viasat Nature,Polsat Viasat Nature [Viasat Nature],
2026_07,4FUN DANCE,Wiola,MJ,0.0006192684538653367,4FUN DANCE,4FUN DANCE,4FUN DANCE [4FUN FIT&DANCE],
2026_07,NBCU E Entertainment,Wiola,MJ,8.629310344827587e-05,NBCU E Entertainment,E!Entertainment,E!Entertainment [E!],
2026_07,ZERO,Wiola,MJ,0.0012,ZERO,ZERO,ZERO,
2026_07,CANAL+ Seriale,Wiola,MJ,0.00014624999999999998,CANAL+ Seriale,Canal+ Seriale,Canal+ Seriale [Canal+ Film 2],
2026_07,CANAL+ Dokument,Wiola,MJ,0.00014624999999999998,CANAL+ Dokument,Canal+ Dokument,Canal+ Dokument [Canal+ Discovery],
2026_07,TVN,,MJ,0.071,TVN,TVN,TVN,
2026_07,TVP1,,MJ,0.058,TVP1,TVP1,TVP1,
2026_07,TVP2,,MJ,0.042,TVP2,TVP2,TVP2,
2026_07,Polsat,Maciej,AKB,0.07012328438740062,Polsat,Polsat,Polsat,
2026_07,Polsat Sport 1,Adam,AKB,0.011543594673913044,Polsat Sport 1,Polsat Sport 1,Polsat Sport 1 [Polsat Sport],
2026_07,Fokus TV,Adam,AKB,0.008656559004649993,Fokus TV,Fokus TV,Fokus TV,
2026_07,Polsat 2,Adam,AKB,0.0075204881805929925,Polsat 2,Polsat2,Polsat2,
2026_07,WP,Adam,AKB,0.0057127718289615515,WP,WP,WP,
2026_07,Nowa TV,Adam,AKB,0.004090467179183915,Nowa TV,Nowa TV,Nowa TV,
2026_07,Eleven Sports 1,Adam,AKB,0.0011577917904401838,Eleven Sports 1,Eleven Sports 1,Eleven Sports 1 [Eleven],
2026_07,Canal+ Sport3,Adam,AKB,0.0013408098360655734,Canal+ Sport3,CANAL+ SPORT3,CANAL+ SPORT3,
2026_07,Disco Polo Music,Adam,AKB,0.0003004986301369863,Disco Polo Music,Disco Polo Music,Disco Polo Music,
2026_07,TELE5,Adam,AKB,0.000851991825095057,TELE5,Tele5,Tele5,
2026_07,Eska TV Extra,Adam,AKB,0.0003687398843930636,Eska TV Extra,Eska Extra [Eska TV],Eska TV Extra [Eska TV],
2026_07,Vox Music TV,Adam,AKB,0.00025498148148148147,Vox Music TV,Vox Music TV,Vox Music TV,
2026_07,Canal+ Sport2,Adam,AKB,0.00036663283311772323,Canal+ Sport2,Canal+ Sport2,CANAL+ SPORT2,
2026_07,Eska Rock TV,Adam,AKB,0.0001412578125,Eska Rock TV,Eska Rock TV,Eska Rock TV [HIP HOP TV],
2026_07,POLONIA1,Adam,AKB,0.00028781052631578945,POLONIA1,Polonia 1,Polonia1,
2026_07,Eleven Sports 2,Adam,AKB,8.495111111111111e-05,Eleven Sports 2,Eleven Sports 2,Eleven Sports 2 [Eleven Sports],
2026_07,Water Planet,Adam,AKB,6.855882352941175e-05,Water Planet,Water Planet,Water Planet [CSB TV],
2026_07,TVT,Adam,AKB,8.099999999999999e-05,TVT,TVT,TVT,
2026_07,Puls 2,Agata,AKB,0.01559605313747557,Puls 2,Puls 2,Puls 2,
2026_07,ZOOM,Agata,AKB,0.004316951547711405,ZOOM,ZOOM,ZOOM [Zoom TV],
2026_07,History,Agata,AKB,0.0042448834078045875,History,History,HISTORY,
2026_07,Polsat Seriale,Agata,AKB,0.0042469222192726315,Polsat Seriale,Polsat Seriale,Polsat Seriale [Polsat Romans],
2026_07,SPI Kino Polska,Agata,AKB,0.0027580668871738327,SPI Kino Polska,Kino Polska,Kino Polska,
2026_07,Novelas+,Agata,AKB,0.0017371293522267207,Novelas+,Novelas,Novelas,
2026_07,History2,Agata,AKB,0.002084958947368421,History2,History2 [H2],HISTORY2 [H2],
2026_07,Ale Kino+,Agata,AKB,0.0013716532258064515,Ale Kino+,Ale Kino+,Ale Kino+ [Ale Kino],
2026_07,CI Polsat,Agata,AKB,0.0009858921630094045,CI Polsat,CI Polsat,CI Polsat [Polsat Crime & Investigation Network],
2026_07,NBCU SciFi Universal,Agata,AKB,0.0006417519083969465,NBCU SciFi Universal,Scifi Universal,Scifi Universal,
2026_07,SPI Kino Polska Muzyka,Agata,AKB,0.00030626691588785045,SPI Kino Polska Muzyka,Kino Polska Muzyka,Kino Polska Muzyka,
2026_07,Polsat Games,Agata,AKB,0.00023718141592920353,Polsat Games,Polsat Games,Polsat Games,
2026_07,FilmBox+ hits,Rafał,AKB,0.00043400000000000003,FilmBox+ hits,FILMBOX+ Hits,FILMBOX+ Hits [FILMBOX Premium],
2026_07,Sundance TV,Agata,AKB,0.00026599999999999996,Sundance TV,Sundance Channel,Sundance Channel,
2026_07,SPI Gametoon,Agata,AKB,1.32e-05,SPI Gametoon,Gametoon,Gametoon,
2026_07,Golf Zone,Agata,AKB,1.739130434782609e-05,Golf Zone,Golf Zone,Golf Zone [Golf Channel Polska],
2026_07,Novelas+1,Agata,AKB,0.00015603100775193798,Novelas+1,Novelas+1,Novelas+1 [DIZI],
2026_07,Stopklatka,Dariusz,AKB,0.011163156338912137,Stopklatka,Stopklatka,Stopklatka,
2026_07,Polsat News,Dariusz,AKB,0.009593429211612249,Polsat News,Polsat News,Polsat News,
2026_07,Wydarzenia24,Dariusz,AKB,0.008637768965517241,Wydarzenia24,Wydarzenia24,Wydarzenia 24 [Superstacja],
2026_07,Polsat Film,Dariusz,AKB,0.00563066798732171,Polsat Film,Polsat Film,Polsat Film,
2026_07,MiniMini+,Dariusz,AKB,0.0022265498938428873,MiniMini+,MiniMini+,MiniMini+ [MiniMini],
2026_07,Planete+,Dariusz,AKB,0.0018124422464375523,Planete+,Planete+,Planete+ [Planete],
2026_07,Polsat Doku,Dariusz,AKB,0.001142025823111685,Polsat Doku,Polsat Doku,Polsat Doku,
2026_07,BBC CBeebies,Dariusz,AKB,0.001364440362537764,BBC CBeebies,BBC CBeebies,BBC CBeebies,
2026_07,Polsat JimJam,Dariusz,AKB,0.0007941533333333333,Polsat JimJam,Polsat JimJam,Polsat JimJam [JimJam],
2026_07,Polsat News Polityka,Dariusz,AKB,0.0002902937114673243,Polsat News Polityka,Polsat News Polityka,Polsat News Polityka,
2026_07,Polsat News 2,Dariusz,AKB,0.000733848743718593,Polsat News 2,Polsat News 2,Polsat News 2 [Polsat Biznes],
2026_07,teleTOON+,Dariusz,AKB,0.00033999999999999997,teleTOON+,teleTOON+,teleTOON+ [ZigZap/Hyper],
2026_07,Polsat Film 2,Dariusz,AKB,0.0008172668789808916,Polsat Film 2,Polsat Film 2,Polsat Film 2,
2026_07,Extreme Sports,Dariusz,AKB,6.80952380952381e-06,Extreme Sports,Extreme Sports,Extreme Sports,
2026_07,Novela TV,Dariusz,AKB,5.157894736842105e-05,Novela TV,Novela TV,Novela TV,
2026_07,DaVinci,Dariusz,AKB,2.8082352941176464e-05,DaVinci,Da Vinci,Da Vinci [Da Vinci Learning],
2026_07,DocuBox,Dariusz,AKB,5.6e-05,DocuBox,DocuBox,DocuBox,
2026_07,Szóstka,Piotr,AKB,0.01625618585954126,Szóstka,TV6,TV6,
2026_07,Super Polsat,Piotr,AKB,0.009552499774184809,Super Polsat,Super Polsat,Super Polsat [Polsat Sport News],
2026_07,WPOLSCE24,Piotr,AKB,0.008666826770662977,WPOLSCE24,wPolsce24,wPolsce24 [Telewizja WPOLSCE.PL],
2026_07,AXN,Piotr,AKB,0.003039164516129032,AXN,AXN,AXN,
2026_07,BBC First,Piotr,AKB,0.002382302483069977,BBC First,BBC First,BBC First [BBC HD],
2026_07,Stars.tv,Piotr,AKB,0.001922046147332769,Stars.tv,Stars.tv,Stars.tv,
2026_07,AXN Black,Piotr,AKB,0.0015236269430051817,AXN Black,AXN Black,AXN Black [AXN Sci-Fi],
2026_07,BBC Earth,Piotr,AKB,0.0015920339622641508,BBC Earth,BBC Earth,BBC Earth [BBC Knowledge],
2026_07,BBC Lifestyle,Piotr,AKB,0.0006398822447102117,BBC Lifestyle,BBC Lifestyle,BBC Lifestyle,
2026_07,Polsat Sport 3,Piotr,AKB,0.0007488386718750001,Polsat Sport 3,Polsat Sport 3,Polsat Sport 3 [Polsat Sport News HD],
2026_07,Polsat Rodzina,Piotr,AKB,0.0007875,Polsat Rodzina,Polsat Rodzina,Polsat Rodzina,
2026_07,AXN White,Piotr,AKB,0.0007328056042031524,AXN White,AXN White,AXN White [AXN Crime],
2026_07,BBC Brit,Piotr,AKB,0.0005683247999999999,BBC Brit,BBC Brit,BBC Brit [BBC Entertainment],
2026_07,Polsat Music,Piotr,AKB,0.0004096930232558139,Polsat Music,Polsat Music HD,Polsat Music HD [Muzo.tv],
2026_07,AXN Spin,Piotr,AKB,0.0001632785046728972,AXN Spin,AXN Spin,AXN Spin,
2026_07,CANAL+ Extra1,Piotr,AKB,5.9e-05,CANAL+ Extra1,CANAL+ Extra 1,CANAL+ EXTRA 1,
2026_07,CANAL+ Extra2,Piotr,AKB,4e-05,CANAL+ Extra2,CANAL+ Extra 2,CANAL+ EXTRA 2,
2026_07,Puls,Rafał,AKB,0.03487968170767863,Puls,TV PULS,TV PULS [PULS],
2026_07,Eska TV,Rafał,AKB,0.0035047011618426415,Eska TV,Eska TV [8TV],Eska TV [8TV],
2026_07,Polsat Play,Rafał,AKB,0.004083825680272109,Polsat Play,Polsat Play,Polsat Play,
2026_07,Polo TV,Rafał,AKB,0.002654339952343129,Polo TV,Polo TV,Polo TV,
2026_07,FilmBox+ one,Rafał,AKB,0.0025272741372625047,FilmBox+ one,FILMBOX+ One,FILMBOX+ One [Kino TV],
2026_07,Polsat Sport 2,Rafał,AKB,0.0013516462809917355,Polsat Sport 2,Polsat Sport 2,Polsat Sport 2 [Polsat Sport Extra],
2026_07,Kabaret TV,Rafał,AKB,0.0015652136901057872,Kabaret TV,Kabaret TV,Kabaret TV,
2026_07,Canal+ Sport5,Rafał,AKB,0.0016260743183817063,Canal+ Sport5,Canal+ SPORT5,CANAL+ SPORT5 [nSport+],
2026_07,AMC,Rafał,AKB,0.0019533443786982248,AMC,AMC,AMC [MGM],
2026_07,Canal+ 360,Rafał,AKB,0.0009450783200908059,Canal+ 360,CANAL+ 360,Canal+ 360 [Canal+ Family],
2026_07,Polsat Reality,Rafał,AKB,0.0005215,Polsat Reality,Polsat Reality,Polsat Reality,
2026_07,Canal+ Sport,Rafał,AKB,0.000822884012539185,Canal+ Sport,Canal+ Sport,CANAL+ SPORT [Canal+ Niebieski],
2026_07,Viasat True Crime,Rafał,AKB,0.0005051397489539749,Viasat True Crime,Viasat True Crime,Viasat True Crime,
2026_07,Polsat X,Rafał,AKB,0.000475,Polsat X,Polsat X,Polsat X,
2026_07,Canal+ Sport4,Rafał,AKB,6.260526315789474e-05,Canal+ Sport4,CANAL+ SPORT4,CANAL+ SPORT4,
2026_07,FilmBox+ action,Rafał,AKB,0.000281,FilmBox+ action,FILMBOX+ Action,FILMBOX+ Action [FILMBOX Action],
2026_07,FilmBox+ emotion,Rafał,AKB,0.000131,FilmBox+ emotion,FILMBOX+ Emotion,FILMBOX+ Emotion [FILMBOX Extra],
2026_07,FilmBox+ comedy,Rafał,AKB,0.0,FilmBox+ comedy,FILMBOX+ Comedy,FILMBOX+ Comedy [FILMBOX Family],
2026_07,TV Republika,Wiola,AKB,0.03540251712562287,TV Republika,Republika,Republika [TV Republika],
2026_07,Czwórka,Wiola,AKB,0.029893620816634416,Czwórka,TV4 pl,TV4,
2026_07,Polsat Cafe,Wiola,AKB,0.0030324122508507533,Polsat Cafe,Polsat Cafe,Polsat Cafe,
2026_07,4FUN.TV,Wiola,AKB,0.0022867237296497287,4FUN.TV,4FUN.TV,4FUN.TV [4fun.tv],
2026_07,Polsat Viasat History,Wiola,AKB,0.0014357378768020967,Polsat Viasat History,Polsat Viasat History,Polsat Viasat History [Viasat History],
2026_07,CANAL+ KUCHNIA,Wiola,AKB,0.0011178240713224368,CANAL+ KUCHNIA,CANAL+ KUCHNIA,CANAL+ KUCHNIA [kuchnia+],
2026_07,NBCU 13 Ulica,Wiola,AKB,0.0011813055700156166,NBCU 13 Ulica,13 Ulica,13 Ulica [13th Street Universal],
2026_07,Canal+ Domo,Wiola,AKB,0.001177224468988955,Canal+ Domo,CANAL+ DOMO,CANAL+ DOMO [Domo+],
2026_07,Viasat Epic Drama,Wiola,AKB,0.000131,Viasat Epic Drama,Viasat Epic Drama,Viasat Epic Drama [Epic Drama],
2026_07,4FUN KIDS,Wiola,AKB,0.0007872805466237942,4FUN KIDS,4FUN KIDS,4FUN KIDS [4FUN GOLD],
2026_07,Polsat Viasat Explore,Wiola,AKB,0.0006411840721262208,Polsat Viasat Explore,Polsat Viasat Explore,Polsat Viasat Explore [Polsat Viasat Explorer],
2026_07,Polsat Viasat Nature,Wiola,AKB,0.0004711885057471264,Polsat Viasat Nature,Polsat Viasat Nature,Polsat Viasat Nature [Viasat Nature],
2026_07,4FUN DANCE,Wiola,AKB,0.00045695180722891575,4FUN DANCE,4FUN DANCE,4FUN DANCE [4FUN FIT&DANCE],
2026_07,NBCU E Entertainment,Wiola,AKB,7.75e-05,NBCU E Entertainment,E!Entertainment,E!Entertainment [E!],
2026_07,ZERO,Wiola,AKB,0.0015,ZERO,ZERO,ZERO,
2026_07,CANAL+ Seriale,Wiola,AKB,0.000125,CANAL+ Seriale,Canal+ Seriale,Canal+ Seriale [Canal+ Film 2],
2026_07,CANAL+ Dokument,Wiola,AKB,0.000208,CANAL+ Dokument,Canal+ Dokument,Canal+ Dokument [Canal+ Discovery],
2026_07,TVN,,AKB,0.06998206732572734,TVN,TVN,TVN,
2026_07,TVP1,,AKB,0.05889527488379713,TVP1,TVP1,TVP1,
2026_07,TVP2,,AKB,0.04310220600807254,TVP2,TVP2,TVP2,
2026_07,Polsat,Maciej,BW,0.0691,Polsat,Polsat,Polsat,
2026_07,Polsat Sport 1,Adam,BW,0.0058,Polsat Sport 1,Polsat Sport 1,Polsat Sport 1 [Polsat Sport],
2026_07,Fokus TV,Adam,BW,0.0081,Fokus TV,Fokus TV,Fokus TV,
2026_07,Polsat 2,Adam,BW,0.0078,Polsat 2,Polsat2,Polsat2,
2026_07,WP,Adam,BW,0.004863666666666666,WP,WP,WP,
2026_07,Nowa TV,Adam,BW,0.0033399999999999997,Nowa TV,Nowa TV,Nowa TV,
2026_07,Eleven Sports 1,Adam,BW,0.001581,Eleven Sports 1,Eleven Sports 1,Eleven Sports 1 [Eleven],
2026_07,Canal+ Sport3,Adam,BW,0.0011,Canal+ Sport3,CANAL+ SPORT3,CANAL+ SPORT3,
2026_07,Disco Polo Music,Adam,BW,0.00046100000000000004,Disco Polo Music,Disco Polo Music,Disco Polo Music,
2026_07,TELE5,Adam,BW,0.0006843333333333333,TELE5,Tele5,Tele5,
2026_07,Eska TV Extra,Adam,BW,0.00040600000000000006,Eska TV Extra,Eska Extra [Eska TV],Eska TV Extra [Eska TV],
2026_07,Vox Music TV,Adam,BW,0.00024400000000000005,Vox Music TV,Vox Music TV,Vox Music TV,
2026_07,Canal+ Sport2,Adam,BW,0.0004,Canal+ Sport2,Canal+ Sport2,CANAL+ SPORT2,
2026_07,Eska Rock TV,Adam,BW,0.00023866666666666668,Eska Rock TV,Eska Rock TV,Eska Rock TV [HIP HOP TV],
2026_07,POLONIA1,Adam,BW,0.00028300000000000005,POLONIA1,Polonia 1,Polonia1,
2026_07,Eleven Sports 2,Adam,BW,0.000323,Eleven Sports 2,Eleven Sports 2,Eleven Sports 2 [Eleven Sports],
2026_07,Water Planet,Adam,BW,9.6e-05,Water Planet,Water Planet,Water Planet [CSB TV],
2026_07,TVT,Adam,BW,3.466666666666667e-05,TVT,TVT,TVT,
2026_07,Puls 2,Agata,BW,0.015601333333333333,Puls 2,Puls 2,Puls 2,
2026_07,ZOOM,Agata,BW,0.004,ZOOM,ZOOM,ZOOM [Zoom TV],
2026_07,History,Agata,BW,0.0039499999999999995,History,History,HISTORY,
2026_07,Polsat Seriale,Agata,BW,0.004031,Polsat Seriale,Polsat Seriale,Polsat Seriale [Polsat Romans],
2026_07,SPI Kino Polska,Agata,BW,0.0029289999999999997,SPI Kino Polska,Kino Polska,Kino Polska,
2026_07,Novelas+,Agata,BW,0.001664,Novelas+,Novelas,Novelas,
2026_07,History2,Agata,BW,0.0020076666666666667,History2,History2 [H2],HISTORY2 [H2],
2026_07,Ale Kino+,Agata,BW,0.0011513333333333332,Ale Kino+,Ale Kino+,Ale Kino+ [Ale Kino],
2026_07,CI Polsat,Agata,BW,0.0010396666666666666,CI Polsat,CI Polsat,CI Polsat [Polsat Crime & Investigation Network],
2026_07,NBCU SciFi Universal,Agata,BW,0.0006003333333333334,NBCU SciFi Universal,Scifi Universal,Scifi Universal,
2026_07,SPI Kino Polska Muzyka,Agata,BW,0.0003476666666666667,SPI Kino Polska Muzyka,Kino Polska Muzyka,Kino Polska Muzyka,
2026_07,Polsat Games,Agata,BW,0.000286,Polsat Games,Polsat Games,Polsat Games,
2026_07,FilmBox+ hits,Rafał,BW,0.0003483333333333333,FilmBox+ hits,FILMBOX+ Hits,FILMBOX+ Hits [FILMBOX Premium],
2026_07,Sundance TV,Agata,BW,0.00013099999999999999,Sundance TV,Sundance Channel,Sundance Channel,
2026_07,SPI Gametoon,Agata,BW,1.2e-05,SPI Gametoon,Gametoon,Gametoon,
2026_07,Golf Zone,Agata,BW,5.566666666666667e-05,Golf Zone,Golf Zone,Golf Zone [Golf Channel Polska],
2026_07,Novelas+1,Agata,BW,0.00014633333333333333,Novelas+1,Novelas+1,Novelas+1 [DIZI],
2026_07,Stopklatka,Dariusz,BW,0.011032666666666668,Stopklatka,Stopklatka,Stopklatka,
2026_07,Polsat News,Dariusz,BW,0.010567,Polsat News,Polsat News,Polsat News,
2026_07,Wydarzenia24,Dariusz,BW,0.010345666666666666,Wydarzenia24,Wydarzenia24,Wydarzenia 24 [Superstacja],
2026_07,Polsat Film,Dariusz,BW,0.0061,Polsat Film,Polsat Film,Polsat Film,
2026_07,MiniMini+,Dariusz,BW,0.0018329999999999998,MiniMini+,MiniMini+,MiniMini+ [MiniMini],
2026_07,Planete+,Dariusz,BW,0.0014333333333333333,Planete+,Planete+,Planete+ [Planete],
2026_07,Polsat Doku,Dariusz,BW,0.001065,Polsat Doku,Polsat Doku,Polsat Doku,
2026_07,BBC CBeebies,Dariusz,BW,0.0009680000000000001,BBC CBeebies,BBC CBeebies,BBC CBeebies,
2026_07,Polsat JimJam,Dariusz,BW,0.0009036666666666667,Polsat JimJam,Polsat JimJam,Polsat JimJam [JimJam],
2026_07,Polsat News Polityka,Dariusz,BW,0.000518,Polsat News Polityka,Polsat News Polityka,Polsat News Polityka,
2026_07,Polsat News 2,Dariusz,BW,0.0008013333333333333,Polsat News 2,Polsat News 2,Polsat News 2 [Polsat Biznes],
2026_07,teleTOON+,Dariusz,BW,0.00028933333333333334,teleTOON+,teleTOON+,teleTOON+ [ZigZap/Hyper],
2026_07,Polsat Film 2,Dariusz,BW,0.0006133333333333334,Polsat Film 2,Polsat Film 2,Polsat Film 2,
2026_07,Extreme Sports,Dariusz,BW,0.0001,Extreme Sports,Extreme Sports,Extreme Sports,
2026_07,Novela TV,Dariusz,BW,0.00010466666666666666,Novela TV,Novela TV,Novela TV,
2026_07,DaVinci,Dariusz,BW,7.366666666666666e-05,DaVinci,Da Vinci,Da Vinci [Da Vinci Learning],
2026_07,DocuBox,Dariusz,BW,5.766666666666667e-05,DocuBox,DocuBox,DocuBox,
2026_07,Szóstka,Piotr,BW,0.016853666666666666,Szóstka,TV6,TV6,
2026_07,Super Polsat,Piotr,BW,0.010929666666666666,Super Polsat,Super Polsat,Super Polsat [Polsat Sport News],
2026_07,WPOLSCE24,Piotr,BW,0.008169333333333332,WPOLSCE24,wPolsce24,wPolsce24 [Telewizja WPOLSCE.PL],
2026_07,AXN,Piotr,BW,0.0029526666666666664,AXN,AXN,AXN,
2026_07,BBC First,Piotr,BW,0.0024466666666666664,BBC First,BBC First,BBC First [BBC HD],
2026_07,Stars.tv,Piotr,BW,0.0020410000000000003,Stars.tv,Stars.tv,Stars.tv,
2026_07,AXN Black,Piotr,BW,0.001158,AXN Black,AXN Black,AXN Black [AXN Sci-Fi],
2026_07,BBC Earth,Piotr,BW,0.0014193333333333332,BBC Earth,BBC Earth,BBC Earth [BBC Knowledge],
2026_07,BBC Lifestyle,Piotr,BW,0.000588,BBC Lifestyle,BBC Lifestyle,BBC Lifestyle,
2026_07,Polsat Sport 3,Piotr,BW,0.0005206666666666667,Polsat Sport 3,Polsat Sport 3,Polsat Sport 3 [Polsat Sport News HD],
2026_07,Polsat Rodzina,Piotr,BW,0.0010303333333333334,Polsat Rodzina,Polsat Rodzina,Polsat Rodzina,
2026_07,AXN White,Piotr,BW,0.0006946666666666667,AXN White,AXN White,AXN White [AXN Crime],
2026_07,BBC Brit,Piotr,BW,0.0007093333333333332,BBC Brit,BBC Brit,BBC Brit [BBC Entertainment],
2026_07,Polsat Music,Piotr,BW,0.0004003333333333333,Polsat Music,Polsat Music HD,Polsat Music HD [Muzo.tv],
2026_07,AXN Spin,Piotr,BW,0.000136,AXN Spin,AXN Spin,AXN Spin,
2026_07,CANAL+ Extra1,Piotr,BW,0.0005,CANAL+ Extra1,CANAL+ Extra 1,CANAL+ EXTRA 1,
2026_07,CANAL+ Extra2,Piotr,BW,4.6e-05,CANAL+ Extra2,CANAL+ Extra 2,CANAL+ EXTRA 2,
2026_07,Puls,Rafał,BW,0.0387,Puls,TV PULS,TV PULS [PULS],
2026_07,Eska TV,Rafał,BW,0.0044,Eska TV,Eska TV [8TV],Eska TV [8TV],
2026_07,Polsat Play,Rafał,BW,0.003412,Polsat Play,Polsat Play,Polsat Play,
2026_07,Polo TV,Rafał,BW,0.0028803333333333333,Polo TV,Polo TV,Polo TV,
2026_07,FilmBox+ one,Rafał,BW,0.0022693333333333337,FilmBox+ one,FILMBOX+ One,FILMBOX+ One [Kino TV],
2026_07,Polsat Sport 2,Rafał,BW,0.001,Polsat Sport 2,Polsat Sport 2,Polsat Sport 2 [Polsat Sport Extra],
2026_07,Kabaret TV,Rafał,BW,0.0016856666666666667,Kabaret TV,Kabaret TV,Kabaret TV,
2026_07,Canal+ Sport5,Rafał,BW,0.001,Canal+ Sport5,Canal+ SPORT5,CANAL+ SPORT5 [nSport+],
2026_07,AMC,Rafał,BW,0.0022633333333333333,AMC,AMC,AMC [MGM],
2026_07,Canal+ 360,Rafał,BW,0.000998,Canal+ 360,CANAL+ 360,Canal+ 360 [Canal+ Family],
2026_07,Polsat Reality,Rafał,BW,0.0003993333333333333,Polsat Reality,Polsat Reality,Polsat Reality,
2026_07,Canal+ Sport,Rafał,BW,0.0007,Canal+ Sport,Canal+ Sport,CANAL+ SPORT [Canal+ Niebieski],
2026_07,Viasat True Crime,Rafał,BW,0.00030033333333333333,Viasat True Crime,Viasat True Crime,Viasat True Crime,
2026_07,Polsat X,Rafał,BW,0.000328,Polsat X,Polsat X,Polsat X,
2026_07,Canal+ Sport4,Rafał,BW,0.00015833333333333332,Canal+ Sport4,CANAL+ SPORT4,CANAL+ SPORT4,
2026_07,FilmBox+ action,Rafał,BW,0.00025800000000000004,FilmBox+ action,FILMBOX+ Action,FILMBOX+ Action [FILMBOX Action],
2026_07,FilmBox+ emotion,Rafał,BW,0.00025666666666666665,FilmBox+ emotion,FILMBOX+ Emotion,FILMBOX+ Emotion [FILMBOX Extra],
2026_07,FilmBox+ comedy,Rafał,BW,0.000165,FilmBox+ comedy,FILMBOX+ Comedy,FILMBOX+ Comedy [FILMBOX Family],
2026_07,TV Republika,Wiola,BW,0.032281,TV Republika,Republika,Republika [TV Republika],
2026_07,Czwórka,Wiola,BW,0.0301,Czwórka,TV4 pl,TV4,
2026_07,Polsat Cafe,Wiola,BW,0.0029,Polsat Cafe,Polsat Cafe,Polsat Cafe,
2026_07,4FUN.TV,Wiola,BW,0.0019326666666666665,4FUN.TV,4FUN.TV,4FUN.TV [4fun.tv],
2026_07,Polsat Viasat History,Wiola,BW,0.0011346666666666666,Polsat Viasat History,Polsat Viasat History,Polsat Viasat History [Viasat History],
2026_07,CANAL+ KUCHNIA,Wiola,BW,0.0009843333333333334,CANAL+ KUCHNIA,CANAL+ KUCHNIA,CANAL+ KUCHNIA [kuchnia+],
2026_07,NBCU 13 Ulica,Wiola,BW,0.0014556666666666667,NBCU 13 Ulica,13 Ulica,13 Ulica [13th Street Universal],
2026_07,Canal+ Domo,Wiola,BW,0.000991,Canal+ Domo,CANAL+ DOMO,CANAL+ DOMO [Domo+],
2026_07,Viasat Epic Drama,Wiola,BW,0.0005,Viasat Epic Drama,Viasat Epic Drama,Viasat Epic Drama [Epic Drama],
2026_07,4FUN KIDS,Wiola,BW,0.0007610000000000001,4FUN KIDS,4FUN KIDS,4FUN KIDS [4FUN GOLD],
2026_07,Polsat Viasat Explore,Wiola,BW,0.0008056666666666667,Polsat Viasat Explore,Polsat Viasat Explore,Polsat Viasat Explore [Polsat Viasat Explorer],
2026_07,Polsat Viasat Nature,Wiola,BW,0.000364,Polsat Viasat Nature,Polsat Viasat Nature,Polsat Viasat Nature [Viasat Nature],
2026_07,4FUN DANCE,Wiola,BW,0.0005113333333333333,4FUN DANCE,4FUN DANCE,4FUN DANCE [4FUN FIT&DANCE],
2026_07,NBCU E Entertainment,Wiola,BW,8.033333333333334e-05,NBCU E Entertainment,E!Entertainment,E!Entertainment [E!],
2026_07,ZERO,Wiola,BW,0.0015,ZERO,ZERO,ZERO,
2026_07,CANAL+ Seriale,Wiola,BW,0.000173,CANAL+ Seriale,Canal+ Seriale,Canal+ Seriale [Canal+ Film 2],
2026_07,CANAL+ Dokument,Wiola,BW,0.000222,CANAL+ Dokument,Canal+ Dokument,Canal+ Dokument [Canal+ Discovery],
2026_07,TVN,,BW,0.07,TVN,TVN,TVN,
2026_07,TVP1,,BW,0.06,TVP1,TVP1,TVP1,
2026_07,TVP2,,BW,0.042,TVP2,TVP2,TVP2,
2026_07,Polsat,Maciej,KB,0.068,Polsat,Polsat,Polsat,
2026_07,Polsat Sport 1,Adam,KB,0.006,Polsat Sport 1,Polsat Sport 1,Polsat Sport 1 [Polsat Sport],
2026_07,Fokus TV,Adam,KB,0.0084,Fokus TV,Fokus TV,Fokus TV,
2026_07,Polsat 2,Adam,KB,0.0075,Polsat 2,Polsat2,Polsat2,
2026_07,WP,Adam,KB,0.0059,WP,WP,WP,
2026_07,Nowa TV,Adam,KB,0.003468,Nowa TV,Nowa TV,Nowa TV,
2026_07,Eleven Sports 1,Adam,KB,0.0012,Eleven Sports 1,Eleven Sports 1,Eleven Sports 1 [Eleven],
2026_07,Canal+ Sport3,Adam,KB,0.0008254060185185185,Canal+ Sport3,CANAL+ SPORT3,CANAL+ SPORT3,
2026_07,Disco Polo Music,Adam,KB,0.0005,Disco Polo Music,Disco Polo Music,Disco Polo Music,
2026_07,TELE5,Adam,KB,0.0007,TELE5,Tele5,Tele5,
2026_07,Eska TV Extra,Adam,KB,0.0005,Eska TV Extra,Eska Extra [Eska TV],Eska TV Extra [Eska TV],
2026_07,Vox Music TV,Adam,KB,0.00044799625935162095,Vox Music TV,Vox Music TV,Vox Music TV,
2026_07,Canal+ Sport2,Adam,KB,0.0002466896551724138,Canal+ Sport2,Canal+ Sport2,CANAL+ SPORT2,
2026_07,Eska Rock TV,Adam,KB,0.0002,Eska Rock TV,Eska Rock TV,Eska Rock TV [HIP HOP TV],
2026_07,POLONIA1,Adam,KB,0.0003,POLONIA1,Polonia 1,Polonia1,
2026_07,Eleven Sports 2,Adam,KB,0.0001,Eleven Sports 2,Eleven Sports 2,Eleven Sports 2 [Eleven Sports],
2026_07,Water Planet,Adam,KB,4.44406779661017e-05,Water Planet,Water Planet,Water Planet [CSB TV],
2026_07,TVT,Adam,KB,0.0001,TVT,TVT,TVT,
2026_07,Puls 2,Agata,KB,0.0168,Puls 2,Puls 2,Puls 2,
2026_07,ZOOM,Agata,KB,0.0039,ZOOM,ZOOM,ZOOM [Zoom TV],
2026_07,History,Agata,KB,0.0038,History,History,HISTORY,
2026_07,Polsat Seriale,Agata,KB,0.0041,Polsat Seriale,Polsat Seriale,Polsat Seriale [Polsat Romans],
2026_07,SPI Kino Polska,Agata,KB,0.0031,SPI Kino Polska,Kino Polska,Kino Polska,
2026_07,Novelas+,Agata,KB,0.001715318994413408,Novelas+,Novelas,Novelas,
2026_07,History2,Agata,KB,0.0021,History2,History2 [H2],HISTORY2 [H2],
2026_07,Ale Kino+,Agata,KB,0.001213236842105263,Ale Kino+,Ale Kino+,Ale Kino+ [Ale Kino],
2026_07,CI Polsat,Agata,KB,0.0012,CI Polsat,CI Polsat,CI Polsat [Polsat Crime & Investigation Network],
2026_07,NBCU SciFi Universal,Agata,KB,0.0005,NBCU SciFi Universal,Scifi Universal,Scifi Universal,
2026_07,SPI Kino Polska Muzyka,Agata,KB,0.0006241145038167939,SPI Kino Polska Muzyka,Kino Polska Muzyka,Kino Polska Muzyka,
2026_07,Polsat Games,Agata,KB,0.0004,Polsat Games,Polsat Games,Polsat Games,
2026_07,FilmBox+ hits,Rafał,KB,0.00011299999999999998,FilmBox+ hits,FILMBOX+ Hits,FILMBOX+ Hits [FILMBOX Premium],
2026_07,Sundance TV,Agata,KB,0.00015589473684210524,Sundance TV,Sundance Channel,Sundance Channel,
2026_07,SPI Gametoon,Agata,KB,1.2807691114420453e-05,SPI Gametoon,Gametoon,Gametoon,
2026_07,Golf Zone,Agata,KB,0.0001,Golf Zone,Golf Zone,Golf Zone [Golf Channel Polska],
2026_07,Novelas+1,Agata,KB,0.0001603888888888889,Novelas+1,Novelas+1,Novelas+1 [DIZI],
2026_07,Stopklatka,Dariusz,KB,0.011,Stopklatka,Stopklatka,Stopklatka,
2026_07,Polsat News,Dariusz,KB,0.0104,Polsat News,Polsat News,Polsat News,
2026_07,Wydarzenia24,Dariusz,KB,0.0098,Wydarzenia24,Wydarzenia24,Wydarzenia 24 [Superstacja],
2026_07,Polsat Film,Dariusz,KB,0.0055,Polsat Film,Polsat Film,Polsat Film,
2026_07,MiniMini+,Dariusz,KB,0.001953,MiniMini+,MiniMini+,MiniMini+ [MiniMini],
2026_07,Planete+,Dariusz,KB,0.001522,Planete+,Planete+,Planete+ [Planete],
2026_07,Polsat Doku,Dariusz,KB,0.0011,Polsat Doku,Polsat Doku,Polsat Doku,
2026_07,BBC CBeebies,Dariusz,KB,0.001206749506903353,BBC CBeebies,BBC CBeebies,BBC CBeebies,
2026_07,Polsat JimJam,Dariusz,KB,0.0009,Polsat JimJam,Polsat JimJam,Polsat JimJam [JimJam],
2026_07,Polsat News Polityka,Dariusz,KB,0.0005,Polsat News Polityka,Polsat News Polityka,Polsat News Polityka,
2026_07,Polsat News 2,Dariusz,KB,0.0008,Polsat News 2,Polsat News 2,Polsat News 2 [Polsat Biznes],
2026_07,teleTOON+,Dariusz,KB,0.000277,teleTOON+,teleTOON+,teleTOON+ [ZigZap/Hyper],
2026_07,Polsat Film 2,Dariusz,KB,0.0005,Polsat Film 2,Polsat Film 2,Polsat Film 2,
2026_07,Extreme Sports,Dariusz,KB,0.0001,Extreme Sports,Extreme Sports,Extreme Sports,
2026_07,Novela TV,Dariusz,KB,0.00014785849056603775,Novela TV,Novela TV,Novela TV,
2026_07,DaVinci,Dariusz,KB,0.0001,DaVinci,Da Vinci,Da Vinci [Da Vinci Learning],
2026_07,DocuBox,Dariusz,KB,0.0001,DocuBox,DocuBox,DocuBox,
2026_07,Szóstka,Piotr,KB,0.0163,Szóstka,TV6,TV6,
2026_07,Super Polsat,Piotr,KB,0.011035505646918962,Super Polsat,Super Polsat,Super Polsat [Polsat Sport News],
2026_07,WPOLSCE24,Piotr,KB,0.008,WPOLSCE24,wPolsce24,wPolsce24 [Telewizja WPOLSCE.PL],
2026_07,AXN,Piotr,KB,0.003,AXN,AXN,AXN,
2026_07,BBC First,Piotr,KB,0.00253193359073359,BBC First,BBC First,BBC First [BBC HD],
2026_07,Stars.tv,Piotr,KB,0.002,Stars.tv,Stars.tv,Stars.tv,
2026_07,AXN Black,Piotr,KB,0.0018,AXN Black,AXN Black,AXN Black [AXN Sci-Fi],
2026_07,BBC Earth,Piotr,KB,0.001523519442096365,BBC Earth,BBC Earth,BBC Earth [BBC Knowledge],
2026_07,BBC Lifestyle,Piotr,KB,0.0008019667250437828,BBC Lifestyle,BBC Lifestyle,BBC Lifestyle,
2026_07,Polsat Sport 3,Piotr,KB,0.0006,Polsat Sport 3,Polsat Sport 3,Polsat Sport 3 [Polsat Sport News HD],
2026_07,Polsat Rodzina,Piotr,KB,0.0008,Polsat Rodzina,Polsat Rodzina,Polsat Rodzina,
2026_07,AXN White,Piotr,KB,0.0005112026476578411,AXN White,AXN White,AXN White [AXN Crime],
2026_07,BBC Brit,Piotr,KB,0.0006988951382268828,BBC Brit,BBC Brit,BBC Brit [BBC Entertainment],
2026_07,Polsat Music,Piotr,KB,0.0005,Polsat Music,Polsat Music HD,Polsat Music HD [Muzo.tv],
2026_07,AXN Spin,Piotr,KB,0.0001,AXN Spin,AXN Spin,AXN Spin,
2026_07,CANAL+ Extra1,Piotr,KB,0.0002,CANAL+ Extra1,CANAL+ Extra 1,CANAL+ EXTRA 1,
2026_07,CANAL+ Extra2,Piotr,KB,7.4e-05,CANAL+ Extra2,CANAL+ Extra 2,CANAL+ EXTRA 2,
2026_07,Puls,Rafał,KB,0.0388,Puls,TV PULS,TV PULS [PULS],
2026_07,Eska TV,Rafał,KB,0.004547094673123486,Eska TV,Eska TV [8TV],Eska TV [8TV],
2026_07,Polsat Play,Rafał,KB,0.0031,Polsat Play,Polsat Play,Polsat Play,
2026_07,Polo TV,Rafał,KB,0.003,Polo TV,Polo TV,Polo TV,
2026_07,FilmBox+ one,Rafał,KB,0.0023,FilmBox+ one,FILMBOX+ One,FILMBOX+ One [Kino TV],
2026_07,Polsat Sport 2,Rafał,KB,0.0012,Polsat Sport 2,Polsat Sport 2,Polsat Sport 2 [Polsat Sport Extra],
2026_07,Kabaret TV,Rafał,KB,0.0015,Kabaret TV,Kabaret TV,Kabaret TV,
2026_07,Canal+ Sport5,Rafał,KB,0.0012,Canal+ Sport5,Canal+ SPORT5,CANAL+ SPORT5 [nSport+],
2026_07,AMC,Rafał,KB,0.002,AMC,AMC,AMC [MGM],
2026_07,Canal+ 360,Rafał,KB,0.0009995657142857143,Canal+ 360,CANAL+ 360,Canal+ 360 [Canal+ Family],
2026_07,Polsat Reality,Rafał,KB,0.0004,Polsat Reality,Polsat Reality,Polsat Reality,
2026_07,Canal+ Sport,Rafał,KB,0.0006,Canal+ Sport,Canal+ Sport,CANAL+ SPORT [Canal+ Niebieski],
2026_07,Viasat True Crime,Rafał,KB,0.000321,Viasat True Crime,Viasat True Crime,Viasat True Crime,
2026_07,Polsat X,Rafał,KB,0.0003,Polsat X,Polsat X,Polsat X,
2026_07,Canal+ Sport4,Rafał,KB,0.0001,Canal+ Sport4,CANAL+ SPORT4,CANAL+ SPORT4,
2026_07,FilmBox+ action,Rafał,KB,0.0003,FilmBox+ action,FILMBOX+ Action,FILMBOX+ Action [FILMBOX Action],
2026_07,FilmBox+ emotion,Rafał,KB,0.0002,FilmBox+ emotion,FILMBOX+ Emotion,FILMBOX+ Emotion [FILMBOX Extra],
2026_07,FilmBox+ comedy,Rafał,KB,0.0003,FilmBox+ comedy,FILMBOX+ Comedy,FILMBOX+ Comedy [FILMBOX Family],
2026_07,TV Republika,Wiola,KB,0.0303,TV Republika,Republika,Republika [TV Republika],
2026_07,Czwórka,Wiola,KB,0.0285,Czwórka,TV4 pl,TV4,
2026_07,Polsat Cafe,Wiola,KB,0.0028,Polsat Cafe,Polsat Cafe,Polsat Cafe,
2026_07,4FUN.TV,Wiola,KB,0.002,4FUN.TV,4FUN.TV,4FUN.TV [4fun.tv],
2026_07,Polsat Viasat History,Wiola,KB,0.001139,Polsat Viasat History,Polsat Viasat History,Polsat Viasat History [Viasat History],
2026_07,CANAL+ KUCHNIA,Wiola,KB,0.001,CANAL+ KUCHNIA,CANAL+ KUCHNIA,CANAL+ KUCHNIA [kuchnia+],
2026_07,NBCU 13 Ulica,Wiola,KB,0.001415544117647059,NBCU 13 Ulica,13 Ulica,13 Ulica [13th Street Universal],
2026_07,Canal+ Domo,Wiola,KB,0.001,Canal+ Domo,CANAL+ DOMO,CANAL+ DOMO [Domo+],
2026_07,Viasat Epic Drama,Wiola,KB,0.0005,Viasat Epic Drama,Viasat Epic Drama,Viasat Epic Drama [Epic Drama],
2026_07,4FUN KIDS,Wiola,KB,0.0009,4FUN KIDS,4FUN KIDS,4FUN KIDS [4FUN GOLD],
2026_07,Polsat Viasat Explore,Wiola,KB,0.000941,Polsat Viasat Explore,Polsat Viasat Explore,Polsat Viasat Explore [Polsat Viasat Explorer],
2026_07,Polsat Viasat Nature,Wiola,KB,0.0004,Polsat Viasat Nature,Polsat Viasat Nature,Polsat Viasat Nature [Viasat Nature],
2026_07,4FUN DANCE,Wiola,KB,0.0005,4FUN DANCE,4FUN DANCE,4FUN DANCE [4FUN FIT&DANCE],
2026_07,NBCU E Entertainment,Wiola,KB,0.0001,NBCU E Entertainment,E!Entertainment,E!Entertainment [E!],
2026_07,ZERO,Wiola,KB,0.0015,ZERO,ZERO,ZERO,
2026_07,CANAL+ Seriale,Wiola,KB,0.0002,CANAL+ Seriale,Canal+ Seriale,Canal+ Seriale [Canal+ Film 2],
2026_07,CANAL+ Dokument,Wiola,KB,0.0002,CANAL+ Dokument,Canal+ Dokument,Canal+ Dokument [Canal+ Discovery],
2026_07,Polsat,Maciej,BD,0.06824386894892268,Polsat,Polsat,Polsat,
2026_07,Polsat Sport 1,Adam,BD,0.00500753295631882,Polsat Sport 1,Polsat Sport 1,Polsat Sport 1 [Polsat Sport],
2026_07,Fokus TV,Adam,BD,0.008391074118581268,Fokus TV,Fokus TV,Fokus TV,
2026_07,Polsat 2,Adam,BD,0.0079341754577768,Polsat 2,Polsat2,Polsat2,
2026_07,WP,Adam,BD,0.005113828887627696,WP,WP,WP,
2026_07,Nowa TV,Adam,BD,0.00363442417924784,Nowa TV,Nowa TV,Nowa TV,
2026_07,Eleven Sports 1,Adam,BD,0.00108471185116583,Eleven Sports 1,Eleven Sports 1,Eleven Sports 1 [Eleven],
2026_07,Canal+ Sport3,Adam,BD,0.00015441248783154985,Canal+ Sport3,CANAL+ SPORT3,CANAL+ SPORT3,
2026_07,Disco Polo Music,Adam,BD,0.0005385192628448944,Disco Polo Music,Disco Polo Music,Disco Polo Music,
2026_07,TELE5,Adam,BD,0.0008254621848739495,TELE5,Tele5,Tele5,
2026_07,Eska TV Extra,Adam,BD,0.0005207664854786873,Eska TV Extra,Eska Extra [Eska TV],Eska TV Extra [Eska TV],
2026_07,Vox Music TV,Adam,BD,0.0002931247760101592,Vox Music TV,Vox Music TV,Vox Music TV,
2026_07,Canal+ Sport2,Adam,BD,0.00013454498300104244,Canal+ Sport2,Canal+ Sport2,CANAL+ SPORT2,
2026_07,Eska Rock TV,Adam,BD,0.00024918006491326297,Eska Rock TV,Eska Rock TV,Eska Rock TV [HIP HOP TV],
2026_07,POLONIA1,Adam,BD,0.00031873912806829724,POLONIA1,Polonia 1,Polonia1,
2026_07,Eleven Sports 2,Adam,BD,5.802173465621186e-05,Eleven Sports 2,Eleven Sports 2,Eleven Sports 2 [Eleven Sports],
2026_07,Water Planet,Adam,BD,0.00012446836569612928,Water Planet,Water Planet,Water Planet [CSB TV],
2026_07,TVT,Adam,BD,3.5249999999999996e-05,TVT,TVT,TVT,
2026_07,Puls 2,Agata,BD,0.0160701891193139,Puls 2,Puls 2,Puls 2,
2026_07,ZOOM,Agata,BD,0.004315973015389214,ZOOM,ZOOM,ZOOM [Zoom TV],
2026_07,History,Agata,BD,0.004335972401033233,History,History,HISTORY,
2026_07,Polsat Seriale,Agata,BD,0.003895291060498115,Polsat Seriale,Polsat Seriale,Polsat Seriale [Polsat Romans],
2026_07,SPI Kino Polska,Agata,BD,0.003016854199158094,SPI Kino Polska,Kino Polska,Kino Polska,
2026_07,Novelas+,Agata,BD,0.00175815,Novelas+,Novelas,Novelas,
2026_07,History2,Agata,BD,0.0017017377049180328,History2,History2 [H2],HISTORY2 [H2],
2026_07,Ale Kino+,Agata,BD,0.0011486337333346914,Ale Kino+,Ale Kino+,Ale Kino+ [Ale Kino],
2026_07,CI Polsat,Agata,BD,0.0011511388679882955,CI Polsat,CI Polsat,CI Polsat [Polsat Crime & Investigation Network],
2026_07,NBCU SciFi Universal,Agata,BD,0.000505426630201256,NBCU SciFi Universal,Scifi Universal,Scifi Universal,
2026_07,SPI Kino Polska Muzyka,Agata,BD,0.00036608405640260776,SPI Kino Polska Muzyka,Kino Polska Muzyka,Kino Polska Muzyka,
2026_07,Polsat Games,Agata,BD,0.0004230981282012093,Polsat Games,Polsat Games,Polsat Games,
2026_07,FilmBox+ hits,Rafał,BD,0.0001652581126663684,FilmBox+ hits,FILMBOX+ Hits,FILMBOX+ Hits [FILMBOX Premium],
2026_07,Sundance TV,Agata,BD,0.00011408052102112194,Sundance TV,Sundance Channel,Sundance Channel,
2026_07,SPI Gametoon,Agata,BD,1.5303119662499147e-05,SPI Gametoon,Gametoon,Gametoon,
2026_07,Golf Zone,Agata,BD,7.813811447827185e-05,Golf Zone,Golf Zone,Golf Zone [Golf Channel Polska],
2026_07,Novelas+1,Agata,BD,0.00022950388291517322,Novelas+1,Novelas+1,Novelas+1 [DIZI],
2026_07,Stopklatka,Dariusz,BD,0.01129064332614916,Stopklatka,Stopklatka,Stopklatka,
2026_07,Polsat News,Dariusz,BD,0.010168297953410989,Polsat News,Polsat News,Polsat News,
2026_07,Wydarzenia24,Dariusz,BD,0.00946211061681002,Wydarzenia24,Wydarzenia24,Wydarzenia 24 [Superstacja],
2026_07,Polsat Film,Dariusz,BD,0.005308149999999999,Polsat Film,Polsat Film,Polsat Film,
2026_07,MiniMini+,Dariusz,BD,0.0019334947984395,MiniMini+,MiniMini+,MiniMini+ [MiniMini],
2026_07,Planete+,Dariusz,BD,0.0015626576529626862,Planete+,Planete+,Planete+ [Planete],
2026_07,Polsat Doku,Dariusz,BD,0.0013825,Polsat Doku,Polsat Doku,Polsat Doku,
2026_07,BBC CBeebies,Dariusz,BD,0.0011892208588957056,BBC CBeebies,BBC CBeebies,BBC CBeebies,
2026_07,Polsat JimJam,Dariusz,BD,0.0011431399950298262,Polsat JimJam,Polsat JimJam,Polsat JimJam [JimJam],
2026_07,Polsat News Polityka,Dariusz,BD,0.00039215423229915097,Polsat News Polityka,Polsat News Polityka,Polsat News Polityka,
2026_07,Polsat News 2,Dariusz,BD,0.0007873333324461587,Polsat News 2,Polsat News 2,Polsat News 2 [Polsat Biznes],
2026_07,teleTOON+,Dariusz,BD,0.00034594333728228357,teleTOON+,teleTOON+,teleTOON+ [ZigZap/Hyper],
2026_07,Polsat Film 2,Dariusz,BD,0.00058225,Polsat Film 2,Polsat Film 2,Polsat Film 2,
2026_07,Extreme Sports,Dariusz,BD,8.182564102564103e-06,Extreme Sports,Extreme Sports,Extreme Sports,
2026_07,Novela TV,Dariusz,BD,6.435714285714286e-05,Novela TV,Novela TV,Novela TV,
2026_07,DaVinci,Dariusz,BD,6.424999999999999e-05,DaVinci,Da Vinci,Da Vinci [Da Vinci Learning],
2026_07,DocuBox,Dariusz,BD,0.000166579660944767,DocuBox,DocuBox,DocuBox,
2026_07,Szóstka,Piotr,BD,0.0180078817756608,Szóstka,TV6,TV6,
2026_07,Super Polsat,Piotr,BD,0.0110930045579573,Super Polsat,Super Polsat,Super Polsat [Polsat Sport News],
2026_07,WPOLSCE24,Piotr,BD,0.007623061052350416,WPOLSCE24,wPolsce24,wPolsce24 [Telewizja WPOLSCE.PL],
2026_07,AXN,Piotr,BD,0.0028006194936723394,AXN,AXN,AXN,
2026_07,BBC First,Piotr,BD,0.002420239309067696,BBC First,BBC First,BBC First [BBC HD],
2026_07,Stars.tv,Piotr,BD,0.0017890324169060321,Stars.tv,Stars.tv,Stars.tv,
2026_07,AXN Black,Piotr,BD,0.00173875,AXN Black,AXN Black,AXN Black [AXN Sci-Fi],
2026_07,BBC Earth,Piotr,BD,0.0014926499999999999,BBC Earth,BBC Earth,BBC Earth [BBC Knowledge],
2026_07,BBC Lifestyle,Piotr,BD,0.0006110963302628693,BBC Lifestyle,BBC Lifestyle,BBC Lifestyle,
2026_07,Polsat Sport 3,Piotr,BD,0.0006854725825408781,Polsat Sport 3,Polsat Sport 3,Polsat Sport 3 [Polsat Sport News HD],
2026_07,Polsat Rodzina,Piotr,BD,0.001247938829787234,Polsat Rodzina,Polsat Rodzina,Polsat Rodzina,
2026_07,AXN White,Piotr,BD,0.0006810469028706446,AXN White,AXN White,AXN White [AXN Crime],
2026_07,BBC Brit,Piotr,BD,0.0006968117774059995,BBC Brit,BBC Brit,BBC Brit [BBC Entertainment],
2026_07,Polsat Music,Piotr,BD,0.0004866188151258593,Polsat Music,Polsat Music HD,Polsat Music HD [Muzo.tv],
2026_07,AXN Spin,Piotr,BD,0.00013778842855235714,AXN Spin,AXN Spin,AXN Spin,
2026_07,CANAL+ Extra1,Piotr,BD,4.627169409430438e-05,CANAL+ Extra1,CANAL+ Extra 1,CANAL+ EXTRA 1,
2026_07,CANAL+ Extra2,Piotr,BD,1.205e-05,CANAL+ Extra2,CANAL+ Extra 2,CANAL+ EXTRA 2,
2026_07,Puls,Rafał,BD,0.039380882123295,Puls,TV PULS,TV PULS [PULS],
2026_07,Eska TV,Rafał,BD,0.0043546735976789175,Eska TV,Eska TV [8TV],Eska TV [8TV],
2026_07,Polsat Play,Rafał,BD,0.0035294765097963095,Polsat Play,Polsat Play,Polsat Play,
2026_07,Polo TV,Rafał,BD,0.0032889971470381235,Polo TV,Polo TV,Polo TV,
2026_07,FilmBox+ one,Rafał,BD,0.0027478499999999996,FilmBox+ one,FILMBOX+ One,FILMBOX+ One [Kino TV],
2026_07,Polsat Sport 2,Rafał,BD,0.0013078765613519473,Polsat Sport 2,Polsat Sport 2,Polsat Sport 2 [Polsat Sport Extra],
2026_07,Kabaret TV,Rafał,BD,0.0014045857900360046,Kabaret TV,Kabaret TV,Kabaret TV,
2026_07,Canal+ Sport5,Rafał,BD,0.000689054583915145,Canal+ Sport5,Canal+ SPORT5,CANAL+ SPORT5 [nSport+],
2026_07,AMC,Rafał,BD,0.0022998381699343793,AMC,AMC,AMC [MGM],
2026_07,Canal+ 360,Rafał,BD,0.0009584085246014767,Canal+ 360,CANAL+ 360,Canal+ 360 [Canal+ Family],
2026_07,Polsat Reality,Rafał,BD,0.000451,Polsat Reality,Polsat Reality,Polsat Reality,
2026_07,Canal+ Sport,Rafał,BD,0.000296419332104531,Canal+ Sport,Canal+ Sport,CANAL+ SPORT [Canal+ Niebieski],
2026_07,Viasat True Crime,Rafał,BD,0.0005317560651892093,Viasat True Crime,Viasat True Crime,Viasat True Crime,
2026_07,Polsat X,Rafał,BD,0.00033874999999999997,Polsat X,Polsat X,Polsat X,
2026_07,Canal+ Sport4,Rafał,BD,4.998447319085114e-05,Canal+ Sport4,CANAL+ SPORT4,CANAL+ SPORT4,
2026_07,FilmBox+ action,Rafał,BD,0.000325075,FilmBox+ action,FILMBOX+ Action,FILMBOX+ Action [FILMBOX Action],
2026_07,FilmBox+ emotion,Rafał,BD,0.00041775,FilmBox+ emotion,FILMBOX+ Emotion,FILMBOX+ Emotion [FILMBOX Extra],
2026_07,FilmBox+ comedy,Rafał,BD,0.00030052,FilmBox+ comedy,FILMBOX+ Comedy,FILMBOX+ Comedy [FILMBOX Family],
2026_07,TV Republika,Wiola,BD,0.0299925855563811,TV Republika,Republika,Republika [TV Republika],
2026_07,Czwórka,Wiola,BD,0.0290954,Czwórka,TV4 pl,TV4,
2026_07,Polsat Cafe,Wiola,BD,0.0029014239685658154,Polsat Cafe,Polsat Cafe,Polsat Cafe,
2026_07,4FUN.TV,Wiola,BD,0.0022459230339762336,4FUN.TV,4FUN.TV,4FUN.TV [4fun.tv],
2026_07,Polsat Viasat History,Wiola,BD,0.0011439666983978738,Polsat Viasat History,Polsat Viasat History,Polsat Viasat History [Viasat History],
2026_07,CANAL+ KUCHNIA,Wiola,BD,0.0011107154010012632,CANAL+ KUCHNIA,CANAL+ KUCHNIA,CANAL+ KUCHNIA [kuchnia+],
2026_07,NBCU 13 Ulica,Wiola,BD,0.0014018,NBCU 13 Ulica,13 Ulica,13 Ulica [13th Street Universal],
2026_07,Canal+ Domo,Wiola,BD,0.001034356963093552,Canal+ Domo,CANAL+ DOMO,CANAL+ DOMO [Domo+],
2026_07,Viasat Epic Drama,Wiola,BD,0.0005601771402355228,Viasat Epic Drama,Viasat Epic Drama,Viasat Epic Drama [Epic Drama],
2026_07,4FUN KIDS,Wiola,BD,0.0010260205219344769,4FUN KIDS,4FUN KIDS,4FUN KIDS [4FUN GOLD],
2026_07,Polsat Viasat Explore,Wiola,BD,0.000892392826643894,Polsat Viasat Explore,Polsat Viasat Explore,Polsat Viasat Explore [Polsat Viasat Explorer],
2026_07,Polsat Viasat Nature,Wiola,BD,0.000395350367425465,Polsat Viasat Nature,Polsat Viasat Nature,Polsat Viasat Nature [Viasat Nature],
2026_07,4FUN DANCE,Wiola,BD,0.000576648164855712,4FUN DANCE,4FUN DANCE,4FUN DANCE [4FUN FIT&DANCE],
2026_07,NBCU E Entertainment,Wiola,BD,0.00010196062561187999,NBCU E Entertainment,E!Entertainment,E!Entertainment [E!],
2026_07,ZERO,Wiola,BD,0.0018,ZERO,ZERO,ZERO,
2026_07,CANAL+ Seriale,Wiola,BD,0.00035235,CANAL+ Seriale,Canal+ Seriale,Canal+ Seriale [Canal+ Film 2],
2026_07,CANAL+ Dokument,Wiola,BD,0.0001502031738278062,CANAL+ Dokument,Canal+ Dokument,Canal+ Dokument [Canal+ Discovery],
2026_07,TVN,,BD,0.0715044631758124,TVN,TVN,TVN,
2026_07,TVP1,,BD,0.0590670150831427,TVP1,TVP1,TVP1,
2026_07,TVP2,,BD,0.0423768366931179,TVP2,TVP2,TVP2,
2026_07,Polsat,Maciej,AK,0.067771067098512,Polsat,Polsat,Polsat,
2026_07,Polsat Sport 1,Adam,AK,0.009407,Polsat Sport 1,Polsat Sport 1,Polsat Sport 1 [Polsat Sport],
2026_07,Fokus TV,Adam,AK,0.00875699367088608,Fokus TV,Fokus TV,Fokus TV,
2026_07,Polsat 2,Adam,AK,0.00776111200643577,Polsat 2,Polsat2,Polsat2,
2026_07,WP,Adam,AK,0.005889450332254217,WP,WP,WP,
2026_07,Nowa TV,Adam,AK,0.0039942805221481,Nowa TV,Nowa TV,Nowa TV,
2026_07,Eleven Sports 1,Adam,AK,0.00116190365641323,Eleven Sports 1,Eleven Sports 1,Eleven Sports 1 [Eleven],
2026_07,Canal+ Sport3,Adam,AK,0.00149208791208791,Canal+ Sport3,CANAL+ SPORT3,CANAL+ SPORT3,
2026_07,Disco Polo Music,Adam,AK,0.0004387490909090909,Disco Polo Music,Disco Polo Music,Disco Polo Music,
2026_07,TELE5,Adam,AK,0.00091187845303867,TELE5,Tele5,Tele5,
2026_07,Eska TV Extra,Adam,AK,0.0004547756989091959,Eska TV Extra,Eska Extra [Eska TV],Eska TV Extra [Eska TV],
2026_07,Vox Music TV,Adam,AK,0.000379214814814815,Vox Music TV,Vox Music TV,Vox Music TV,
2026_07,Canal+ Sport2,Adam,AK,0.00019760633998273076,Canal+ Sport2,Canal+ Sport2,CANAL+ SPORT2,
2026_07,Eska Rock TV,Adam,AK,0.00015873161764705878,Eska Rock TV,Eska Rock TV,Eska Rock TV [HIP HOP TV],
2026_07,POLONIA1,Adam,AK,0.00026581770833333335,POLONIA1,Polonia 1,Polonia1,
2026_07,Eleven Sports 2,Adam,AK,6.106870229007633e-05,Eleven Sports 2,Eleven Sports 2,Eleven Sports 2 [Eleven Sports],
2026_07,Water Planet,Adam,AK,4.4000000000000006e-05,Water Planet,Water Planet,Water Planet [CSB TV],
2026_07,TVT,Adam,AK,6.8e-05,TVT,TVT,TVT,
2026_07,Puls 2,Agata,AK,0.015203489307679287,Puls 2,Puls 2,Puls 2,
2026_07,ZOOM,Agata,AK,0.00498818281911052,ZOOM,ZOOM,ZOOM [Zoom TV],
2026_07,History,Agata,AK,0.00425175485694101,History,History,HISTORY,
2026_07,Polsat Seriale,Agata,AK,0.003744,Polsat Seriale,Polsat Seriale,Polsat Seriale [Polsat Romans],
2026_07,SPI Kino Polska,Agata,AK,0.0027381277509393497,SPI Kino Polska,Kino Polska,Kino Polska,
2026_07,Novelas+,Agata,AK,0.00202425320056899,Novelas+,Novelas,Novelas,
2026_07,History2,Agata,AK,0.00226304900589781,History2,History2 [H2],HISTORY2 [H2],
2026_07,Ale Kino+,Agata,AK,0.0013206312154696134,Ale Kino+,Ale Kino+,Ale Kino+ [Ale Kino],
2026_07,CI Polsat,Agata,AK,0.0008876346998101565,CI Polsat,CI Polsat,CI Polsat [Polsat Crime & Investigation Network],
2026_07,NBCU SciFi Universal,Agata,AK,0.0006529945553539001,NBCU SciFi Universal,Scifi Universal,Scifi Universal,
2026_07,SPI Kino Polska Muzyka,Agata,AK,0.0003406894197952219,SPI Kino Polska Muzyka,Kino Polska Muzyka,Kino Polska Muzyka,
2026_07,Polsat Games,Agata,AK,0.0002597662921348315,Polsat Games,Polsat Games,Polsat Games,
2026_07,FilmBox+ hits,Rafał,AK,0.00015912244897959185,FilmBox+ hits,FILMBOX+ Hits,FILMBOX+ Hits [FILMBOX Premium],
2026_07,Sundance TV,Agata,AK,9.499999999999999e-05,Sundance TV,Sundance Channel,Sundance Channel,
2026_07,SPI Gametoon,Agata,AK,1.075e-05,SPI Gametoon,Gametoon,Gametoon,
2026_07,Golf Zone,Agata,AK,3.54838709677419e-05,Golf Zone,Golf Zone,Golf Zone [Golf Channel Polska],
2026_07,Novelas+1,Agata,AK,8.624e-05,Novelas+1,Novelas+1,Novelas+1 [DIZI],
2026_07,Stopklatka,Dariusz,AK,0.011906329345412,Stopklatka,Stopklatka,Stopklatka,
2026_07,Polsat News,Dariusz,AK,0.0111022773797338,Polsat News,Polsat News,Polsat News,
2026_07,Wydarzenia24,Dariusz,AK,0.010850864760568322,Wydarzenia24,Wydarzenia24,Wydarzenia 24 [Superstacja],
2026_07,Polsat Film,Dariusz,AK,0.00542129542606516,Polsat Film,Polsat Film,Polsat Film,
2026_07,MiniMini+,Dariusz,AK,0.0023486106115107913,MiniMini+,MiniMini+,MiniMini+ [MiniMini],
2026_07,Planete+,Dariusz,AK,0.00145481359182225,Planete+,Planete+,Planete+ [Planete],
2026_07,Polsat Doku,Dariusz,AK,0.0009906023586429725,Polsat Doku,Polsat Doku,Polsat Doku,
2026_07,BBC CBeebies,Dariusz,AK,0.0011892208588957056,BBC CBeebies,BBC CBeebies,BBC CBeebies,
2026_07,Polsat JimJam,Dariusz,AK,0.0008668582375478927,Polsat JimJam,Polsat JimJam,Polsat JimJam [JimJam],
2026_07,Polsat News Polityka,Dariusz,AK,0.00037803565762210606,Polsat News Polityka,Polsat News Polityka,Polsat News Polityka,
2026_07,Polsat News 2,Dariusz,AK,0.000776162790697674,Polsat News 2,Polsat News 2,Polsat News 2 [Polsat Biznes],
2026_07,teleTOON+,Dariusz,AK,0.00037861589403973515,teleTOON+,teleTOON+,teleTOON+ [ZigZap/Hyper],
2026_07,Polsat Film 2,Dariusz,AK,0.000538028169014,Polsat Film 2,Polsat Film 2,Polsat Film 2,
2026_07,Extreme Sports,Dariusz,AK,1.6961538461538462e-05,Extreme Sports,Extreme Sports,Extreme Sports,
2026_07,Novela TV,Dariusz,AK,6.435714285714286e-05,Novela TV,Novela TV,Novela TV,
2026_07,DaVinci,Dariusz,AK,1.783669894910365e-05,DaVinci,Da Vinci,Da Vinci [Da Vinci Learning],
2026_07,DocuBox,Dariusz,AK,6.81e-05,DocuBox,DocuBox,DocuBox,
2026_07,Szóstka,Piotr,AK,0.01686690230257136,Szóstka,TV6,TV6,
2026_07,Super Polsat,Piotr,AK,0.010369714130139,Super Polsat,Super Polsat,Super Polsat [Polsat Sport News],
2026_07,WPOLSCE24,Piotr,AK,0.0083256953260242,WPOLSCE24,wPolsce24,wPolsce24 [Telewizja WPOLSCE.PL],
2026_07,AXN,Piotr,AK,0.0032297166042446947,AXN,AXN,AXN,
2026_07,BBC First,Piotr,AK,0.0021607326007326,BBC First,BBC First,BBC First [BBC HD],
2026_07,Stars.tv,Piotr,AK,0.0017890324169060321,Stars.tv,Stars.tv,Stars.tv,
2026_07,AXN Black,Piotr,AK,0.0011520387965162312,AXN Black,AXN Black,AXN Black [AXN Sci-Fi],
2026_07,BBC Earth,Piotr,AK,0.0012974675332759467,BBC Earth,BBC Earth,BBC Earth [BBC Knowledge],
2026_07,BBC Lifestyle,Piotr,AK,0.000532278084536149,BBC Lifestyle,BBC Lifestyle,BBC Lifestyle,
2026_07,Polsat Sport 3,Piotr,AK,0.000949021052631579,Polsat Sport 3,Polsat Sport 3,Polsat Sport 3 [Polsat Sport News HD],
2026_07,Polsat Rodzina,Piotr,AK,0.0006572933335229946,Polsat Rodzina,Polsat Rodzina,Polsat Rodzina,
2026_07,AXN White,Piotr,AK,0.000575180608365019,AXN White,AXN White,AXN White [AXN Crime],
2026_07,BBC Brit,Piotr,AK,0.000633259042008197,BBC Brit,BBC Brit,BBC Brit [BBC Entertainment],
2026_07,Polsat Music,Piotr,AK,0.00046926275992438565,Polsat Music,Polsat Music HD,Polsat Music HD [Muzo.tv],
2026_07,AXN Spin,Piotr,AK,0.0001918823529411765,AXN Spin,AXN Spin,AXN Spin,
2026_07,CANAL+ Extra1,Piotr,AK,8.800000000000001e-05,CANAL+ Extra1,CANAL+ Extra 1,CANAL+ EXTRA 1,
2026_07,CANAL+ Extra2,Piotr,AK,3.6e-05,CANAL+ Extra2,CANAL+ Extra 2,CANAL+ EXTRA 2,
2026_07,Puls,Rafał,AK,0.035890213753903,Puls,TV PULS,TV PULS [PULS],
2026_07,Eska TV,Rafał,AK,0.004354673597678917,Eska TV,Eska TV [8TV],Eska TV [8TV],
2026_07,Polsat Play,Rafał,AK,0.003799736581447188,Polsat Play,Polsat Play,Polsat Play,
2026_07,Polo TV,Rafał,AK,0.0031133343581833555,Polo TV,Polo TV,Polo TV,
2026_07,FilmBox+ one,Rafał,AK,0.00215855162064826,FilmBox+ one,FILMBOX+ One,FILMBOX+ One [Kino TV],
2026_07,Polsat Sport 2,Rafał,AK,0.0014963750426542999,Polsat Sport 2,Polsat Sport 2,Polsat Sport 2 [Polsat Sport Extra],
2026_07,Kabaret TV,Rafał,AK,0.00173897482779021,Kabaret TV,Kabaret TV,Kabaret TV,
2026_07,Canal+ Sport5,Rafał,AK,0.00189764561831019,Canal+ Sport5,Canal+ SPORT5,CANAL+ SPORT5 [nSport+],
2026_07,AMC,Rafał,AK,0.0015046403564608528,AMC,AMC,AMC [MGM],
2026_07,Canal+ 360,Rafał,AK,0.0009585113915533778,Canal+ 360,CANAL+ 360,Canal+ 360 [Canal+ Family],
2026_07,Polsat Reality,Rafał,AK,0.00053244444444444,Polsat Reality,Polsat Reality,Polsat Reality,
2026_07,Canal+ Sport,Rafał,AK,0.0010463426560108026,Canal+ Sport,Canal+ Sport,CANAL+ SPORT [Canal+ Niebieski],
2026_07,Viasat True Crime,Rafał,AK,0.0006021333333333341,Viasat True Crime,Viasat True Crime,Viasat True Crime,
2026_07,Polsat X,Rafał,AK,0.0002902363636363637,Polsat X,Polsat X,Polsat X,
2026_07,Canal+ Sport4,Rafał,AK,8.765714285714284e-05,Canal+ Sport4,CANAL+ SPORT4,CANAL+ SPORT4,
2026_07,FilmBox+ action,Rafał,AK,0.000317,FilmBox+ action,FILMBOX+ Action,FILMBOX+ Action [FILMBOX Action],
2026_07,FilmBox+ emotion,Rafał,AK,0.0001562,FilmBox+ emotion,FILMBOX+ Emotion,FILMBOX+ Emotion [FILMBOX Extra],
2026_07,FilmBox+ comedy,Rafał,AK,0.00022700000000000002,FilmBox+ comedy,FILMBOX+ Comedy,FILMBOX+ Comedy [FILMBOX Family],
2026_07,TV Republika,Wiola,AK,0.0353127602735349,TV Republika,Republika,Republika [TV Republika],
2026_07,Czwórka,Wiola,AK,0.0290952308047836,Czwórka,TV4 pl,TV4,
2026_07,Polsat Cafe,Wiola,AK,0.0029888209689861622,Polsat Cafe,Polsat Cafe,Polsat Cafe,
2026_07,4FUN.TV,Wiola,AK,0.002427968556455455,4FUN.TV,4FUN.TV,4FUN.TV [4fun.tv],
2026_07,Polsat Viasat History,Wiola,AK,0.001200517170071832,Polsat Viasat History,Polsat Viasat History,Polsat Viasat History [Viasat History],
2026_07,CANAL+ KUCHNIA,Wiola,AK,0.000987017918088737,CANAL+ KUCHNIA,CANAL+ KUCHNIA,CANAL+ KUCHNIA [kuchnia+],
2026_07,NBCU 13 Ulica,Wiola,AK,0.00114216099066486,NBCU 13 Ulica,13 Ulica,13 Ulica [13th Street Universal],
2026_07,Canal+ Domo,Wiola,AK,0.001031280930663106,Canal+ Domo,CANAL+ DOMO,CANAL+ DOMO [Domo+],
2026_07,Viasat Epic Drama,Wiola,AK,0.0006961594202898499,Viasat Epic Drama,Viasat Epic Drama,Viasat Epic Drama [Epic Drama],
2026_07,4FUN KIDS,Wiola,AK,0.001105882074279502,4FUN KIDS,4FUN KIDS,4FUN KIDS [4FUN GOLD],
2026_07,Polsat Viasat Explore,Wiola,AK,0.0007394218814867409,Polsat Viasat Explore,Polsat Viasat Explore,Polsat Viasat Explore [Polsat Viasat Explorer],
2026_07,Polsat Viasat Nature,Wiola,AK,0.0005396843910806176,Polsat Viasat Nature,Polsat Viasat Nature,Polsat Viasat Nature [Viasat Nature],
2026_07,4FUN DANCE,Wiola,AK,0.0005705088607594937,4FUN DANCE,4FUN DANCE,4FUN DANCE [4FUN FIT&DANCE],
2026_07,NBCU E Entertainment,Wiola,AK,8.521428571428573e-05,NBCU E Entertainment,E!Entertainment,E!Entertainment [E!],
2026_07,ZERO,Wiola,AK,0.0008943320000000001,ZERO,ZERO,ZERO,
2026_07,CANAL+ Seriale,Wiola,AK,0.000119,CANAL+ Seriale,Canal+ Seriale,Canal+ Seriale [Canal+ Film 2],
2026_07,CANAL+ Dokument,Wiola,AK,0.000225,CANAL+ Dokument,Canal+ Dokument,Canal+ Dokument [Canal+ Discovery],
2026_07,TVN,,AK,0.06756371173000551,TVN,TVN,TVN,
2026_07,TVP1,,AK,0.06991309977756589,TVP1,TVP1,TVP1,
2026_07,TVP2,,AK,0.045583392414220755,TVP2,TVP2,TVP2,
2026_07,Polsat,Maciej,RD,0.0679,Polsat,Polsat,Polsat,
2026_07,Polsat Sport 1,Adam,RD,0.0116,Polsat Sport 1,Polsat Sport 1,Polsat Sport 1 [Polsat Sport],
2026_07,Fokus TV,Adam,RD,0.0077,Fokus TV,Fokus TV,Fokus TV,
2026_07,Polsat 2,Adam,RD,0.0077,Polsat 2,Polsat2,Polsat2,
2026_07,WP,Adam,RD,0.0048,WP,WP,WP,
2026_07,Nowa TV,Adam,RD,0.0036,Nowa TV,Nowa TV,Nowa TV,
2026_07,Eleven Sports 1,Adam,RD,0.0016,Eleven Sports 1,Eleven Sports 1,Eleven Sports 1 [Eleven],
2026_07,Canal+ Sport3,Adam,RD,3.396666666666666e-05,Canal+ Sport3,CANAL+ SPORT3,CANAL+ SPORT3,
2026_07,Disco Polo Music,Adam,RD,0.000504,Disco Polo Music,Disco Polo Music,Disco Polo Music,
2026_07,TELE5,Adam,RD,0.000697,TELE5,Tele5,Tele5,
2026_07,Eska TV Extra,Adam,RD,0.000366,Eska TV Extra,Eska Extra [Eska TV],Eska TV Extra [Eska TV],
2026_07,Vox Music TV,Adam,RD,0.00025100000000000003,Vox Music TV,Vox Music TV,Vox Music TV,
2026_07,Canal+ Sport2,Adam,RD,0.0009,Canal+ Sport2,Canal+ Sport2,CANAL+ SPORT2,
2026_07,Eska Rock TV,Adam,RD,0.000276,Eska Rock TV,Eska Rock TV,Eska Rock TV [HIP HOP TV],
2026_07,POLONIA1,Adam,RD,0.00025100000000000003,POLONIA1,Polonia 1,Polonia1,
2026_07,Eleven Sports 2,Adam,RD,0.0001,Eleven Sports 2,Eleven Sports 2,Eleven Sports 2 [Eleven Sports],
2026_07,Water Planet,Adam,RD,4.4999999999999996e-05,Water Planet,Water Planet,Water Planet [CSB TV],
2026_07,TVT,Adam,RD,2.2000000000000003e-05,TVT,TVT,TVT,
2026_07,Puls 2,Agata,RD,0.0139,Puls 2,Puls 2,Puls 2,
2026_07,ZOOM,Agata,RD,0.0039000000000000003,ZOOM,ZOOM,ZOOM [Zoom TV],
2026_07,History,Agata,RD,0.0040999999999999995,History,History,HISTORY,
2026_07,Polsat Seriale,Agata,RD,0.0038,Polsat Seriale,Polsat Seriale,Polsat Seriale [Polsat Romans],
2026_07,SPI Kino Polska,Agata,RD,0.002652806132665741,SPI Kino Polska,Kino Polska,Kino Polska,
2026_07,Novelas+,Agata,RD,0.0016,Novelas+,Novelas,Novelas,
2026_07,History2,Agata,RD,0.002098,History2,History2 [H2],HISTORY2 [H2],
2026_07,Ale Kino+,Agata,RD,0.001119,Ale Kino+,Ale Kino+,Ale Kino+ [Ale Kino],
2026_07,CI Polsat,Agata,RD,0.001061,CI Polsat,CI Polsat,CI Polsat [Polsat Crime & Investigation Network],
2026_07,NBCU SciFi Universal,Agata,RD,0.0006569999999999999,NBCU SciFi Universal,Scifi Universal,Scifi Universal,
2026_07,SPI Kino Polska Muzyka,Agata,RD,0.000306,SPI Kino Polska Muzyka,Kino Polska Muzyka,Kino Polska Muzyka,
2026_07,Polsat Games,Agata,RD,0.000196,Polsat Games,Polsat Games,Polsat Games,
2026_07,FilmBox+ hits,Rafał,RD,0.000258,FilmBox+ hits,FILMBOX+ Hits,FILMBOX+ Hits [FILMBOX Premium],
2026_07,Sundance TV,Agata,RD,0.000168,Sundance TV,Sundance Channel,Sundance Channel,
2026_07,SPI Gametoon,Agata,RD,1.6e-05,SPI Gametoon,Gametoon,Gametoon,
2026_07,Golf Zone,Agata,RD,6e-05,Golf Zone,Golf Zone,Golf Zone [Golf Channel Polska],
2026_07,Novelas+1,Agata,RD,0.00010899999999999999,Novelas+1,Novelas+1,Novelas+1 [DIZI],
2026_07,Stopklatka,Dariusz,RD,0.0108,Stopklatka,Stopklatka,Stopklatka,
2026_07,Polsat News,Dariusz,RD,0.0103,Polsat News,Polsat News,Polsat News,
2026_07,Wydarzenia24,Dariusz,RD,0.0104,Wydarzenia24,Wydarzenia24,Wydarzenia 24 [Superstacja],
2026_07,Polsat Film,Dariusz,RD,0.0054,Polsat Film,Polsat Film,Polsat Film,
2026_07,MiniMini+,Dariusz,RD,0.001544,MiniMini+,MiniMini+,MiniMini+ [MiniMini],
2026_07,Planete+,Dariusz,RD,0.0014039999999999999,Planete+,Planete+,Planete+ [Planete],
2026_07,Polsat Doku,Dariusz,RD,0.000886,Polsat Doku,Polsat Doku,Polsat Doku,
2026_07,BBC CBeebies,Dariusz,RD,0.0006990000000000001,BBC CBeebies,BBC CBeebies,BBC CBeebies,
2026_07,Polsat JimJam,Dariusz,RD,0.000722,Polsat JimJam,Polsat JimJam,Polsat JimJam [JimJam],
2026_07,Polsat News Polityka,Dariusz,RD,0.0006270000000000001,Polsat News Polityka,Polsat News Polityka,Polsat News Polityka,
2026_07,Polsat News 2,Dariusz,RD,0.00074,Polsat News 2,Polsat News 2,Polsat News 2 [Polsat Biznes],
2026_07,teleTOON+,Dariusz,RD,0.000249,teleTOON+,teleTOON+,teleTOON+ [ZigZap/Hyper],
2026_07,Polsat Film 2,Dariusz,RD,0.000428,Polsat Film 2,Polsat Film 2,Polsat Film 2,
2026_07,Extreme Sports,Dariusz,RD,2.6e-05,Extreme Sports,Extreme Sports,Extreme Sports,
2026_07,Novela TV,Dariusz,RD,5.4999999999999995e-05,Novela TV,Novela TV,Novela TV,
2026_07,DaVinci,Dariusz,RD,0.00014099999999999998,DaVinci,Da Vinci,Da Vinci [Da Vinci Learning],
2026_07,DocuBox,Dariusz,RD,6e-05,DocuBox,DocuBox,DocuBox,
2026_07,Szóstka,Piotr,RD,0.0166,Szóstka,TV6,TV6,
2026_07,Super Polsat,Piotr,RD,0.0118,Super Polsat,Super Polsat,Super Polsat [Polsat Sport News],
2026_07,WPOLSCE24,Piotr,RD,0.008,WPOLSCE24,wPolsce24,wPolsce24 [Telewizja WPOLSCE.PL],
2026_07,AXN,Piotr,RD,0.0033007382138946395,AXN,AXN,AXN,
2026_07,BBC First,Piotr,RD,0.00338,BBC First,BBC First,BBC First [BBC HD],
2026_07,Stars.tv,Piotr,RD,0.002637531883625535,Stars.tv,Stars.tv,Stars.tv,
2026_07,AXN Black,Piotr,RD,0.001249,AXN Black,AXN Black,AXN Black [AXN Sci-Fi],
2026_07,BBC Earth,Piotr,RD,0.001522,BBC Earth,BBC Earth,BBC Earth [BBC Knowledge],
2026_07,BBC Lifestyle,Piotr,RD,0.000443,BBC Lifestyle,BBC Lifestyle,BBC Lifestyle,
2026_07,Polsat Sport 3,Piotr,RD,0.0009,Polsat Sport 3,Polsat Sport 3,Polsat Sport 3 [Polsat Sport News HD],
2026_07,Polsat Rodzina,Piotr,RD,0.000998,Polsat Rodzina,Polsat Rodzina,Polsat Rodzina,
2026_07,AXN White,Piotr,RD,0.000598,AXN White,AXN White,AXN White [AXN Crime],
2026_07,BBC Brit,Piotr,RD,0.0008010000000000001,BBC Brit,BBC Brit,BBC Brit [BBC Entertainment],
2026_07,Polsat Music,Piotr,RD,0.00032399999999999996,Polsat Music,Polsat Music HD,Polsat Music HD [Muzo.tv],
2026_07,AXN Spin,Piotr,RD,0.00010899999999999999,AXN Spin,AXN Spin,AXN Spin,
2026_07,CANAL+ Extra1,Piotr,RD,9.259999999999999e-05,CANAL+ Extra1,CANAL+ Extra 1,CANAL+ EXTRA 1,
2026_07,CANAL+ Extra2,Piotr,RD,3.796774193548385e-05,CANAL+ Extra2,CANAL+ Extra 2,CANAL+ EXTRA 2,
2026_07,Puls,Rafał,RD,0.0345,Puls,TV PULS,TV PULS [PULS],
2026_07,Eska TV,Rafał,RD,0.0044,Eska TV,Eska TV [8TV],Eska TV [8TV],
2026_07,Polsat Play,Rafał,RD,0.0037,Polsat Play,Polsat Play,Polsat Play,
2026_07,Polo TV,Rafał,RD,0.0032,Polo TV,Polo TV,Polo TV,
2026_07,FilmBox+ one,Rafał,RD,0.00214,FilmBox+ one,FILMBOX+ One,FILMBOX+ One [Kino TV],
2026_07,Polsat Sport 2,Rafał,RD,0.0016,Polsat Sport 2,Polsat Sport 2,Polsat Sport 2 [Polsat Sport Extra],
2026_07,Kabaret TV,Rafał,RD,0.0017230000000000001,Kabaret TV,Kabaret TV,Kabaret TV,
2026_07,Canal+ Sport5,Rafał,RD,0.0016,Canal+ Sport5,Canal+ SPORT5,CANAL+ SPORT5 [nSport+],
2026_07,AMC,Rafał,RD,0.0023,AMC,AMC,AMC [MGM],
2026_07,Canal+ 360,Rafał,RD,0.0009,Canal+ 360,CANAL+ 360,Canal+ 360 [Canal+ Family],
2026_07,Polsat Reality,Rafał,RD,0.00045,Polsat Reality,Polsat Reality,Polsat Reality,
2026_07,Canal+ Sport,Rafał,RD,0.0006,Canal+ Sport,Canal+ Sport,CANAL+ SPORT [Canal+ Niebieski],
2026_07,Viasat True Crime,Rafał,RD,0.0003,Viasat True Crime,Viasat True Crime,Viasat True Crime,
2026_07,Polsat X,Rafał,RD,0.000349,Polsat X,Polsat X,Polsat X,
2026_07,Canal+ Sport4,Rafał,RD,4.0666666666666675e-05,Canal+ Sport4,CANAL+ SPORT4,CANAL+ SPORT4,
2026_07,FilmBox+ action,Rafał,RD,0.000281,FilmBox+ action,FILMBOX+ Action,FILMBOX+ Action [FILMBOX Action],
2026_07,FilmBox+ emotion,Rafał,RD,0.000154,FilmBox+ emotion,FILMBOX+ Emotion,FILMBOX+ Emotion [FILMBOX Extra],
2026_07,FilmBox+ comedy,Rafał,RD,0.000125,FilmBox+ comedy,FILMBOX+ Comedy,FILMBOX+ Comedy [FILMBOX Family],
2026_07,TV Republika,Wiola,RD,0.0317,TV Republika,Republika,Republika [TV Republika],
2026_07,Czwórka,Wiola,RD,0.0286,Czwórka,TV4 pl,TV4,
2026_07,Polsat Cafe,Wiola,RD,0.002510009573129048,Polsat Cafe,Polsat Cafe,Polsat Cafe,
2026_07,4FUN.TV,Wiola,RD,0.001904,4FUN.TV,4FUN.TV,4FUN.TV [4fun.tv],
2026_07,Polsat Viasat History,Wiola,RD,0.001238,Polsat Viasat History,Polsat Viasat History,Polsat Viasat History [Viasat History],
2026_07,CANAL+ KUCHNIA,Wiola,RD,0.000984,CANAL+ KUCHNIA,CANAL+ KUCHNIA,CANAL+ KUCHNIA [kuchnia+],
2026_07,NBCU 13 Ulica,Wiola,RD,0.0015459999999999998,NBCU 13 Ulica,13 Ulica,13 Ulica [13th Street Universal],
2026_07,Canal+ Domo,Wiola,RD,0.000999,Canal+ Domo,CANAL+ DOMO,CANAL+ DOMO [Domo+],
2026_07,Viasat Epic Drama,Wiola,RD,0.0006469999999999999,Viasat Epic Drama,Viasat Epic Drama,Viasat Epic Drama [Epic Drama],
2026_07,4FUN KIDS,Wiola,RD,0.000415,4FUN KIDS,4FUN KIDS,4FUN KIDS [4FUN GOLD],
2026_07,Polsat Viasat Explore,Wiola,RD,0.000867,Polsat Viasat Explore,Polsat Viasat Explore,Polsat Viasat Explore [Polsat Viasat Explorer],
2026_07,Polsat Viasat Nature,Wiola,RD,0.00035299999999999996,Polsat Viasat Nature,Polsat Viasat Nature,Polsat Viasat Nature [Viasat Nature],
2026_07,4FUN DANCE,Wiola,RD,0.000479,4FUN DANCE,4FUN DANCE,4FUN DANCE [4FUN FIT&DANCE],
2026_07,NBCU E Entertainment,Wiola,RD,6.3e-05,NBCU E Entertainment,E!Entertainment,E!Entertainment [E!],
2026_07,ZERO,Wiola,RD,0.0031,ZERO,ZERO,ZERO,
2026_07,CANAL+ Seriale,Wiola,RD,1.81e-06,CANAL+ Seriale,Canal+ Seriale,Canal+ Seriale [Canal+ Film 2],
2026_07,CANAL+ Dokument,Wiola,RD,2.11e-06,CANAL+ Dokument,Canal+ Dokument,Canal+ Dokument [Canal+ Discovery],
2026_07,TVN,,RD,0.07873717307166297,TVN,TVN,TVN,
2026_07,TVP1,,RD,0.05356020475134237,TVP1,TVP1,TVP1,
2026_07,TVP2,,RD,0.044242958941228254,TVP2,TVP2,TVP2,
2026_07,Polsat,Maciej,PW,0.0685,Polsat,Polsat,Polsat,
2026_07,Polsat Sport 1,Adam,PW,0.0065,Polsat Sport 1,Polsat Sport 1,Polsat Sport 1 [Polsat Sport],
2026_07,Fokus TV,Adam,PW,0.0085,Fokus TV,Fokus TV,Fokus TV,
2026_07,Polsat 2,Adam,PW,0.0079,Polsat 2,Polsat2,Polsat2,
2026_07,WP,Adam,PW,0.0043,WP,WP,WP,
2026_07,Nowa TV,Adam,PW,0.0032,Nowa TV,Nowa TV,Nowa TV,
2026_07,Eleven Sports 1,Adam,PW,0.0015,Eleven Sports 1,Eleven Sports 1,Eleven Sports 1 [Eleven],
2026_07,Canal+ Sport3,Adam,PW,0.0012,Canal+ Sport3,CANAL+ SPORT3,CANAL+ SPORT3,
2026_07,Disco Polo Music,Adam,PW,0.0005,Disco Polo Music,Disco Polo Music,Disco Polo Music,
2026_07,TELE5,Adam,PW,0.0007,TELE5,Tele5,Tele5,
2026_07,Eska TV Extra,Adam,PW,0.0005,Eska TV Extra,Eska Extra [Eska TV],Eska TV Extra [Eska TV],
2026_07,Vox Music TV,Adam,PW,0.0003,Vox Music TV,Vox Music TV,Vox Music TV,
2026_07,Canal+ Sport2,Adam,PW,0.0004,Canal+ Sport2,Canal+ Sport2,CANAL+ SPORT2,
2026_07,Eska Rock TV,Adam,PW,0.0002,Eska Rock TV,Eska Rock TV,Eska Rock TV [HIP HOP TV],
2026_07,POLONIA1,Adam,PW,0.0003,POLONIA1,Polonia 1,Polonia1,
2026_07,Eleven Sports 2,Adam,PW,0.0002,Eleven Sports 2,Eleven Sports 2,Eleven Sports 2 [Eleven Sports],
2026_07,Water Planet,Adam,PW,4e-05,Water Planet,Water Planet,Water Planet [CSB TV],
2026_07,TVT,Adam,PW,4e-05,TVT,TVT,TVT,
2026_07,Puls 2,Agata,PW,0.0148,Puls 2,Puls 2,Puls 2,
2026_07,ZOOM,Agata,PW,0.0042,ZOOM,ZOOM,ZOOM [Zoom TV],
2026_07,History,Agata,PW,0.0036,History,History,HISTORY,
2026_07,Polsat Seriale,Agata,PW,0.0043,Polsat Seriale,Polsat Seriale,Polsat Seriale [Polsat Romans],
2026_07,SPI Kino Polska,Agata,PW,0.003,SPI Kino Polska,Kino Polska,Kino Polska,
2026_07,Novelas+,Agata,PW,0.0021,Novelas+,Novelas,Novelas,
2026_07,History2,Agata,PW,0.0019,History2,History2 [H2],HISTORY2 [H2],
2026_07,Ale Kino+,Agata,PW,0.0014,Ale Kino+,Ale Kino+,Ale Kino+ [Ale Kino],
2026_07,CI Polsat,Agata,PW,0.0011,CI Polsat,CI Polsat,CI Polsat [Polsat Crime & Investigation Network],
2026_07,NBCU SciFi Universal,Agata,PW,0.0005,NBCU SciFi Universal,Scifi Universal,Scifi Universal,
2026_07,SPI Kino Polska Muzyka,Agata,PW,0.0004,SPI Kino Polska Muzyka,Kino Polska Muzyka,Kino Polska Muzyka,
2026_07,Polsat Games,Agata,PW,0.0004,Polsat Games,Polsat Games,Polsat Games,
2026_07,FilmBox+ hits,Rafał,PW,0.0002,FilmBox+ hits,FILMBOX+ Hits,FILMBOX+ Hits [FILMBOX Premium],
2026_07,Sundance TV,Agata,PW,0.0001,Sundance TV,Sundance Channel,Sundance Channel,
2026_07,SPI Gametoon,Agata,PW,4e-05,SPI Gametoon,Gametoon,Gametoon,
2026_07,Golf Zone,Agata,PW,4e-05,Golf Zone,Golf Zone,Golf Zone [Golf Channel Polska],
2026_07,Novelas+1,Agata,PW,0.0001,Novelas+1,Novelas+1,Novelas+1 [DIZI],
2026_07,Stopklatka,Dariusz,PW,0.0109,Stopklatka,Stopklatka,Stopklatka,
2026_07,Polsat News,Dariusz,PW,0.0104,Polsat News,Polsat News,Polsat News,
2026_07,Wydarzenia24,Dariusz,PW,0.0104,Wydarzenia24,Wydarzenia24,Wydarzenia 24 [Superstacja],
2026_07,Polsat Film,Dariusz,PW,0.0062,Polsat Film,Polsat Film,Polsat Film,
2026_07,MiniMini+,Dariusz,PW,0.0019,MiniMini+,MiniMini+,MiniMini+ [MiniMini],
2026_07,Planete+,Dariusz,PW,0.0015,Planete+,Planete+,Planete+ [Planete],
2026_07,Polsat Doku,Dariusz,PW,0.0013,Polsat Doku,Polsat Doku,Polsat Doku,
2026_07,BBC CBeebies,Dariusz,PW,0.0012,BBC CBeebies,BBC CBeebies,BBC CBeebies,
2026_07,Polsat JimJam,Dariusz,PW,0.0011,Polsat JimJam,Polsat JimJam,Polsat JimJam [JimJam],
2026_07,Polsat News Polityka,Dariusz,PW,0.0005,Polsat News Polityka,Polsat News Polityka,Polsat News Polityka,
2026_07,Polsat News 2,Dariusz,PW,0.0007,Polsat News 2,Polsat News 2,Polsat News 2 [Polsat Biznes],
2026_07,teleTOON+,Dariusz,PW,0.0004,teleTOON+,teleTOON+,teleTOON+ [ZigZap/Hyper],
2026_07,Polsat Film 2,Dariusz,PW,0.0006,Polsat Film 2,Polsat Film 2,Polsat Film 2,
2026_07,Extreme Sports,Dariusz,PW,4e-05,Extreme Sports,Extreme Sports,Extreme Sports,
2026_07,Novela TV,Dariusz,PW,0.0001,Novela TV,Novela TV,Novela TV,
2026_07,DaVinci,Dariusz,PW,0.0001,DaVinci,Da Vinci,Da Vinci [Da Vinci Learning],
2026_07,DocuBox,Dariusz,PW,0.0001,DocuBox,DocuBox,DocuBox,
2026_07,Szóstka,Piotr,PW,0.0167,Szóstka,TV6,TV6,
2026_07,Super Polsat,Piotr,PW,0.0106,Super Polsat,Super Polsat,Super Polsat [Polsat Sport News],
2026_07,WPOLSCE24,Piotr,PW,0.0083,WPOLSCE24,wPolsce24,wPolsce24 [Telewizja WPOLSCE.PL],
2026_07,AXN,Piotr,PW,0.0034,AXN,AXN,AXN,
2026_07,BBC First,Piotr,PW,0.0021,BBC First,BBC First,BBC First [BBC HD],
2026_07,Stars.tv,Piotr,PW,0.002,Stars.tv,Stars.tv,Stars.tv,
2026_07,AXN Black,Piotr,PW,0.0011,AXN Black,AXN Black,AXN Black [AXN Sci-Fi],
2026_07,BBC Earth,Piotr,PW,0.0014,BBC Earth,BBC Earth,BBC Earth [BBC Knowledge],
2026_07,BBC Lifestyle,Piotr,PW,0.0006,BBC Lifestyle,BBC Lifestyle,BBC Lifestyle,
2026_07,Polsat Sport 3,Piotr,PW,0.0008,Polsat Sport 3,Polsat Sport 3,Polsat Sport 3 [Polsat Sport News HD],
2026_07,Polsat Rodzina,Piotr,PW,0.0007,Polsat Rodzina,Polsat Rodzina,Polsat Rodzina,
2026_07,AXN White,Piotr,PW,0.0006,AXN White,AXN White,AXN White [AXN Crime],
2026_07,BBC Brit,Piotr,PW,0.0005,BBC Brit,BBC Brit,BBC Brit [BBC Entertainment],
2026_07,Polsat Music,Piotr,PW,0.0005,Polsat Music,Polsat Music HD,Polsat Music HD [Muzo.tv],
2026_07,AXN Spin,Piotr,PW,0.0002,AXN Spin,AXN Spin,AXN Spin,
2026_07,CANAL+ Extra1,Piotr,PW,0.0004,CANAL+ Extra1,CANAL+ Extra 1,CANAL+ EXTRA 1,
2026_07,CANAL+ Extra2,Piotr,PW,0.0001,CANAL+ Extra2,CANAL+ Extra 2,CANAL+ EXTRA 2,
2026_07,Puls,Rafał,PW,0.0351,Puls,TV PULS,TV PULS [PULS],
2026_07,Eska TV,Rafał,PW,0.0044,Eska TV,Eska TV [8TV],Eska TV [8TV],
2026_07,Polsat Play,Rafał,PW,0.0032,Polsat Play,Polsat Play,Polsat Play,
2026_07,Polo TV,Rafał,PW,0.0029,Polo TV,Polo TV,Polo TV,
2026_07,FilmBox+ one,Rafał,PW,0.0023,FilmBox+ one,FILMBOX+ One,FILMBOX+ One [Kino TV],
2026_07,Polsat Sport 2,Rafał,PW,0.001,Polsat Sport 2,Polsat Sport 2,Polsat Sport 2 [Polsat Sport Extra],
2026_07,Kabaret TV,Rafał,PW,0.0015,Kabaret TV,Kabaret TV,Kabaret TV,
2026_07,Canal+ Sport5,Rafał,PW,0.001,Canal+ Sport5,Canal+ SPORT5,CANAL+ SPORT5 [nSport+],
2026_07,AMC,Rafał,PW,0.0021,AMC,AMC,AMC [MGM],
2026_07,Canal+ 360,Rafał,PW,0.0007,Canal+ 360,CANAL+ 360,Canal+ 360 [Canal+ Family],
2026_07,Polsat Reality,Rafał,PW,0.0005,Polsat Reality,Polsat Reality,Polsat Reality,
2026_07,Canal+ Sport,Rafał,PW,0.0006,Canal+ Sport,Canal+ Sport,CANAL+ SPORT [Canal+ Niebieski],
2026_07,Viasat True Crime,Rafał,PW,0.0003,Viasat True Crime,Viasat True Crime,Viasat True Crime,
2026_07,Polsat X,Rafał,PW,0.0004,Polsat X,Polsat X,Polsat X,
2026_07,Canal+ Sport4,Rafał,PW,0.0001,Canal+ Sport4,CANAL+ SPORT4,CANAL+ SPORT4,
2026_07,FilmBox+ action,Rafał,PW,0.0002,FilmBox+ action,FILMBOX+ Action,FILMBOX+ Action [FILMBOX Action],
2026_07,FilmBox+ emotion,Rafał,PW,0.0002,FilmBox+ emotion,FILMBOX+ Emotion,FILMBOX+ Emotion [FILMBOX Extra],
2026_07,FilmBox+ comedy,Rafał,PW,0.0003,FilmBox+ comedy,FILMBOX+ Comedy,FILMBOX+ Comedy [FILMBOX Family],
2026_07,TV Republika,Wiola,PW,0.0316,TV Republika,Republika,Republika [TV Republika],
2026_07,Czwórka,Wiola,PW,0.0279,Czwórka,TV4 pl,TV4,
2026_07,Polsat Cafe,Wiola,PW,0.0028,Polsat Cafe,Polsat Cafe,Polsat Cafe,
2026_07,4FUN.TV,Wiola,PW,0.0019,4FUN.TV,4FUN.TV,4FUN.TV [4fun.tv],
2026_07,Polsat Viasat History,Wiola,PW,0.0013,Polsat Viasat History,Polsat Viasat History,Polsat Viasat History [Viasat History],
2026_07,CANAL+ KUCHNIA,Wiola,PW,0.0012,CANAL+ KUCHNIA,CANAL+ KUCHNIA,CANAL+ KUCHNIA [kuchnia+],
2026_07,NBCU 13 Ulica,Wiola,PW,0.0015,NBCU 13 Ulica,13 Ulica,13 Ulica [13th Street Universal],
2026_07,Canal+ Domo,Wiola,PW,0.001,Canal+ Domo,CANAL+ DOMO,CANAL+ DOMO [Domo+],
2026_07,Viasat Epic Drama,Wiola,PW,0.0005,Viasat Epic Drama,Viasat Epic Drama,Viasat Epic Drama [Epic Drama],
2026_07,4FUN KIDS,Wiola,PW,0.0008,4FUN KIDS,4FUN KIDS,4FUN KIDS [4FUN GOLD],
2026_07,Polsat Viasat Explore,Wiola,PW,0.0006,Polsat Viasat Explore,Polsat Viasat Explore,Polsat Viasat Explore [Polsat Viasat Explorer],
2026_07,Polsat Viasat Nature,Wiola,PW,0.0005,Polsat Viasat Nature,Polsat Viasat Nature,Polsat Viasat Nature [Viasat Nature],
2026_07,4FUN DANCE,Wiola,PW,0.0005,4FUN DANCE,4FUN DANCE,4FUN DANCE [4FUN FIT&DANCE],
2026_07,NBCU E Entertainment,Wiola,PW,0.0001,NBCU E Entertainment,E!Entertainment,E!Entertainment [E!],
2026_07,ZERO,Wiola,PW,0.0016,ZERO,ZERO,ZERO,
2026_07,CANAL+ Seriale,Wiola,PW,0.0002,CANAL+ Seriale,Canal+ Seriale,Canal+ Seriale [Canal+ Film 2],
2026_07,CANAL+ Dokument,Wiola,PW,0.0002,CANAL+ Dokument,Canal+ Dokument,Canal+ Dokument [Canal+ Discovery],
2026_07,TVN,,PW,0.0715,TVN,TVN,TVN,
2026_07,TVP1,,PW,0.0525,TVP1,TVP1,TVP1,
2026_07,TVP2,,PW,0.0454,TVP2,TVP2,TVP2,
2026_07,Polsat,Maciej,WK,0.06849999999999999,Polsat,Polsat,Polsat,
2026_07,Polsat Sport 1,Adam,WK,0.006500000000000001,Polsat Sport 1,Polsat Sport 1,Polsat Sport 1 [Polsat Sport],
2026_07,Fokus TV,Adam,WK,0.0083,Fokus TV,Fokus TV,Fokus TV,
2026_07,Polsat 2,Adam,WK,0.0075,Polsat 2,Polsat2,Polsat2,
2026_07,WP,Adam,WK,0.0049,WP,WP,WP,
2026_07,Nowa TV,Adam,WK,0.0034000000000000002,Nowa TV,Nowa TV,Nowa TV,
2026_07,Eleven Sports 1,Adam,WK,0.0015,Eleven Sports 1,Eleven Sports 1,Eleven Sports 1 [Eleven],
2026_07,Canal+ Sport3,Adam,WK,0.0008,Canal+ Sport3,CANAL+ SPORT3,CANAL+ SPORT3,
2026_07,Disco Polo Music,Adam,WK,0.0004,Disco Polo Music,Disco Polo Music,Disco Polo Music,
2026_07,TELE5,Adam,WK,0.00065,TELE5,Tele5,Tele5,
2026_07,Eska TV Extra,Adam,WK,0.0005,Eska TV Extra,Eska Extra [Eska TV],Eska TV Extra [Eska TV],
2026_07,Vox Music TV,Adam,WK,0.0003,Vox Music TV,Vox Music TV,Vox Music TV,
2026_07,Canal+ Sport2,Adam,WK,0.00053,Canal+ Sport2,Canal+ Sport2,CANAL+ SPORT2,
2026_07,Eska Rock TV,Adam,WK,0.0002,Eska Rock TV,Eska Rock TV,Eska Rock TV [HIP HOP TV],
2026_07,POLONIA1,Adam,WK,0.0003,POLONIA1,Polonia 1,Polonia1,
2026_07,Eleven Sports 2,Adam,WK,0.0002,Eleven Sports 2,Eleven Sports 2,Eleven Sports 2 [Eleven Sports],
2026_07,Water Planet,Adam,WK,0.0001,Water Planet,Water Planet,Water Planet [CSB TV],
2026_07,TVT,Adam,WK,1e-05,TVT,TVT,TVT,
2026_07,Puls 2,Agata,WK,0.014199999999999999,Puls 2,Puls 2,Puls 2,
2026_07,ZOOM,Agata,WK,0.0040999999999999995,ZOOM,ZOOM,ZOOM [Zoom TV],
2026_07,History,Agata,WK,0.0039000000000000003,History,History,HISTORY,
2026_07,Polsat Seriale,Agata,WK,0.004,Polsat Seriale,Polsat Seriale,Polsat Seriale [Polsat Romans],
2026_07,SPI Kino Polska,Agata,WK,0.0029,SPI Kino Polska,Kino Polska,Kino Polska,
2026_07,Novelas+,Agata,WK,0.0017000000000000001,Novelas+,Novelas,Novelas,
2026_07,History2,Agata,WK,0.0021,History2,History2 [H2],HISTORY2 [H2],
2026_07,Ale Kino+,Agata,WK,0.0013,Ale Kino+,Ale Kino+,Ale Kino+ [Ale Kino],
2026_07,CI Polsat,Agata,WK,0.001,CI Polsat,CI Polsat,CI Polsat [Polsat Crime & Investigation Network],
2026_07,NBCU SciFi Universal,Agata,WK,0.0006,NBCU SciFi Universal,Scifi Universal,Scifi Universal,
2026_07,SPI Kino Polska Muzyka,Agata,WK,0.0004,SPI Kino Polska Muzyka,Kino Polska Muzyka,Kino Polska Muzyka,
2026_07,Polsat Games,Agata,WK,0.0003,Polsat Games,Polsat Games,Polsat Games,
2026_07,FilmBox+ hits,Rafał,WK,0.0002,FilmBox+ hits,FILMBOX+ Hits,FILMBOX+ Hits [FILMBOX Premium],
2026_07,Sundance TV,Agata,WK,0.00015,Sundance TV,Sundance Channel,Sundance Channel,
2026_07,SPI Gametoon,Agata,WK,1e-05,SPI Gametoon,Gametoon,Gametoon,
2026_07,Golf Zone,Agata,WK,1e-05,Golf Zone,Golf Zone,Golf Zone [Golf Channel Polska],
2026_07,Novelas+1,Agata,WK,0.0001,Novelas+1,Novelas+1,Novelas+1 [DIZI],
2026_07,Stopklatka,Dariusz,WK,0.0109,Stopklatka,Stopklatka,Stopklatka,
2026_07,Polsat News,Dariusz,WK,0.0105,Polsat News,Polsat News,Polsat News,
2026_07,Wydarzenia24,Dariusz,WK,0.0102,Wydarzenia24,Wydarzenia24,Wydarzenia 24 [Superstacja],
2026_07,Polsat Film,Dariusz,WK,0.0053,Polsat Film,Polsat Film,Polsat Film,
2026_07,MiniMini+,Dariusz,WK,0.002,MiniMini+,MiniMini+,MiniMini+ [MiniMini],
2026_07,Planete+,Dariusz,WK,0.0014000000000000002,Planete+,Planete+,Planete+ [Planete],
2026_07,Polsat Doku,Dariusz,WK,0.0012,Polsat Doku,Polsat Doku,Polsat Doku,
2026_07,BBC CBeebies,Dariusz,WK,0.0013,BBC CBeebies,BBC CBeebies,BBC CBeebies,
2026_07,Polsat JimJam,Dariusz,WK,0.001,Polsat JimJam,Polsat JimJam,Polsat JimJam [JimJam],
2026_07,Polsat News Polityka,Dariusz,WK,0.0005,Polsat News Polityka,Polsat News Polityka,Polsat News Polityka,
2026_07,Polsat News 2,Dariusz,WK,0.0008,Polsat News 2,Polsat News 2,Polsat News 2 [Polsat Biznes],
2026_07,teleTOON+,Dariusz,WK,0.0003,teleTOON+,teleTOON+,teleTOON+ [ZigZap/Hyper],
2026_07,Polsat Film 2,Dariusz,WK,0.0004,Polsat Film 2,Polsat Film 2,Polsat Film 2,
2026_07,Extreme Sports,Dariusz,WK,1e-05,Extreme Sports,Extreme Sports,Extreme Sports,
2026_07,Novela TV,Dariusz,WK,0.0001,Novela TV,Novela TV,Novela TV,
2026_07,DaVinci,Dariusz,WK,0.0001,DaVinci,Da Vinci,Da Vinci [Da Vinci Learning],
2026_07,DocuBox,Dariusz,WK,0.0001,DocuBox,DocuBox,DocuBox,
2026_07,Szóstka,Piotr,WK,0.0172,Szóstka,TV6,TV6,
2026_07,Super Polsat,Piotr,WK,0.010700000000000001,Super Polsat,Super Polsat,Super Polsat [Polsat Sport News],
2026_07,WPOLSCE24,Piotr,WK,0.008100000000000001,WPOLSCE24,wPolsce24,wPolsce24 [Telewizja WPOLSCE.PL],
2026_07,AXN,Piotr,WK,0.003,AXN,AXN,AXN,
2026_07,BBC First,Piotr,WK,0.0021,BBC First,BBC First,BBC First [BBC HD],
2026_07,Stars.tv,Piotr,WK,0.0019,Stars.tv,Stars.tv,Stars.tv,
2026_07,AXN Black,Piotr,WK,0.001,AXN Black,AXN Black,AXN Black [AXN Sci-Fi],
2026_07,BBC Earth,Piotr,WK,0.0012,BBC Earth,BBC Earth,BBC Earth [BBC Knowledge],
2026_07,BBC Lifestyle,Piotr,WK,0.0006,BBC Lifestyle,BBC Lifestyle,BBC Lifestyle,
2026_07,Polsat Sport 3,Piotr,WK,0.0007000000000000001,Polsat Sport 3,Polsat Sport 3,Polsat Sport 3 [Polsat Sport News HD],
2026_07,Polsat Rodzina,Piotr,WK,0.0008,Polsat Rodzina,Polsat Rodzina,Polsat Rodzina,
2026_07,AXN White,Piotr,WK,0.0006,AXN White,AXN White,AXN White [AXN Crime],
2026_07,BBC Brit,Piotr,WK,0.0006,BBC Brit,BBC Brit,BBC Brit [BBC Entertainment],
2026_07,Polsat Music,Piotr,WK,0.0005,Polsat Music,Polsat Music HD,Polsat Music HD [Muzo.tv],
2026_07,AXN Spin,Piotr,WK,0.0001,AXN Spin,AXN Spin,AXN Spin,
2026_07,CANAL+ Extra1,Piotr,WK,0.0001,CANAL+ Extra1,CANAL+ Extra 1,CANAL+ EXTRA 1,
2026_07,CANAL+ Extra2,Piotr,WK,0.0001,CANAL+ Extra2,CANAL+ Extra 2,CANAL+ EXTRA 2,
2026_07,Puls,Rafał,WK,0.0341,Puls,TV PULS,TV PULS [PULS],
2026_07,Eska TV,Rafał,WK,0.0042,Eska TV,Eska TV [8TV],Eska TV [8TV],
2026_07,Polsat Play,Rafał,WK,0.0034000000000000002,Polsat Play,Polsat Play,Polsat Play,
2026_07,Polo TV,Rafał,WK,0.003,Polo TV,Polo TV,Polo TV,
2026_07,FilmBox+ one,Rafał,WK,0.0025,FilmBox+ one,FILMBOX+ One,FILMBOX+ One [Kino TV],
2026_07,Polsat Sport 2,Rafał,WK,0.0009,Polsat Sport 2,Polsat Sport 2,Polsat Sport 2 [Polsat Sport Extra],
2026_07,Kabaret TV,Rafał,WK,0.0017000000000000001,Kabaret TV,Kabaret TV,Kabaret TV,
2026_07,Canal+ Sport5,Rafał,WK,0.0015,Canal+ Sport5,Canal+ SPORT5,CANAL+ SPORT5 [nSport+],
2026_07,AMC,Rafał,WK,0.0021,AMC,AMC,AMC [MGM],
2026_07,Canal+ 360,Rafał,WK,0.0007000000000000001,Canal+ 360,CANAL+ 360,Canal+ 360 [Canal+ Family],
2026_07,Polsat Reality,Rafał,WK,0.0005,Polsat Reality,Polsat Reality,Polsat Reality,
2026_07,Canal+ Sport,Rafał,WK,0.0006,Canal+ Sport,Canal+ Sport,CANAL+ SPORT [Canal+ Niebieski],
2026_07,Viasat True Crime,Rafał,WK,0.0003,Viasat True Crime,Viasat True Crime,Viasat True Crime,
2026_07,Polsat X,Rafał,WK,0.0003,Polsat X,Polsat X,Polsat X,
2026_07,Canal+ Sport4,Rafał,WK,0.0001,Canal+ Sport4,CANAL+ SPORT4,CANAL+ SPORT4,
2026_07,FilmBox+ action,Rafał,WK,0.0002,FilmBox+ action,FILMBOX+ Action,FILMBOX+ Action [FILMBOX Action],
2026_07,FilmBox+ emotion,Rafał,WK,0.0002,FilmBox+ emotion,FILMBOX+ Emotion,FILMBOX+ Emotion [FILMBOX Extra],
2026_07,FilmBox+ comedy,Rafał,WK,0.0002,FilmBox+ comedy,FILMBOX+ Comedy,FILMBOX+ Comedy [FILMBOX Family],
2026_07,TV Republika,Wiola,WK,0.0319,TV Republika,Republika,Republika [TV Republika],
2026_07,Czwórka,Wiola,WK,0.029500000000000002,Czwórka,TV4 pl,TV4,
2026_07,Polsat Cafe,Wiola,WK,0.0026,Polsat Cafe,Polsat Cafe,Polsat Cafe,
2026_07,4FUN.TV,Wiola,WK,0.0018,4FUN.TV,4FUN.TV,4FUN.TV [4fun.tv],
2026_07,Polsat Viasat History,Wiola,WK,0.0011,Polsat Viasat History,Polsat Viasat History,Polsat Viasat History [Viasat History],
2026_07,CANAL+ KUCHNIA,Wiola,WK,0.0011,CANAL+ KUCHNIA,CANAL+ KUCHNIA,CANAL+ KUCHNIA [kuchnia+],
2026_07,NBCU 13 Ulica,Wiola,WK,0.0014000000000000002,NBCU 13 Ulica,13 Ulica,13 Ulica [13th Street Universal],
2026_07,Canal+ Domo,Wiola,WK,0.001,Canal+ Domo,CANAL+ DOMO,CANAL+ DOMO [Domo+],
2026_07,Viasat Epic Drama,Wiola,WK,0.0005,Viasat Epic Drama,Viasat Epic Drama,Viasat Epic Drama [Epic Drama],
2026_07,4FUN KIDS,Wiola,WK,0.001,4FUN KIDS,4FUN KIDS,4FUN KIDS [4FUN GOLD],
2026_07,Polsat Viasat Explore,Wiola,WK,0.0008,Polsat Viasat Explore,Polsat Viasat Explore,Polsat Viasat Explore [Polsat Viasat Explorer],
2026_07,Polsat Viasat Nature,Wiola,WK,0.00054,Polsat Viasat Nature,Polsat Viasat Nature,Polsat Viasat Nature [Viasat Nature],
2026_07,4FUN DANCE,Wiola,WK,0.0006,4FUN DANCE,4FUN DANCE,4FUN DANCE [4FUN FIT&DANCE],
2026_07,NBCU E Entertainment,Wiola,WK,0.0001,NBCU E Entertainment,E!Entertainment,E!Entertainment [E!],
2026_07,ZERO,Wiola,WK,0.0014000000000000002,ZERO,ZERO,ZERO,
2026_07,CANAL+ Seriale,Wiola,WK,0.00015,CANAL+ Seriale,Canal+ Seriale,Canal+ Seriale [Canal+ Film 2],
2026_07,CANAL+ Dokument,Wiola,WK,0.0002,CANAL+ Dokument,Canal+ Dokument,Canal+ Dokument [Canal+ Discovery],
2026_07,TVN,,WK,0.075,TVN,TVN,TVN,
2026_07,TVP1,,WK,0.0555,TVP1,TVP1,TVP1,
2026_07,TVP2,,WK,0.0425,TVP2,TVP2,TVP2,
